date,route,fare_class,tickets_sold,price,revenue
2024-01-01,DEL-BOM,Economy,122,3860,470920
2024-01-01,DEL-BOM,Premium,40,8169,326760
2024-01-01,DEL-BOM,Business,94,18322,1722268
2024-01-01,DEL-BLR,Economy,169,3769,636961
2024-01-01,DEL-BLR,Premium,149,6955,1036295
2024-01-01,DEL-BLR,Business,180,16396,2951280
2024-01-01,BOM-BLR,Economy,108,3474,375192
2024-01-01,BOM-BLR,Premium,189,9547,1804383
2024-01-01,BOM-BLR,Business,34,12734,432956
2024-01-01,DEL-HYD,Economy,70,4899,342930
2024-01-01,DEL-HYD,Premium,83,9202,763766
2024-01-01,DEL-HYD,Business,70,15393,1077510
2024-01-01,BLR-HYD,Economy,151,3600,543600
2024-01-01,BLR-HYD,Premium,28,8945,250460
2024-01-01,BLR-HYD,Business,111,19670,2183370
2024-01-02,DEL-BOM,Economy,191,5556,1061196
2024-01-02,DEL-BOM,Premium,100,7585,758500
2024-01-02,DEL-BOM,Business,151,13843,2090293
2024-01-02,DEL-BLR,Economy,73,4500,328500
2024-01-02,DEL-BLR,Premium,63,6201,390663
2024-01-02,DEL-BLR,Business,33,17629,581757
2024-01-02,BOM-BLR,Economy,59,5767,340253
2024-01-02,BOM-BLR,Premium,130,6791,882830
2024-01-02,BOM-BLR,Business,143,15276,2184468
2024-01-02,DEL-HYD,Economy,34,3064,104176
2024-01-02,DEL-HYD,Premium,28,7152,200256
2024-01-02,DEL-HYD,Business,155,15258,2364990
2024-01-02,BLR-HYD,Economy,100,3391,339100
2024-01-02,BLR-HYD,Premium,60,6200,372000
2024-01-02,BLR-HYD,Business,67,18996,1272732
2024-01-03,DEL-BOM,Economy,118,5731,676258
2024-01-03,DEL-BOM,Premium,54,9810,529740
2024-01-03,DEL-BOM,Business,150,10502,1575300
2024-01-03,DEL-BLR,Economy,161,3870,623070
2024-01-03,DEL-BLR,Premium,34,9625,327250
2024-01-03,DEL-BLR,Business,198,17408,3446784
2024-01-03,BOM-BLR,Economy,71,4020,285420
2024-01-03,BOM-BLR,Premium,170,8796,1495320
2024-01-03,BOM-BLR,Business,190,16668,3166920
2024-01-03,DEL-HYD,Economy,179,4722,845238
2024-01-03,DEL-HYD,Premium,47,8729,410263
2024-01-03,DEL-HYD,Business,153,13627,2084931
2024-01-03,BLR-HYD,Economy,103,4981,513043
2024-01-03,BLR-HYD,Premium,111,9302,1032522
2024-01-03,BLR-HYD,Business,148,16776,2482848
2024-01-04,DEL-BOM,Economy,135,3972,536220
2024-01-04,DEL-BOM,Premium,122,7479,912438
2024-01-04,DEL-BOM,Business,156,10663,1663428
2024-01-04,DEL-BLR,Economy,78,4631,361218
2024-01-04,DEL-BLR,Premium,199,7853,1562747
2024-01-04,DEL-BLR,Business,71,17554,1246334
2024-01-04,BOM-BLR,Economy,132,4636,611952
2024-01-04,BOM-BLR,Premium,132,6641,876612
2024-01-04,BOM-BLR,Business,148,15172,2245456
2024-01-04,DEL-HYD,Economy,191,5777,1103407
2024-01-04,DEL-HYD,Premium,179,6835,1223465
2024-01-04,DEL-HYD,Business,142,14389,2043238
2024-01-04,BLR-HYD,Economy,43,5931,255033
2024-01-04,BLR-HYD,Premium,158,8191,1294178
2024-01-04,BLR-HYD,Business,143,12511,1789073
2024-01-05,DEL-BOM,Economy,112,4794,536928
2024-01-05,DEL-BOM,Premium,183,7369,1348527
2024-01-05,DEL-BOM,Business,166,11843,1965938
2024-01-05,DEL-BLR,Economy,180,4959,892620
2024-01-05,DEL-BLR,Premium,101,6640,670640
2024-01-05,DEL-BLR,Business,197,14061,2770017
2024-01-05,BOM-BLR,Economy,61,4634,282674
2024-01-05,BOM-BLR,Premium,109,7016,764744
2024-01-05,BOM-BLR,Business,148,14548,2153104
2024-01-05,DEL-HYD,Economy,56,4183,234248
2024-01-05,DEL-HYD,Premium,118,8863,1045834
2024-01-05,DEL-HYD,Business,150,16197,2429550
2024-01-05,BLR-HYD,Economy,139,4696,652744
2024-01-05,BLR-HYD,Premium,183,6103,1116849
2024-01-05,BLR-HYD,Business,131,10098,1322838
2024-01-06,DEL-BOM,Economy,172,4884,840048
2024-01-06,DEL-BOM,Premium,101,9234,932634
2024-01-06,DEL-BOM,Business,188,16944,3185472
2024-01-06,DEL-BLR,Economy,161,4300,692300
2024-01-06,DEL-BLR,Premium,147,7158,1052226
2024-01-06,DEL-BLR,Business,164,14555,2387020
2024-01-06,BOM-BLR,Economy,134,3469,464846
2024-01-06,BOM-BLR,Premium,177,8277,1465029
2024-01-06,BOM-BLR,Business,70,13354,934780
2024-01-06,DEL-HYD,Economy,46,3225,148350
2024-01-06,DEL-HYD,Premium,116,8926,1035416
2024-01-06,DEL-HYD,Business,80,17683,1414640
2024-01-06,BLR-HYD,Economy,54,4215,227610
2024-01-06,BLR-HYD,Premium,36,8205,295380
2024-01-06,BLR-HYD,Business,136,11060,1504160
2024-01-07,DEL-BOM,Economy,43,5544,238392
2024-01-07,DEL-BOM,Premium,118,6992,825056
2024-01-07,DEL-BOM,Business,179,13327,2385533
2024-01-07,DEL-BLR,Economy,86,3127,268922
2024-01-07,DEL-BLR,Premium,73,7346,536258
2024-01-07,DEL-BLR,Business,193,14014,2704702
2024-01-07,BOM-BLR,Economy,105,4686,492030
2024-01-07,BOM-BLR,Premium,174,7409,1289166
2024-01-07,BOM-BLR,Business,123,17206,2116338
2024-01-07,DEL-HYD,Economy,189,5806,1097334
2024-01-07,DEL-HYD,Premium,69,8455,583395
2024-01-07,DEL-HYD,Business,79,17992,1421368
2024-01-07,BLR-HYD,Economy,55,3684,202620
2024-01-07,BLR-HYD,Premium,27,6399,172773
2024-01-07,BLR-HYD,Business,134,15919,2133146
2024-01-08,DEL-BOM,Economy,105,3050,320250
2024-01-08,DEL-BOM,Premium,82,8197,672154
2024-01-08,DEL-BOM,Business,77,14777,1137829
2024-01-08,DEL-BLR,Economy,89,4077,362853
2024-01-08,DEL-BLR,Premium,120,9124,1094880
2024-01-08,DEL-BLR,Business,127,15315,1945005
2024-01-08,BOM-BLR,Economy,25,3876,96900
2024-01-08,BOM-BLR,Premium,113,8914,1007282
2024-01-08,BOM-BLR,Business,187,14465,2704955
2024-01-08,DEL-HYD,Economy,143,4129,590447
2024-01-08,DEL-HYD,Premium,164,6830,1120120
2024-01-08,DEL-HYD,Business,109,18308,1995572
2024-01-08,BLR-HYD,Economy,81,5838,472878
2024-01-08,BLR-HYD,Premium,159,7664,1218576
2024-01-08,BLR-HYD,Business,141,17805,2510505
2024-01-09,DEL-BOM,Economy,137,3559,487583
2024-01-09,DEL-BOM,Premium,136,9343,1270648
2024-01-09,DEL-BOM,Business,88,18130,1595440
2024-01-09,DEL-BLR,Economy,95,3153,299535
2024-01-09,DEL-BLR,Premium,105,9356,982380
2024-01-09,DEL-BLR,Business,88,16617,1462296
2024-01-09,BOM-BLR,Economy,195,5388,1050660
2024-01-09,BOM-BLR,Premium,52,6356,330512
2024-01-09,BOM-BLR,Business,29,12849,372621
2024-01-09,DEL-HYD,Economy,199,5809,1155991
2024-01-09,DEL-HYD,Premium,115,7015,806725
2024-01-09,DEL-HYD,Business,23,15878,365194
2024-01-09,BLR-HYD,Economy,21,3496,73416
2024-01-09,BLR-HYD,Premium,103,7931,816893
2024-01-09,BLR-HYD,Business,182,14000,2548000
2024-01-10,DEL-BOM,Economy,198,4636,917928
2024-01-10,DEL-BOM,Premium,84,7191,604044
2024-01-10,DEL-BOM,Business,62,14107,874634
2024-01-10,DEL-BLR,Economy,114,5546,632244
2024-01-10,DEL-BLR,Premium,100,6775,677500
2024-01-10,DEL-BLR,Business,173,10417,1802141
2024-01-10,BOM-BLR,Economy,134,3616,484544
2024-01-10,BOM-BLR,Premium,77,7516,578732
2024-01-10,BOM-BLR,Business,139,17164,2385796
2024-01-10,DEL-HYD,Economy,183,4892,895236
2024-01-10,DEL-HYD,Premium,196,7571,1483916
2024-01-10,DEL-HYD,Business,115,17357,1996055
2024-01-10,BLR-HYD,Economy,56,4548,254688
2024-01-10,BLR-HYD,Premium,124,7296,904704
2024-01-10,BLR-HYD,Business,131,14492,1898452
2024-01-11,DEL-BOM,Economy,38,5224,198512
2024-01-11,DEL-BOM,Premium,166,6264,1039824
2024-01-11,DEL-BOM,Business,47,14946,702462
2024-01-11,DEL-BLR,Economy,130,3143,408590
2024-01-11,DEL-BLR,Premium,159,8938,1421142
2024-01-11,DEL-BLR,Business,72,11062,796464
2024-01-11,BOM-BLR,Economy,128,4065,520320
2024-01-11,BOM-BLR,Premium,141,9234,1301994
2024-01-11,BOM-BLR,Business,94,16731,1572714
2024-01-11,DEL-HYD,Economy,28,3953,110684
2024-01-11,DEL-HYD,Premium,26,7676,199576
2024-01-11,DEL-HYD,Business,189,16938,3201282
2024-01-11,BLR-HYD,Economy,141,4217,594597
2024-01-11,BLR-HYD,Premium,184,8386,1543024
2024-01-11,BLR-HYD,Business,84,19872,1669248
2024-01-12,DEL-BOM,Economy,90,3216,289440
2024-01-12,DEL-BOM,Premium,55,8492,467060
2024-01-12,DEL-BOM,Business,186,15977,2971722
2024-01-12,DEL-BLR,Economy,38,3038,115444
2024-01-12,DEL-BLR,Premium,160,7243,1158880
2024-01-12,DEL-BLR,Business,77,18647,1435819
2024-01-12,BOM-BLR,Economy,80,3894,311520
2024-01-12,BOM-BLR,Premium,150,8395,1259250
2024-01-12,BOM-BLR,Business,132,15029,1983828
2024-01-12,DEL-HYD,Economy,136,3133,426088
2024-01-12,DEL-HYD,Premium,192,8220,1578240
2024-01-12,DEL-HYD,Business,66,15348,1012968
2024-01-12,BLR-HYD,Economy,183,4250,777750
2024-01-12,BLR-HYD,Premium,68,7166,487288
2024-01-12,BLR-HYD,Business,20,18053,361060
2024-01-13,DEL-BOM,Economy,22,5703,125466
2024-01-13,DEL-BOM,Premium,31,8783,272273
2024-01-13,DEL-BOM,Business,121,19337,2339777
2024-01-13,DEL-BLR,Economy,111,5723,635253
2024-01-13,DEL-BLR,Premium,79,8779,693541
2024-01-13,DEL-BLR,Business,60,16042,962520
2024-01-13,BOM-BLR,Economy,164,4224,692736
2024-01-13,BOM-BLR,Premium,176,7581,1334256
2024-01-13,BOM-BLR,Business,153,10255,1569015
2024-01-13,DEL-HYD,Economy,66,4944,326304
2024-01-13,DEL-HYD,Premium,75,9313,698475
2024-01-13,DEL-HYD,Business,128,11015,1409920
2024-01-13,BLR-HYD,Economy,52,3373,175396
2024-01-13,BLR-HYD,Premium,196,6852,1342992
2024-01-13,BLR-HYD,Business,82,16970,1391540
2024-01-14,DEL-BOM,Economy,46,3688,169648
2024-01-14,DEL-BOM,Premium,117,9170,1072890
2024-01-14,DEL-BOM,Business,148,12000,1776000
2024-01-14,DEL-BLR,Economy,114,4668,532152
2024-01-14,DEL-BLR,Premium,42,6713,281946
2024-01-14,DEL-BLR,Business,164,12048,1975872
2024-01-14,BOM-BLR,Economy,70,3684,257880
2024-01-14,BOM-BLR,Premium,132,7823,1032636
2024-01-14,BOM-BLR,Business,114,10249,1168386
2024-01-14,DEL-HYD,Economy,181,3437,622097
2024-01-14,DEL-HYD,Premium,142,7984,1133728
2024-01-14,DEL-HYD,Business,152,16544,2514688
2024-01-14,BLR-HYD,Economy,131,5814,761634
2024-01-14,BLR-HYD,Premium,104,8122,844688
2024-01-14,BLR-HYD,Business,122,16949,2067778
2024-01-15,DEL-BOM,Economy,69,5145,355005
2024-01-15,DEL-BOM,Premium,98,8482,831236
2024-01-15,DEL-BOM,Business,185,14637,2707845
2024-01-15,DEL-BLR,Economy,125,5128,641000
2024-01-15,DEL-BLR,Premium,151,8231,1242881
2024-01-15,DEL-BLR,Business,93,15971,1485303
2024-01-15,BOM-BLR,Economy,88,5593,492184
2024-01-15,BOM-BLR,Premium,145,9823,1424335
2024-01-15,BOM-BLR,Business,130,17350,2255500
2024-01-15,DEL-HYD,Economy,99,5142,509058
2024-01-15,DEL-HYD,Premium,27,6359,171693
2024-01-15,DEL-HYD,Business,44,10666,469304
2024-01-15,BLR-HYD,Economy,112,3671,411152
2024-01-15,BLR-HYD,Premium,70,7489,524230
2024-01-15,BLR-HYD,Business,80,16981,1358480
2024-01-16,DEL-BOM,Economy,20,5692,113840
2024-01-16,DEL-BOM,Premium,109,7968,868512
2024-01-16,DEL-BOM,Business,64,16190,1036160
2024-01-16,DEL-BLR,Economy,140,5261,736540
2024-01-16,DEL-BLR,Premium,126,6047,761922
2024-01-16,DEL-BLR,Business,100,11276,1127600
2024-01-16,BOM-BLR,Economy,199,5766,1147434
2024-01-16,BOM-BLR,Premium,75,6525,489375
2024-01-16,BOM-BLR,Business,97,14621,1418237
2024-01-16,DEL-HYD,Economy,75,3882,291150
2024-01-16,DEL-HYD,Premium,130,8797,1143610
2024-01-16,DEL-HYD,Business,37,11906,440522
2024-01-16,BLR-HYD,Economy,34,4215,143310
2024-01-16,BLR-HYD,Premium,58,7296,423168
2024-01-16,BLR-HYD,Business,145,16288,2361760
2024-01-17,DEL-BOM,Economy,32,5072,162304
2024-01-17,DEL-BOM,Premium,86,8156,701416
2024-01-17,DEL-BOM,Business,130,19685,2559050
2024-01-17,DEL-BLR,Economy,53,3622,191966
2024-01-17,DEL-BLR,Premium,102,8660,883320
2024-01-17,DEL-BLR,Business,45,10876,489420
2024-01-17,BOM-BLR,Economy,140,4312,603680
2024-01-17,BOM-BLR,Premium,89,8671,771719
2024-01-17,BOM-BLR,Business,81,13735,1112535
2024-01-17,DEL-HYD,Economy,74,4160,307840
2024-01-17,DEL-HYD,Premium,50,6228,311400
2024-01-17,DEL-HYD,Business,25,18195,454875
2024-01-17,BLR-HYD,Economy,98,3645,357210
2024-01-17,BLR-HYD,Premium,198,7464,1477872
2024-01-17,BLR-HYD,Business,98,16316,1598968
2024-01-18,DEL-BOM,Economy,63,4668,294084
2024-01-18,DEL-BOM,Premium,87,6723,584901
2024-01-18,DEL-BOM,Business,39,12048,469872
2024-01-18,DEL-BLR,Economy,109,3653,398177
2024-01-18,DEL-BLR,Premium,56,6138,343728
2024-01-18,DEL-BLR,Business,22,10009,220198
2024-01-18,BOM-BLR,Economy,24,4942,118608
2024-01-18,BOM-BLR,Premium,149,7191,1071459
2024-01-18,BOM-BLR,Business,84,12832,1077888
2024-01-18,DEL-HYD,Economy,28,4994,139832
2024-01-18,DEL-HYD,Premium,113,9888,1117344
2024-01-18,DEL-HYD,Business,81,11908,964548
2024-01-18,BLR-HYD,Economy,139,4160,578240
2024-01-18,BLR-HYD,Premium,54,7319,395226
2024-01-18,BLR-HYD,Business,169,18007,3043183
2024-01-19,DEL-BOM,Economy,30,3872,116160
2024-01-19,DEL-BOM,Premium,79,7314,577806
2024-01-19,DEL-BOM,Business,184,17546,3228464
2024-01-19,DEL-BLR,Economy,97,5621,545237
2024-01-19,DEL-BLR,Premium,61,8449,515389
2024-01-19,DEL-BLR,Business,123,17804,2189892
2024-01-19,BOM-BLR,Economy,185,4888,904280
2024-01-19,BOM-BLR,Premium,162,8712,1411344
2024-01-19,BOM-BLR,Business,72,11970,861840
2024-01-19,DEL-HYD,Economy,153,5626,860778
2024-01-19,DEL-HYD,Premium,61,9571,583831
2024-01-19,DEL-HYD,Business,176,18669,3285744
2024-01-19,BLR-HYD,Economy,174,3419,594906
2024-01-19,BLR-HYD,Premium,174,8336,1450464
2024-01-19,BLR-HYD,Business,105,14612,1534260
2024-01-20,DEL-BOM,Economy,142,4865,690830
2024-01-20,DEL-BOM,Premium,178,8275,1472950
2024-01-20,DEL-BOM,Business,199,13719,2730081
2024-01-20,DEL-BLR,Economy,24,5094,122256
2024-01-20,DEL-BLR,Premium,192,9482,1820544
2024-01-20,DEL-BLR,Business,134,10793,1446262
2024-01-20,BOM-BLR,Economy,62,5116,317192
2024-01-20,BOM-BLR,Premium,66,8349,551034
2024-01-20,BOM-BLR,Business,159,17783,2827497
2024-01-20,DEL-HYD,Economy,130,4639,603070
2024-01-20,DEL-HYD,Premium,119,9204,1095276
2024-01-20,DEL-HYD,Business,91,18795,1710345
2024-01-20,BLR-HYD,Economy,50,4928,246400
2024-01-20,BLR-HYD,Premium,48,7430,356640
2024-01-20,BLR-HYD,Business,65,13417,872105
2024-01-21,DEL-BOM,Economy,129,5467,705243
2024-01-21,DEL-BOM,Premium,76,6566,499016
2024-01-21,DEL-BOM,Business,187,17112,3199944
2024-01-21,DEL-BLR,Economy,72,3201,230472
2024-01-21,DEL-BLR,Premium,136,9874,1342864
2024-01-21,DEL-BLR,Business,44,17973,790812
2024-01-21,BOM-BLR,Economy,149,3474,517626
2024-01-21,BOM-BLR,Premium,36,6938,249768
2024-01-21,BOM-BLR,Business,127,11205,1423035
2024-01-21,DEL-HYD,Economy,171,3024,517104
2024-01-21,DEL-HYD,Premium,107,8224,879968
2024-01-21,DEL-HYD,Business,82,12713,1042466
2024-01-21,BLR-HYD,Economy,175,4492,786100
2024-01-21,BLR-HYD,Premium,100,9432,943200
2024-01-21,BLR-HYD,Business,167,15182,2535394
2024-01-22,DEL-BOM,Economy,123,5608,689784
2024-01-22,DEL-BOM,Premium,160,8262,1321920
2024-01-22,DEL-BOM,Business,142,12079,1715218
2024-01-22,DEL-BLR,Economy,177,5332,943764
2024-01-22,DEL-BLR,Premium,49,6768,331632
2024-01-22,DEL-BLR,Business,194,15083,2926102
2024-01-22,BOM-BLR,Economy,132,5161,681252
2024-01-22,BOM-BLR,Premium,198,9715,1923570
2024-01-22,BOM-BLR,Business,27,18038,487026
2024-01-22,DEL-HYD,Economy,150,3799,569850
2024-01-22,DEL-HYD,Premium,129,9451,1219179
2024-01-22,DEL-HYD,Business,51,10832,552432
2024-01-22,BLR-HYD,Economy,76,5806,441256
2024-01-22,BLR-HYD,Premium,73,9310,679630
2024-01-22,BLR-HYD,Business,86,17970,1545420
2024-01-23,DEL-BOM,Economy,115,4111,472765
2024-01-23,DEL-BOM,Premium,139,8538,1186782
2024-01-23,DEL-BOM,Business,184,15005,2760920
2024-01-23,DEL-BLR,Economy,74,3943,291782
2024-01-23,DEL-BLR,Premium,93,9744,906192
2024-01-23,DEL-BLR,Business,104,13452,1399008
2024-01-23,BOM-BLR,Economy,166,4571,758786
2024-01-23,BOM-BLR,Premium,21,8862,186102
2024-01-23,BOM-BLR,Business,167,11409,1905303
2024-01-23,DEL-HYD,Economy,138,3395,468510
2024-01-23,DEL-HYD,Premium,185,7757,1435045
2024-01-23,DEL-HYD,Business,118,11387,1343666
2024-01-23,BLR-HYD,Economy,43,3592,154456
2024-01-23,BLR-HYD,Premium,78,6735,525330
2024-01-23,BLR-HYD,Business,133,12599,1675667
2024-01-24,DEL-BOM,Economy,44,4781,210364
2024-01-24,DEL-BOM,Premium,23,6441,148143
2024-01-24,DEL-BOM,Business,94,15475,1454650
2024-01-24,DEL-BLR,Economy,60,5981,358860
2024-01-24,DEL-BLR,Premium,184,6587,1212008
2024-01-24,DEL-BLR,Business,136,17992,2446912
2024-01-24,BOM-BLR,Economy,50,3645,182250
2024-01-24,BOM-BLR,Premium,117,7772,909324
2024-01-24,BOM-BLR,Business,72,19900,1432800
2024-01-24,DEL-HYD,Economy,164,5969,978916
2024-01-24,DEL-HYD,Premium,141,6129,864189
2024-01-24,DEL-HYD,Business,73,12866,939218
2024-01-24,BLR-HYD,Economy,55,4394,241670
2024-01-24,BLR-HYD,Premium,168,8058,1353744
2024-01-24,BLR-HYD,Business,183,19442,3557886
2024-01-25,DEL-BOM,Economy,73,3097,226081
2024-01-25,DEL-BOM,Premium,171,6405,1095255
2024-01-25,DEL-BOM,Business,75,17715,1328625
2024-01-25,DEL-BLR,Economy,167,4762,795254
2024-01-25,DEL-BLR,Premium,128,6481,829568
2024-01-25,DEL-BLR,Business,92,15136,1392512
2024-01-25,BOM-BLR,Economy,148,4240,627520
2024-01-25,BOM-BLR,Premium,123,6024,740952
2024-01-25,BOM-BLR,Business,150,18363,2754450
2024-01-25,DEL-HYD,Economy,198,3101,613998
2024-01-25,DEL-HYD,Premium,38,9115,346370
2024-01-25,DEL-HYD,Business,68,13640,927520
2024-01-25,BLR-HYD,Economy,74,4520,334480
2024-01-25,BLR-HYD,Premium,81,6338,513378
2024-01-25,BLR-HYD,Business,168,12421,2086728
2024-01-26,DEL-BOM,Economy,44,5513,242572
2024-01-26,DEL-BOM,Premium,162,9948,1611576
2024-01-26,DEL-BOM,Business,51,14806,755106
2024-01-26,DEL-BLR,Economy,164,4817,789988
2024-01-26,DEL-BLR,Premium,154,6628,1020712
2024-01-26,DEL-BLR,Business,156,18007,2809092
2024-01-26,BOM-BLR,Economy,78,3726,290628
2024-01-26,BOM-BLR,Premium,135,9042,1220670
2024-01-26,BOM-BLR,Business,122,19374,2363628
2024-01-26,DEL-HYD,Economy,171,5667,969057
2024-01-26,DEL-HYD,Premium,117,8852,1035684
2024-01-26,DEL-HYD,Business,127,16640,2113280
2024-01-26,BLR-HYD,Economy,23,4372,100556
2024-01-26,BLR-HYD,Premium,160,9232,1477120
2024-01-26,BLR-HYD,Business,189,18502,3496878
2024-01-27,DEL-BOM,Economy,189,3545,670005
2024-01-27,DEL-BOM,Premium,32,9487,303584
2024-01-27,DEL-BOM,Business,142,12032,1708544
2024-01-27,DEL-BLR,Economy,81,3244,262764
2024-01-27,DEL-BLR,Premium,140,8973,1256220
2024-01-27,DEL-BLR,Business,122,13760,1678720
2024-01-27,BOM-BLR,Economy,22,4165,91630
2024-01-27,BOM-BLR,Premium,87,7981,694347
2024-01-27,BOM-BLR,Business,172,18173,3125756
2024-01-27,DEL-HYD,Economy,92,3398,312616
2024-01-27,DEL-HYD,Premium,107,9211,985577
2024-01-27,DEL-HYD,Business,80,14805,1184400
2024-01-27,BLR-HYD,Economy,58,4463,258854
2024-01-27,BLR-HYD,Premium,81,8273,670113
2024-01-27,BLR-HYD,Business,71,17827,1265717
2024-01-28,DEL-BOM,Economy,112,4333,485296
2024-01-28,DEL-BOM,Premium,129,6824,880296
2024-01-28,DEL-BOM,Business,188,16402,3083576
2024-01-28,DEL-BLR,Economy,139,4796,666644
2024-01-28,DEL-BLR,Premium,196,9170,1797320
2024-01-28,DEL-BLR,Business,80,12466,997280
2024-01-28,BOM-BLR,Economy,197,3849,758253
2024-01-28,BOM-BLR,Premium,22,9810,215820
2024-01-28,BOM-BLR,Business,139,14675,2039825
2024-01-28,DEL-HYD,Economy,161,4380,705180
2024-01-28,DEL-HYD,Premium,124,9394,1164856
2024-01-28,DEL-HYD,Business,48,16881,810288
2024-01-28,BLR-HYD,Economy,95,3169,301055
2024-01-28,BLR-HYD,Premium,24,6954,166896
2024-01-28,BLR-HYD,Business,143,15370,2197910
2024-01-29,DEL-BOM,Economy,152,4199,638248
2024-01-29,DEL-BOM,Premium,56,9020,505120
2024-01-29,DEL-BOM,Business,100,19516,1951600
2024-01-29,DEL-BLR,Economy,81,5396,437076
2024-01-29,DEL-BLR,Premium,86,9111,783546
2024-01-29,DEL-BLR,Business,110,11312,1244320
2024-01-29,BOM-BLR,Economy,25,3215,80375
2024-01-29,BOM-BLR,Premium,187,8400,1570800
2024-01-29,BOM-BLR,Business,32,19908,637056
2024-01-29,DEL-HYD,Economy,189,3355,634095
2024-01-29,DEL-HYD,Premium,185,8054,1489990
2024-01-29,DEL-HYD,Business,77,17561,1352197
2024-01-29,BLR-HYD,Economy,179,5410,968390
2024-01-29,BLR-HYD,Premium,58,8403,487374
2024-01-29,BLR-HYD,Business,31,15343,475633
2024-01-30,DEL-BOM,Economy,32,4690,150080
2024-01-30,DEL-BOM,Premium,123,6699,823977
2024-01-30,DEL-BOM,Business,107,11007,1177749
2024-01-30,DEL-BLR,Economy,89,5514,490746
2024-01-30,DEL-BLR,Premium,82,6571,538822
2024-01-30,DEL-BLR,Business,56,17059,955304
2024-01-30,BOM-BLR,Economy,115,3483,400545
2024-01-30,BOM-BLR,Premium,36,6917,249012
2024-01-30,BOM-BLR,Business,137,14569,1995953
2024-01-30,DEL-HYD,Economy,139,5257,730723
2024-01-30,DEL-HYD,Premium,194,6715,1302710
2024-01-30,DEL-HYD,Business,199,15126,3010074
2024-01-30,BLR-HYD,Economy,48,3906,187488
2024-01-30,BLR-HYD,Premium,130,9999,1299870
2024-01-30,BLR-HYD,Business,48,17266,828768
2024-01-31,DEL-BOM,Economy,160,3038,486080
2024-01-31,DEL-BOM,Premium,48,7098,340704
2024-01-31,DEL-BOM,Business,51,13155,670905
2024-01-31,DEL-BLR,Economy,41,4562,187042
2024-01-31,DEL-BLR,Premium,145,9511,1379095
2024-01-31,DEL-BLR,Business,40,14179,567160
2024-01-31,BOM-BLR,Economy,25,4682,117050
2024-01-31,BOM-BLR,Premium,20,9963,199260
2024-01-31,BOM-BLR,Business,34,13056,443904
2024-01-31,DEL-HYD,Economy,44,3791,166804
2024-01-31,DEL-HYD,Premium,46,7083,325818
2024-01-31,DEL-HYD,Business,164,11050,1812200
2024-01-31,BLR-HYD,Economy,193,5035,971755
2024-01-31,BLR-HYD,Premium,191,7559,1443769
2024-01-31,BLR-HYD,Business,150,10526,1578900
2024-02-01,DEL-BOM,Economy,172,5781,994332
2024-02-01,DEL-BOM,Premium,28,7016,196448
2024-02-01,DEL-BOM,Business,82,16644,1364808
2024-02-01,DEL-BLR,Economy,136,5433,738888
2024-02-01,DEL-BLR,Premium,158,9788,1546504
2024-02-01,DEL-BLR,Business,40,11389,455560
2024-02-01,BOM-BLR,Economy,114,3165,360810
2024-02-01,BOM-BLR,Premium,64,8848,566272
2024-02-01,BOM-BLR,Business,121,10213,1235773
2024-02-01,DEL-HYD,Economy,198,4111,813978
2024-02-01,DEL-HYD,Premium,140,9534,1334760
2024-02-01,DEL-HYD,Business,73,12720,928560
2024-02-01,BLR-HYD,Economy,187,4951,925837
2024-02-01,BLR-HYD,Premium,21,8848,185808
2024-02-01,BLR-HYD,Business,180,17833,3209940
2024-02-02,DEL-BOM,Economy,169,5241,885729
2024-02-02,DEL-BOM,Premium,109,8169,890421
2024-02-02,DEL-BOM,Business,125,11895,1486875
2024-02-02,DEL-BLR,Economy,80,4986,398880
2024-02-02,DEL-BLR,Premium,28,9144,256032
2024-02-02,DEL-BLR,Business,60,13911,834660
2024-02-02,BOM-BLR,Economy,197,4883,961951
2024-02-02,BOM-BLR,Premium,81,6250,506250
2024-02-02,BOM-BLR,Business,26,10207,265382
2024-02-02,DEL-HYD,Economy,151,3021,456171
2024-02-02,DEL-HYD,Premium,22,9771,214962
2024-02-02,DEL-HYD,Business,31,11560,358360
2024-02-02,BLR-HYD,Economy,64,4266,273024
2024-02-02,BLR-HYD,Premium,119,7927,943313
2024-02-02,BLR-HYD,Business,51,13665,696915
2024-02-03,DEL-BOM,Economy,165,3661,604065
2024-02-03,DEL-BOM,Premium,124,9714,1204536
2024-02-03,DEL-BOM,Business,54,16078,868212
2024-02-03,DEL-BLR,Economy,116,3902,452632
2024-02-03,DEL-BLR,Premium,178,6956,1238168
2024-02-03,DEL-BLR,Business,167,19579,3269693
2024-02-03,BOM-BLR,Economy,145,5579,808955
2024-02-03,BOM-BLR,Premium,69,8994,620586
2024-02-03,BOM-BLR,Business,124,15631,1938244
2024-02-03,DEL-HYD,Economy,85,5382,457470
2024-02-03,DEL-HYD,Premium,58,7394,428852
2024-02-03,DEL-HYD,Business,144,10529,1516176
2024-02-03,BLR-HYD,Economy,59,5068,299012
2024-02-03,BLR-HYD,Premium,118,9591,1131738
2024-02-03,BLR-HYD,Business,106,16477,1746562
2024-02-04,DEL-BOM,Economy,21,3374,70854
2024-02-04,DEL-BOM,Premium,81,7851,635931
2024-02-04,DEL-BOM,Business,33,13155,434115
2024-02-04,DEL-BLR,Economy,149,3837,571713
2024-02-04,DEL-BLR,Premium,85,6260,532100
2024-02-04,DEL-BLR,Business,183,13374,2447442
2024-02-04,BOM-BLR,Economy,50,3629,181450
2024-02-04,BOM-BLR,Premium,29,6861,198969
2024-02-04,BOM-BLR,Business,20,15895,317900
2024-02-04,DEL-HYD,Economy,190,5560,1056400
2024-02-04,DEL-HYD,Premium,137,7307,1001059
2024-02-04,DEL-HYD,Business,126,16116,2030616
2024-02-04,BLR-HYD,Economy,184,5352,984768
2024-02-04,BLR-HYD,Premium,63,8203,516789
2024-02-04,BLR-HYD,Business,153,10956,1676268
2024-02-05,DEL-BOM,Economy,167,5381,898627
2024-02-05,DEL-BOM,Premium,56,6281,351736
2024-02-05,DEL-BOM,Business,54,15178,819612
2024-02-05,DEL-BLR,Economy,88,4184,368192
2024-02-05,DEL-BLR,Premium,31,6275,194525
2024-02-05,DEL-BLR,Business,62,17473,1083326
2024-02-05,BOM-BLR,Economy,48,4208,201984
2024-02-05,BOM-BLR,Premium,190,9499,1804810
2024-02-05,BOM-BLR,Business,147,11969,1759443
2024-02-05,DEL-HYD,Economy,143,3374,482482
2024-02-05,DEL-HYD,Premium,148,7799,1154252
2024-02-05,DEL-HYD,Business,115,19710,2266650
2024-02-05,BLR-HYD,Economy,105,4198,440790
2024-02-05,BLR-HYD,Premium,190,9485,1802150
2024-02-05,BLR-HYD,Business,164,10986,1801704
2024-02-06,DEL-BOM,Economy,91,3344,304304
2024-02-06,DEL-BOM,Premium,166,7999,1327834
2024-02-06,DEL-BOM,Business,67,18125,1214375
2024-02-06,DEL-BLR,Economy,82,4608,377856
2024-02-06,DEL-BLR,Premium,108,8828,953424
2024-02-06,DEL-BLR,Business,96,19539,1875744
2024-02-06,BOM-BLR,Economy,117,3493,408681
2024-02-06,BOM-BLR,Premium,38,7000,266000
2024-02-06,BOM-BLR,Business,128,11367,1454976
2024-02-06,DEL-HYD,Economy,73,3454,252142
2024-02-06,DEL-HYD,Premium,162,8190,1326780
2024-02-06,DEL-HYD,Business,166,15592,2588272
2024-02-06,BLR-HYD,Economy,180,3304,594720
2024-02-06,BLR-HYD,Premium,121,9338,1129898
2024-02-06,BLR-HYD,Business,129,12989,1675581
2024-02-07,DEL-BOM,Economy,28,4026,112728
2024-02-07,DEL-BOM,Premium,67,8501,569567
2024-02-07,DEL-BOM,Business,172,14399,2476628
2024-02-07,DEL-BLR,Economy,56,4763,266728
2024-02-07,DEL-BLR,Premium,195,7349,1433055
2024-02-07,DEL-BLR,Business,40,19206,768240
2024-02-07,BOM-BLR,Economy,99,4838,478962
2024-02-07,BOM-BLR,Premium,162,7827,1267974
2024-02-07,BOM-BLR,Business,70,10140,709800
2024-02-07,DEL-HYD,Economy,38,4825,183350
2024-02-07,DEL-HYD,Premium,136,9610,1306960
2024-02-07,DEL-HYD,Business,175,17311,3029425
2024-02-07,BLR-HYD,Economy,125,4443,555375
2024-02-07,BLR-HYD,Premium,21,8691,182511
2024-02-07,BLR-HYD,Business,108,11286,1218888
2024-02-08,DEL-BOM,Economy,114,4062,463068
2024-02-08,DEL-BOM,Premium,75,8345,625875
2024-02-08,DEL-BOM,Business,55,11798,648890
2024-02-08,DEL-BLR,Economy,73,4408,321784
2024-02-08,DEL-BLR,Premium,192,8606,1652352
2024-02-08,DEL-BLR,Business,138,19435,2682030
2024-02-08,BOM-BLR,Economy,156,3520,549120
2024-02-08,BOM-BLR,Premium,141,7660,1080060
2024-02-08,BOM-BLR,Business,68,15699,1067532
2024-02-08,DEL-HYD,Economy,69,5711,394059
2024-02-08,DEL-HYD,Premium,79,6145,485455
2024-02-08,DEL-HYD,Business,183,19776,3619008
2024-02-08,BLR-HYD,Economy,127,4249,539623
2024-02-08,BLR-HYD,Premium,168,9503,1596504
2024-02-08,BLR-HYD,Business,162,17622,2854764
2024-02-09,DEL-BOM,Economy,179,4546,813734
2024-02-09,DEL-BOM,Premium,97,8556,829932
2024-02-09,DEL-BOM,Business,172,14358,2469576
2024-02-09,DEL-BLR,Economy,104,4577,476008
2024-02-09,DEL-BLR,Premium,186,6998,1301628
2024-02-09,DEL-BLR,Business,38,11125,422750
2024-02-09,BOM-BLR,Economy,61,5335,325435
2024-02-09,BOM-BLR,Premium,55,7764,427020
2024-02-09,BOM-BLR,Business,150,15472,2320800
2024-02-09,DEL-HYD,Economy,142,4093,581206
2024-02-09,DEL-HYD,Premium,32,8875,284000
2024-02-09,DEL-HYD,Business,24,14255,342120
2024-02-09,BLR-HYD,Economy,168,5823,978264
2024-02-09,BLR-HYD,Premium,69,9061,625209
2024-02-09,BLR-HYD,Business,144,18533,2668752
2024-02-10,DEL-BOM,Economy,89,4153,369617
2024-02-10,DEL-BOM,Premium,21,7232,151872
2024-02-10,DEL-BOM,Business,117,14211,1662687
2024-02-10,DEL-BLR,Economy,27,3661,98847
2024-02-10,DEL-BLR,Premium,74,8665,641210
2024-02-10,DEL-BLR,Business,177,13083,2315691
2024-02-10,BOM-BLR,Economy,164,4423,725372
2024-02-10,BOM-BLR,Premium,22,9613,211486
2024-02-10,BOM-BLR,Business,42,19732,828744
2024-02-10,DEL-HYD,Economy,123,4271,525333
2024-02-10,DEL-HYD,Premium,140,6148,860720
2024-02-10,DEL-HYD,Business,169,14895,2517255
2024-02-10,BLR-HYD,Economy,180,4012,722160
2024-02-10,BLR-HYD,Premium,161,7686,1237446
2024-02-10,BLR-HYD,Business,85,12817,1089445
2024-02-11,DEL-BOM,Economy,94,3834,360396
2024-02-11,DEL-BOM,Premium,170,9267,1575390
2024-02-11,DEL-BOM,Business,25,14437,360925
2024-02-11,DEL-BLR,Economy,79,3243,256197
2024-02-11,DEL-BLR,Premium,68,8725,593300
2024-02-11,DEL-BLR,Business,192,17629,3384768
2024-02-11,BOM-BLR,Economy,153,3947,603891
2024-02-11,BOM-BLR,Premium,162,9746,1578852
2024-02-11,BOM-BLR,Business,110,17373,1911030
2024-02-11,DEL-HYD,Economy,39,5001,195039
2024-02-11,DEL-HYD,Premium,44,8869,390236
2024-02-11,DEL-HYD,Business,114,19325,2203050
2024-02-11,BLR-HYD,Economy,99,3821,378279
2024-02-11,BLR-HYD,Premium,188,7048,1325024
2024-02-11,BLR-HYD,Business,136,12964,1763104
2024-02-12,DEL-BOM,Economy,44,4603,202532
2024-02-12,DEL-BOM,Premium,51,9679,493629
2024-02-12,DEL-BOM,Business,97,15947,1546859
2024-02-12,DEL-BLR,Economy,153,5719,875007
2024-02-12,DEL-BLR,Premium,149,8710,1297790
2024-02-12,DEL-BLR,Business,50,16488,824400
2024-02-12,BOM-BLR,Economy,149,5429,808921
2024-02-12,BOM-BLR,Premium,178,7486,1332508
2024-02-12,BOM-BLR,Business,102,15448,1575696
2024-02-12,DEL-HYD,Economy,175,3189,558075
2024-02-12,DEL-HYD,Premium,26,8811,229086
2024-02-12,DEL-HYD,Business,23,15671,360433
2024-02-12,BLR-HYD,Economy,36,5148,185328
2024-02-12,BLR-HYD,Premium,71,6419,455749
2024-02-12,BLR-HYD,Business,197,17870,3520390
2024-02-13,DEL-BOM,Economy,81,3767,305127
2024-02-13,DEL-BOM,Premium,105,7206,756630
2024-02-13,DEL-BOM,Business,81,14837,1201797
2024-02-13,DEL-BLR,Economy,98,5708,559384
2024-02-13,DEL-BLR,Premium,77,7446,573342
2024-02-13,DEL-BLR,Business,84,18433,1548372
2024-02-13,BOM-BLR,Economy,101,5020,507020
2024-02-13,BOM-BLR,Premium,183,9042,1654686
2024-02-13,BOM-BLR,Business,158,12355,1952090
2024-02-13,DEL-HYD,Economy,136,5557,755752
2024-02-13,DEL-HYD,Premium,71,9835,698285
2024-02-13,DEL-HYD,Business,199,16164,3216636
2024-02-13,BLR-HYD,Economy,61,5444,332084
2024-02-13,BLR-HYD,Premium,36,6424,231264
2024-02-13,BLR-HYD,Business,149,16172,2409628
2024-02-14,DEL-BOM,Economy,116,3241,375956
2024-02-14,DEL-BOM,Premium,40,6758,270320
2024-02-14,DEL-BOM,Business,196,17099,3351404
2024-02-14,DEL-BLR,Economy,106,3855,408630
2024-02-14,DEL-BLR,Premium,106,7031,745286
2024-02-14,DEL-BLR,Business,106,17788,1885528
2024-02-14,BOM-BLR,Economy,198,3407,674586
2024-02-14,BOM-BLR,Premium,36,6147,221292
2024-02-14,BOM-BLR,Business,77,19866,1529682
2024-02-14,DEL-HYD,Economy,199,3398,676202
2024-02-14,DEL-HYD,Premium,47,9562,449414
2024-02-14,DEL-HYD,Business,113,15439,1744607
2024-02-14,BLR-HYD,Economy,157,4573,717961
2024-02-14,BLR-HYD,Premium,100,9719,971900
2024-02-14,BLR-HYD,Business,123,13009,1600107
2024-02-15,DEL-BOM,Economy,197,3962,780514
2024-02-15,DEL-BOM,Premium,145,7613,1103885
2024-02-15,DEL-BOM,Business,188,14285,2685580
2024-02-15,DEL-BLR,Economy,133,4801,638533
2024-02-15,DEL-BLR,Premium,159,7511,1194249
2024-02-15,DEL-BLR,Business,137,16303,2233511
2024-02-15,BOM-BLR,Economy,114,4311,491454
2024-02-15,BOM-BLR,Premium,29,8320,241280
2024-02-15,BOM-BLR,Business,165,14583,2406195
2024-02-15,DEL-HYD,Economy,78,3845,299910
2024-02-15,DEL-HYD,Premium,133,8461,1125313
2024-02-15,DEL-HYD,Business,132,19759,2608188
2024-02-15,BLR-HYD,Economy,138,3038,419244
2024-02-15,BLR-HYD,Premium,194,9468,1836792
2024-02-15,BLR-HYD,Business,168,17527,2944536
2024-02-16,DEL-BOM,Economy,154,3662,563948
2024-02-16,DEL-BOM,Premium,105,6234,654570
2024-02-16,DEL-BOM,Business,41,13537,555017
2024-02-16,DEL-BLR,Economy,21,5588,117348
2024-02-16,DEL-BLR,Premium,199,9633,1916967
2024-02-16,DEL-BLR,Business,170,18652,3170840
2024-02-16,BOM-BLR,Economy,41,5468,224188
2024-02-16,BOM-BLR,Premium,22,7653,168366
2024-02-16,BOM-BLR,Business,42,15926,668892
2024-02-16,DEL-HYD,Economy,127,4304,546608
2024-02-16,DEL-HYD,Premium,130,6361,826930
2024-02-16,DEL-HYD,Business,163,19476,3174588
2024-02-16,BLR-HYD,Economy,22,3448,75856
2024-02-16,BLR-HYD,Premium,83,9937,824771
2024-02-16,BLR-HYD,Business,29,16445,476905
2024-02-17,DEL-BOM,Economy,174,5984,1041216
2024-02-17,DEL-BOM,Premium,156,8979,1400724
2024-02-17,DEL-BOM,Business,77,11037,849849
2024-02-17,DEL-BLR,Economy,140,5634,788760
2024-02-17,DEL-BLR,Premium,89,6697,596033
2024-02-17,DEL-BLR,Business,130,19235,2500550
2024-02-17,BOM-BLR,Economy,157,5583,876531
2024-02-17,BOM-BLR,Premium,173,9813,1697649
2024-02-17,BOM-BLR,Business,73,15891,1160043
2024-02-17,DEL-HYD,Economy,76,3940,299440
2024-02-17,DEL-HYD,Premium,33,8745,288585
2024-02-17,DEL-HYD,Business,151,10161,1534311
2024-02-17,BLR-HYD,Economy,177,3593,635961
2024-02-17,BLR-HYD,Premium,129,6405,826245
2024-02-17,BLR-HYD,Business,128,15433,1975424
2024-02-18,DEL-BOM,Economy,136,5974,812464
2024-02-18,DEL-BOM,Premium,192,7373,1415616
2024-02-18,DEL-BOM,Business,165,11136,1837440
2024-02-18,DEL-BLR,Economy,66,3970,262020
2024-02-18,DEL-BLR,Premium,137,6160,843920
2024-02-18,DEL-BLR,Business,167,12010,2005670
2024-02-18,BOM-BLR,Economy,162,4733,766746
2024-02-18,BOM-BLR,Premium,143,9942,1421706
2024-02-18,BOM-BLR,Business,88,18329,1612952
2024-02-18,DEL-HYD,Economy,69,4794,330786
2024-02-18,DEL-HYD,Premium,137,8757,1199709
2024-02-18,DEL-HYD,Business,128,11449,1465472
2024-02-18,BLR-HYD,Economy,54,3921,211734
2024-02-18,BLR-HYD,Premium,184,8096,1489664
2024-02-18,BLR-HYD,Business,24,19817,475608
2024-02-19,DEL-BOM,Economy,23,3637,83651
2024-02-19,DEL-BOM,Premium,182,8839,1608698
2024-02-19,DEL-BOM,Business,119,10685,1271515
2024-02-19,DEL-BLR,Economy,79,3187,251773
2024-02-19,DEL-BLR,Premium,103,6984,719352
2024-02-19,DEL-BLR,Business,177,14713,2604201
2024-02-19,BOM-BLR,Economy,177,4365,772605
2024-02-19,BOM-BLR,Premium,182,9291,1690962
2024-02-19,BOM-BLR,Business,139,12014,1669946
2024-02-19,DEL-HYD,Economy,125,3204,400500
2024-02-19,DEL-HYD,Premium,92,7251,667092
2024-02-19,DEL-HYD,Business,126,12297,1549422
2024-02-19,BLR-HYD,Economy,126,4464,562464
2024-02-19,BLR-HYD,Premium,180,9590,1726200
2024-02-19,BLR-HYD,Business,179,19135,3425165
2024-02-20,DEL-BOM,Economy,168,4449,747432
2024-02-20,DEL-BOM,Premium,139,8189,1138271
2024-02-20,DEL-BOM,Business,184,13670,2515280
2024-02-20,DEL-BLR,Economy,184,5352,984768
2024-02-20,DEL-BLR,Premium,108,6383,689364
2024-02-20,DEL-BLR,Business,188,17875,3360500
2024-02-20,BOM-BLR,Economy,146,5537,808402
2024-02-20,BOM-BLR,Premium,52,7687,399724
2024-02-20,BOM-BLR,Business,117,12090,1414530
2024-02-20,DEL-HYD,Economy,188,5470,1028360
2024-02-20,DEL-HYD,Premium,117,7517,879489
2024-02-20,DEL-HYD,Business,93,11537,1072941
2024-02-20,BLR-HYD,Economy,41,4080,167280
2024-02-20,BLR-HYD,Premium,117,6434,752778
2024-02-20,BLR-HYD,Business,105,18174,1908270
2024-02-21,DEL-BOM,Economy,187,4317,807279
2024-02-21,DEL-BOM,Premium,157,7727,1213139
2024-02-21,DEL-BOM,Business,68,12324,838032
2024-02-21,DEL-BLR,Economy,39,4177,162903
2024-02-21,DEL-BLR,Premium,129,8261,1065669
2024-02-21,DEL-BLR,Business,139,11749,1633111
2024-02-21,BOM-BLR,Economy,135,5651,762885
2024-02-21,BOM-BLR,Premium,187,9867,1845129
2024-02-21,BOM-BLR,Business,132,15879,2096028
2024-02-21,DEL-HYD,Economy,150,4991,748650
2024-02-21,DEL-HYD,Premium,61,8274,504714
2024-02-21,DEL-HYD,Business,186,12426,2311236
2024-02-21,BLR-HYD,Economy,197,4450,876650
2024-02-21,BLR-HYD,Premium,70,8551,598570
2024-02-21,BLR-HYD,Business,93,12555,1167615
2024-02-22,DEL-BOM,Economy,60,5211,312660
2024-02-22,DEL-BOM,Premium,74,6558,485292
2024-02-22,DEL-BOM,Business,195,16971,3309345
2024-02-22,DEL-BLR,Economy,31,5433,168423
2024-02-22,DEL-BLR,Premium,150,6258,938700
2024-02-22,DEL-BLR,Business,133,16629,2211657
2024-02-22,BOM-BLR,Economy,180,5267,948060
2024-02-22,BOM-BLR,Premium,27,8975,242325
2024-02-22,BOM-BLR,Business,126,17133,2158758
2024-02-22,DEL-HYD,Economy,129,4781,616749
2024-02-22,DEL-HYD,Premium,156,7930,1237080
2024-02-22,DEL-HYD,Business,148,15108,2235984
2024-02-22,BLR-HYD,Economy,40,3669,146760
2024-02-22,BLR-HYD,Premium,23,7125,163875
2024-02-22,BLR-HYD,Business,78,18004,1404312
2024-02-23,DEL-BOM,Economy,44,5178,227832
2024-02-23,DEL-BOM,Premium,167,9737,1626079
2024-02-23,DEL-BOM,Business,28,10645,298060
2024-02-23,DEL-BLR,Economy,79,4418,349022
2024-02-23,DEL-BLR,Premium,127,8504,1080008
2024-02-23,DEL-BLR,Business,95,19177,1821815
2024-02-23,BOM-BLR,Economy,40,5203,208120
2024-02-23,BOM-BLR,Premium,180,7698,1385640
2024-02-23,BOM-BLR,Business,53,15433,817949
2024-02-23,DEL-HYD,Economy,94,5326,500644
2024-02-23,DEL-HYD,Premium,169,8884,1501396
2024-02-23,DEL-HYD,Business,158,19122,3021276
2024-02-23,BLR-HYD,Economy,52,3723,193596
2024-02-23,BLR-HYD,Premium,85,6935,589475
2024-02-23,BLR-HYD,Business,66,16344,1078704
2024-02-24,DEL-BOM,Economy,167,3123,521541
2024-02-24,DEL-BOM,Premium,106,8238,873228
2024-02-24,DEL-BOM,Business,23,15925,366275
2024-02-24,DEL-BLR,Economy,162,3532,572184
2024-02-24,DEL-BLR,Premium,136,9373,1274728
2024-02-24,DEL-BLR,Business,161,17568,2828448
2024-02-24,BOM-BLR,Economy,58,3392,196736
2024-02-24,BOM-BLR,Premium,96,7138,685248
2024-02-24,BOM-BLR,Business,170,11377,1934090
2024-02-24,DEL-HYD,Economy,139,5605,779095
2024-02-24,DEL-HYD,Premium,119,6839,813841
2024-02-24,DEL-HYD,Business,97,18472,1791784
2024-02-24,BLR-HYD,Economy,187,5903,1103861
2024-02-24,BLR-HYD,Premium,121,6661,805981
2024-02-24,BLR-HYD,Business,102,19641,2003382
2024-02-25,DEL-BOM,Economy,38,5331,202578
2024-02-25,DEL-BOM,Premium,92,7659,704628
2024-02-25,DEL-BOM,Business,38,14493,550734
2024-02-25,DEL-BLR,Economy,139,3933,546687
2024-02-25,DEL-BLR,Premium,187,6285,1175295
2024-02-25,DEL-BLR,Business,83,11762,976246
2024-02-25,BOM-BLR,Economy,97,5269,511093
2024-02-25,BOM-BLR,Premium,87,7799,678513
2024-02-25,BOM-BLR,Business,129,13198,1702542
2024-02-25,DEL-HYD,Economy,35,5524,193340
2024-02-25,DEL-HYD,Premium,177,7058,1249266
2024-02-25,DEL-HYD,Business,83,11492,953836
2024-02-25,BLR-HYD,Economy,168,4348,730464
2024-02-25,BLR-HYD,Premium,120,9755,1170600
2024-02-25,BLR-HYD,Business,156,19168,2990208
2024-02-26,DEL-BOM,Economy,84,4031,338604
2024-02-26,DEL-BOM,Premium,194,8379,1625526
2024-02-26,DEL-BOM,Business,95,10526,999970
2024-02-26,DEL-BLR,Economy,124,3658,453592
2024-02-26,DEL-BLR,Premium,169,8580,1450020
2024-02-26,DEL-BLR,Business,57,13740,783180
2024-02-26,BOM-BLR,Economy,198,3131,619938
2024-02-26,BOM-BLR,Premium,111,6771,751581
2024-02-26,BOM-BLR,Business,95,10193,968335
2024-02-26,DEL-HYD,Economy,181,5394,976314
2024-02-26,DEL-HYD,Premium,91,9333,849303
2024-02-26,DEL-HYD,Business,172,14875,2558500
2024-02-26,BLR-HYD,Economy,25,3729,93225
2024-02-26,BLR-HYD,Premium,143,9520,1361360
2024-02-26,BLR-HYD,Business,118,15410,1818380
2024-02-27,DEL-BOM,Economy,195,5796,1130220
2024-02-27,DEL-BOM,Premium,160,6997,1119520
2024-02-27,DEL-BOM,Business,132,14650,1933800
2024-02-27,DEL-BLR,Economy,167,3891,649797
2024-02-27,DEL-BLR,Premium,58,9828,570024
2024-02-27,DEL-BLR,Business,81,16376,1326456
2024-02-27,BOM-BLR,Economy,28,4367,122276
2024-02-27,BOM-BLR,Premium,60,7812,468720
2024-02-27,BOM-BLR,Business,78,15670,1222260
2024-02-27,DEL-HYD,Economy,160,4727,756320
2024-02-27,DEL-HYD,Premium,166,7356,1221096
2024-02-27,DEL-HYD,Business,64,18210,1165440
2024-02-27,BLR-HYD,Economy,95,3583,340385
2024-02-27,BLR-HYD,Premium,128,9311,1191808
2024-02-27,BLR-HYD,Business,64,10987,703168
2024-02-28,DEL-BOM,Economy,27,3858,104166
2024-02-28,DEL-BOM,Premium,194,9760,1893440
2024-02-28,DEL-BOM,Business,103,14033,1445399
2024-02-28,DEL-BLR,Economy,87,3989,347043
2024-02-28,DEL-BLR,Premium,101,9730,982730
2024-02-28,DEL-BLR,Business,175,13808,2416400
2024-02-28,BOM-BLR,Economy,95,5702,541690
2024-02-28,BOM-BLR,Premium,48,6201,297648
2024-02-28,BOM-BLR,Business,70,19101,1337070
2024-02-28,DEL-HYD,Economy,70,5760,403200
2024-02-28,DEL-HYD,Premium,47,9155,430285
2024-02-28,DEL-HYD,Business,185,16439,3041215
2024-02-28,BLR-HYD,Economy,21,4104,86184
2024-02-28,BLR-HYD,Premium,84,9033,758772
2024-02-28,BLR-HYD,Business,81,14318,1159758
2024-02-29,DEL-BOM,Economy,172,4431,762132
2024-02-29,DEL-BOM,Premium,47,7461,350667
2024-02-29,DEL-BOM,Business,165,13500,2227500
2024-02-29,DEL-BLR,Economy,138,5120,706560
2024-02-29,DEL-BLR,Premium,127,7823,993521
2024-02-29,DEL-BLR,Business,175,13134,2298450
2024-02-29,BOM-BLR,Economy,42,3359,141078
2024-02-29,BOM-BLR,Premium,119,7943,945217
2024-02-29,BOM-BLR,Business,175,13267,2321725
2024-02-29,DEL-HYD,Economy,184,4591,844744
2024-02-29,DEL-HYD,Premium,167,9740,1626580
2024-02-29,DEL-HYD,Business,165,15546,2565090
2024-02-29,BLR-HYD,Economy,145,5442,789090
2024-02-29,BLR-HYD,Premium,83,7415,615445
2024-02-29,BLR-HYD,Business,195,11054,2155530
2024-03-01,DEL-BOM,Economy,151,4648,701848
2024-03-01,DEL-BOM,Premium,88,7399,651112
2024-03-01,DEL-BOM,Business,86,17939,1542754
2024-03-01,DEL-BLR,Economy,173,4178,722794
2024-03-01,DEL-BLR,Premium,70,8309,581630
2024-03-01,DEL-BLR,Business,162,14009,2269458
2024-03-01,BOM-BLR,Economy,141,5172,729252
2024-03-01,BOM-BLR,Premium,143,7731,1105533
2024-03-01,BOM-BLR,Business,132,14154,1868328
2024-03-01,DEL-HYD,Economy,194,5685,1102890
2024-03-01,DEL-HYD,Premium,128,6067,776576
2024-03-01,DEL-HYD,Business,68,18556,1261808
2024-03-01,BLR-HYD,Economy,105,3820,401100
2024-03-01,BLR-HYD,Premium,150,7377,1106550
2024-03-01,BLR-HYD,Business,128,10340,1323520
2024-03-02,DEL-BOM,Economy,193,3382,652726
2024-03-02,DEL-BOM,Premium,63,6358,400554
2024-03-02,DEL-BOM,Business,148,19495,2885260
2024-03-02,DEL-BLR,Economy,144,5530,796320
2024-03-02,DEL-BLR,Premium,117,6995,818415
2024-03-02,DEL-BLR,Business,36,16905,608580
2024-03-02,BOM-BLR,Economy,38,3164,120232
2024-03-02,BOM-BLR,Premium,47,6656,312832
2024-03-02,BOM-BLR,Business,183,16207,2965881
2024-03-02,DEL-HYD,Economy,110,4140,455400
2024-03-02,DEL-HYD,Premium,73,9630,702990
2024-03-02,DEL-HYD,Business,168,10475,1759800
2024-03-02,BLR-HYD,Economy,24,3976,95424
2024-03-02,BLR-HYD,Premium,65,9595,623675
2024-03-02,BLR-HYD,Business,166,15867,2633922
2024-03-03,DEL-BOM,Economy,71,3863,274273
2024-03-03,DEL-BOM,Premium,121,9488,1148048
2024-03-03,DEL-BOM,Business,170,12808,2177360
2024-03-03,DEL-BLR,Economy,198,4972,984456
2024-03-03,DEL-BLR,Premium,101,7970,804970
2024-03-03,DEL-BLR,Business,23,14258,327934
2024-03-03,BOM-BLR,Economy,67,5558,372386
2024-03-03,BOM-BLR,Premium,135,9920,1339200
2024-03-03,BOM-BLR,Business,132,17742,2341944
2024-03-03,DEL-HYD,Economy,57,4346,247722
2024-03-03,DEL-HYD,Premium,32,9565,306080
2024-03-03,DEL-HYD,Business,50,14117,705850
2024-03-03,BLR-HYD,Economy,112,4749,531888
2024-03-03,BLR-HYD,Premium,73,7833,571809
2024-03-03,BLR-HYD,Business,188,14152,2660576
2024-03-04,DEL-BOM,Economy,66,3018,199188
2024-03-04,DEL-BOM,Premium,132,8694,1147608
2024-03-04,DEL-BOM,Business,55,16144,887920
2024-03-04,DEL-BLR,Economy,162,4572,740664
2024-03-04,DEL-BLR,Premium,155,9199,1425845
2024-03-04,DEL-BLR,Business,146,13175,1923550
2024-03-04,BOM-BLR,Economy,42,3801,159642
2024-03-04,BOM-BLR,Premium,177,7381,1306437
2024-03-04,BOM-BLR,Business,118,15409,1818262
2024-03-04,DEL-HYD,Economy,64,5130,328320
2024-03-04,DEL-HYD,Premium,35,8983,314405
2024-03-04,DEL-HYD,Business,138,17547,2421486
2024-03-04,BLR-HYD,Economy,163,5369,875147
2024-03-04,BLR-HYD,Premium,32,8158,261056
2024-03-04,BLR-HYD,Business,53,12951,686403
2024-03-05,DEL-BOM,Economy,139,4590,638010
2024-03-05,DEL-BOM,Premium,72,8960,645120
2024-03-05,DEL-BOM,Business,32,17480,559360
2024-03-05,DEL-BLR,Economy,44,5773,254012
2024-03-05,DEL-BLR,Premium,42,7469,313698
2024-03-05,DEL-BLR,Business,29,19779,573591
2024-03-05,BOM-BLR,Economy,167,3159,527553
2024-03-05,BOM-BLR,Premium,129,6052,780708
2024-03-05,BOM-BLR,Business,23,15590,358570
2024-03-05,DEL-HYD,Economy,27,4489,121203
2024-03-05,DEL-HYD,Premium,53,9831,521043
2024-03-05,DEL-HYD,Business,68,19456,1323008
2024-03-05,BLR-HYD,Economy,112,4809,538608
2024-03-05,BLR-HYD,Premium,106,6817,722602
2024-03-05,BLR-HYD,Business,153,19080,2919240
2024-03-06,DEL-BOM,Economy,83,4180,346940
2024-03-06,DEL-BOM,Premium,140,7642,1069880
2024-03-06,DEL-BOM,Business,174,15571,2709354
2024-03-06,DEL-BLR,Economy,119,5958,709002
2024-03-06,DEL-BLR,Premium,196,8671,1699516
2024-03-06,DEL-BLR,Business,198,18662,3695076
2024-03-06,BOM-BLR,Economy,176,3928,691328
2024-03-06,BOM-BLR,Premium,157,6022,945454
2024-03-06,BOM-BLR,Business,168,19120,3212160
2024-03-06,DEL-HYD,Economy,43,3522,151446
2024-03-06,DEL-HYD,Premium,113,6532,738116
2024-03-06,DEL-HYD,Business,159,11124,1768716
2024-03-06,BLR-HYD,Economy,67,5918,396506
2024-03-06,BLR-HYD,Premium,60,9374,562440
2024-03-06,BLR-HYD,Business,165,15355,2533575
2024-03-07,DEL-BOM,Economy,124,3891,482484
2024-03-07,DEL-BOM,Premium,32,8788,281216
2024-03-07,DEL-BOM,Business,119,14424,1716456
2024-03-07,DEL-BLR,Economy,185,4482,829170
2024-03-07,DEL-BLR,Premium,119,7878,937482
2024-03-07,DEL-BLR,Business,181,17430,3154830
2024-03-07,BOM-BLR,Economy,55,5321,292655
2024-03-07,BOM-BLR,Premium,191,8535,1630185
2024-03-07,BOM-BLR,Business,84,10234,859656
2024-03-07,DEL-HYD,Economy,32,5096,163072
2024-03-07,DEL-HYD,Premium,72,9886,711792
2024-03-07,DEL-HYD,Business,93,13748,1278564
2024-03-07,BLR-HYD,Economy,121,4815,582615
2024-03-07,BLR-HYD,Premium,119,9209,1095871
2024-03-07,BLR-HYD,Business,172,12661,2177692
2024-03-08,DEL-BOM,Economy,36,3883,139788
2024-03-08,DEL-BOM,Premium,141,8277,1167057
2024-03-08,DEL-BOM,Business,138,12745,1758810
2024-03-08,DEL-BLR,Economy,46,4705,216430
2024-03-08,DEL-BLR,Premium,181,9205,1666105
2024-03-08,DEL-BLR,Business,172,14025,2412300
2024-03-08,BOM-BLR,Economy,26,5803,150878
2024-03-08,BOM-BLR,Premium,31,6719,208289
2024-03-08,BOM-BLR,Business,154,14552,2241008
2024-03-08,DEL-HYD,Economy,179,3330,596070
2024-03-08,DEL-HYD,Premium,123,9996,1229508
2024-03-08,DEL-HYD,Business,176,13276,2336576
2024-03-08,BLR-HYD,Economy,98,4147,406406
2024-03-08,BLR-HYD,Premium,23,7127,163921
2024-03-08,BLR-HYD,Business,138,19171,2645598
2024-03-09,DEL-BOM,Economy,197,5587,1100639
2024-03-09,DEL-BOM,Premium,36,7113,256068
2024-03-09,DEL-BOM,Business,125,17468,2183500
2024-03-09,DEL-BLR,Economy,102,5314,542028
2024-03-09,DEL-BLR,Premium,123,7006,861738
2024-03-09,DEL-BLR,Business,175,11072,1937600
2024-03-09,BOM-BLR,Economy,194,5611,1088534
2024-03-09,BOM-BLR,Premium,76,6158,468008
2024-03-09,BOM-BLR,Business,45,17763,799335
2024-03-09,DEL-HYD,Economy,71,5408,383968
2024-03-09,DEL-HYD,Premium,73,8993,656489
2024-03-09,DEL-HYD,Business,34,15241,518194
2024-03-09,BLR-HYD,Economy,40,4581,183240
2024-03-09,BLR-HYD,Premium,57,8493,484101
2024-03-09,BLR-HYD,Business,97,11932,1157404
2024-03-10,DEL-BOM,Economy,22,3989,87758
2024-03-10,DEL-BOM,Premium,27,9306,251262
2024-03-10,DEL-BOM,Business,180,19738,3552840
2024-03-10,DEL-BLR,Economy,114,4691,534774
2024-03-10,DEL-BLR,Premium,188,6579,1236852
2024-03-10,DEL-BLR,Business,67,17866,1197022
2024-03-10,BOM-BLR,Economy,109,5493,598737
2024-03-10,BOM-BLR,Premium,158,7624,1204592
2024-03-10,BOM-BLR,Business,74,19475,1441150
2024-03-10,DEL-HYD,Economy,127,3882,493014
2024-03-10,DEL-HYD,Premium,144,6618,952992
2024-03-10,DEL-HYD,Business,99,15366,1521234
2024-03-10,BLR-HYD,Economy,27,5409,146043
2024-03-10,BLR-HYD,Premium,113,9498,1073274
2024-03-10,BLR-HYD,Business,100,15973,1597300
2024-03-11,DEL-BOM,Economy,112,3085,345520
2024-03-11,DEL-BOM,Premium,93,9583,891219
2024-03-11,DEL-BOM,Business,190,14967,2843730
2024-03-11,DEL-BLR,Economy,85,5503,467755
2024-03-11,DEL-BLR,Premium,41,9226,378266
2024-03-11,DEL-BLR,Business,127,12787,1623949
2024-03-11,BOM-BLR,Economy,28,4461,124908
2024-03-11,BOM-BLR,Premium,174,7522,1308828
2024-03-11,BOM-BLR,Business,179,14422,2581538
2024-03-11,DEL-HYD,Economy,86,3979,342194
2024-03-11,DEL-HYD,Premium,113,9088,1026944
2024-03-11,DEL-HYD,Business,192,10692,2052864
2024-03-11,BLR-HYD,Economy,110,4105,451550
2024-03-11,BLR-HYD,Premium,133,9129,1214157
2024-03-11,BLR-HYD,Business,128,13786,1764608
2024-03-12,DEL-BOM,Economy,60,3104,186240
2024-03-12,DEL-BOM,Premium,164,9063,1486332
2024-03-12,DEL-BOM,Business,188,17423,3275524
2024-03-12,DEL-BLR,Economy,158,5871,927618
2024-03-12,DEL-BLR,Premium,118,8329,982822
2024-03-12,DEL-BLR,Business,66,16297,1075602
2024-03-12,BOM-BLR,Economy,59,3404,200836
2024-03-12,BOM-BLR,Premium,42,6083,255486
2024-03-12,BOM-BLR,Business,135,16696,2253960
2024-03-12,DEL-HYD,Economy,131,3111,407541
2024-03-12,DEL-HYD,Premium,87,6270,545490
2024-03-12,DEL-HYD,Business,148,13607,2013836
2024-03-12,BLR-HYD,Economy,43,3289,141427
2024-03-12,BLR-HYD,Premium,135,8924,1204740
2024-03-12,BLR-HYD,Business,114,17997,2051658
2024-03-13,DEL-BOM,Economy,188,3824,718912
2024-03-13,DEL-BOM,Premium,73,7380,538740
2024-03-13,DEL-BOM,Business,187,13156,2460172
2024-03-13,DEL-BLR,Economy,80,3211,256880
2024-03-13,DEL-BLR,Premium,198,7838,1551924
2024-03-13,DEL-BLR,Business,183,16028,2933124
2024-03-13,BOM-BLR,Economy,106,4849,513994
2024-03-13,BOM-BLR,Premium,120,7135,856200
2024-03-13,BOM-BLR,Business,145,17214,2496030
2024-03-13,DEL-HYD,Economy,137,5551,760487
2024-03-13,DEL-HYD,Premium,168,8800,1478400
2024-03-13,DEL-HYD,Business,78,13273,1035294
2024-03-13,BLR-HYD,Economy,51,3442,175542
2024-03-13,BLR-HYD,Premium,158,8773,1386134
2024-03-13,BLR-HYD,Business,87,10152,883224
2024-03-14,DEL-BOM,Economy,142,5964,846888
2024-03-14,DEL-BOM,Premium,84,7752,651168
2024-03-14,DEL-BOM,Business,55,17361,954855
2024-03-14,DEL-BLR,Economy,123,4914,604422
2024-03-14,DEL-BLR,Premium,170,6166,1048220
2024-03-14,DEL-BLR,Business,145,13489,1955905
2024-03-14,BOM-BLR,Economy,188,5524,1038512
2024-03-14,BOM-BLR,Premium,89,7363,655307
2024-03-14,BOM-BLR,Business,22,11903,261866
2024-03-14,DEL-HYD,Economy,194,5156,1000264
2024-03-14,DEL-HYD,Premium,84,9854,827736
2024-03-14,DEL-HYD,Business,51,17619,898569
2024-03-14,BLR-HYD,Economy,165,3368,555720
2024-03-14,BLR-HYD,Premium,135,6077,820395
2024-03-14,BLR-HYD,Business,181,16871,3053651
2024-03-15,DEL-BOM,Economy,78,5972,465816
2024-03-15,DEL-BOM,Premium,140,7191,1006740
2024-03-15,DEL-BOM,Business,46,11855,545330
2024-03-15,DEL-BLR,Economy,166,5763,956658
2024-03-15,DEL-BLR,Premium,62,9160,567920
2024-03-15,DEL-BLR,Business,114,19729,2249106
2024-03-15,BOM-BLR,Economy,139,3882,539598
2024-03-15,BOM-BLR,Premium,91,9277,844207
2024-03-15,BOM-BLR,Business,133,14595,1941135
2024-03-15,DEL-HYD,Economy,91,3112,283192
2024-03-15,DEL-HYD,Premium,72,7924,570528
2024-03-15,DEL-HYD,Business,164,18708,3068112
2024-03-15,BLR-HYD,Economy,76,4947,375972
2024-03-15,BLR-HYD,Premium,137,9130,1250810
2024-03-15,BLR-HYD,Business,81,13560,1098360
2024-03-16,DEL-BOM,Economy,38,3725,141550
2024-03-16,DEL-BOM,Premium,66,8336,550176
2024-03-16,DEL-BOM,Business,154,16358,2519132
2024-03-16,DEL-BLR,Economy,166,3127,519082
2024-03-16,DEL-BLR,Premium,167,8385,1400295
2024-03-16,DEL-BLR,Business,124,16361,2028764
2024-03-16,BOM-BLR,Economy,81,4692,380052
2024-03-16,BOM-BLR,Premium,85,9641,819485
2024-03-16,BOM-BLR,Business,188,13802,2594776
2024-03-16,DEL-HYD,Economy,196,5434,1065064
2024-03-16,DEL-HYD,Premium,108,6207,670356
2024-03-16,DEL-HYD,Business,143,14117,2018731
2024-03-16,BLR-HYD,Economy,173,4962,858426
2024-03-16,BLR-HYD,Premium,39,6949,271011
2024-03-16,BLR-HYD,Business,127,13554,1721358
2024-03-17,DEL-BOM,Economy,130,4437,576810
2024-03-17,DEL-BOM,Premium,169,7742,1308398
2024-03-17,DEL-BOM,Business,29,17519,508051
2024-03-17,DEL-BLR,Economy,67,3744,250848
2024-03-17,DEL-BLR,Premium,78,8305,647790
2024-03-17,DEL-BLR,Business,84,16409,1378356
2024-03-17,BOM-BLR,Economy,72,3661,263592
2024-03-17,BOM-BLR,Premium,168,7271,1221528
2024-03-17,BOM-BLR,Business,119,14120,1680280
2024-03-17,DEL-HYD,Economy,47,4472,210184
2024-03-17,DEL-HYD,Premium,87,6816,592992
2024-03-17,DEL-HYD,Business,183,17817,3260511
2024-03-17,BLR-HYD,Economy,183,5093,932019
2024-03-17,BLR-HYD,Premium,51,6175,314925
2024-03-17,BLR-HYD,Business,164,11818,1938152
2024-03-18,DEL-BOM,Economy,73,3689,269297
2024-03-18,DEL-BOM,Premium,104,9995,1039480
2024-03-18,DEL-BOM,Business,142,18089,2568638
2024-03-18,DEL-BLR,Economy,166,4271,708986
2024-03-18,DEL-BLR,Premium,140,8217,1150380
2024-03-18,DEL-BLR,Business,187,18342,3429954
2024-03-18,BOM-BLR,Economy,130,4503,585390
2024-03-18,BOM-BLR,Premium,82,8040,659280
2024-03-18,BOM-BLR,Business,88,14897,1310936
2024-03-18,DEL-HYD,Economy,59,5250,309750
2024-03-18,DEL-HYD,Premium,81,7184,581904
2024-03-18,DEL-HYD,Business,35,19519,683165
2024-03-18,BLR-HYD,Economy,157,4361,684677
2024-03-18,BLR-HYD,Premium,183,8636,1580388
2024-03-18,BLR-HYD,Business,121,10602,1282842
2024-03-19,DEL-BOM,Economy,27,3690,99630
2024-03-19,DEL-BOM,Premium,92,6389,587788
2024-03-19,DEL-BOM,Business,108,14027,1514916
2024-03-19,DEL-BLR,Economy,47,5912,277864
2024-03-19,DEL-BLR,Premium,101,9258,935058
2024-03-19,DEL-BLR,Business,77,15307,1178639
2024-03-19,BOM-BLR,Economy,187,5467,1022329
2024-03-19,BOM-BLR,Premium,56,8139,455784
2024-03-19,BOM-BLR,Business,117,17352,2030184
2024-03-19,DEL-HYD,Economy,23,3255,74865
2024-03-19,DEL-HYD,Premium,126,8135,1025010
2024-03-19,DEL-HYD,Business,148,18312,2710176
2024-03-19,BLR-HYD,Economy,148,4637,686276
2024-03-19,BLR-HYD,Premium,176,8032,1413632
2024-03-19,BLR-HYD,Business,111,12668,1406148
2024-03-20,DEL-BOM,Economy,66,4619,304854
2024-03-20,DEL-BOM,Premium,88,6195,545160
2024-03-20,DEL-BOM,Business,46,13606,625876
2024-03-20,DEL-BLR,Economy,172,3276,563472
2024-03-20,DEL-BLR,Premium,172,7334,1261448
2024-03-20,DEL-BLR,Business,74,16121,1192954
2024-03-20,BOM-BLR,Economy,196,3313,649348
2024-03-20,BOM-BLR,Premium,80,7029,562320
2024-03-20,BOM-BLR,Business,58,10086,584988
2024-03-20,DEL-HYD,Economy,95,5518,524210
2024-03-20,DEL-HYD,Premium,146,8504,1241584
2024-03-20,DEL-HYD,Business,106,11647,1234582
2024-03-20,BLR-HYD,Economy,170,4068,691560
2024-03-20,BLR-HYD,Premium,104,6484,674336
2024-03-20,BLR-HYD,Business,127,14384,1826768
2024-03-21,DEL-BOM,Economy,177,3720,658440
2024-03-21,DEL-BOM,Premium,141,8030,1132230
2024-03-21,DEL-BOM,Business,183,17178,3143574
2024-03-21,DEL-BLR,Economy,186,5294,984684
2024-03-21,DEL-BLR,Premium,137,7687,1053119
2024-03-21,DEL-BLR,Business,126,13360,1683360
2024-03-21,BOM-BLR,Economy,38,5242,199196
2024-03-21,BOM-BLR,Premium,176,7377,1298352
2024-03-21,BOM-BLR,Business,160,14188,2270080
2024-03-21,DEL-HYD,Economy,195,3238,631410
2024-03-21,DEL-HYD,Premium,83,6294,522402
2024-03-21,DEL-HYD,Business,107,15388,1646516
2024-03-21,BLR-HYD,Economy,88,3304,290752
2024-03-21,BLR-HYD,Premium,77,7126,548702
2024-03-21,BLR-HYD,Business,81,18442,1493802
2024-03-22,DEL-BOM,Economy,150,5588,838200
2024-03-22,DEL-BOM,Premium,44,7096,312224
2024-03-22,DEL-BOM,Business,75,19579,1468425
2024-03-22,DEL-BLR,Economy,198,5677,1124046
2024-03-22,DEL-BLR,Premium,176,6658,1171808
2024-03-22,DEL-BLR,Business,188,14994,2818872
2024-03-22,BOM-BLR,Economy,158,5989,946262
2024-03-22,BOM-BLR,Premium,165,6383,1053195
2024-03-22,BOM-BLR,Business,155,12763,1978265
2024-03-22,DEL-HYD,Economy,123,5339,656697
2024-03-22,DEL-HYD,Premium,135,9120,1231200
2024-03-22,DEL-HYD,Business,101,12604,1273004
2024-03-22,BLR-HYD,Economy,98,3531,346038
2024-03-22,BLR-HYD,Premium,86,6002,516172
2024-03-22,BLR-HYD,Business,83,15626,1296958
2024-03-23,DEL-BOM,Economy,79,4907,387653
2024-03-23,DEL-BOM,Premium,110,7085,779350
2024-03-23,DEL-BOM,Business,68,10670,725560
2024-03-23,DEL-BLR,Economy,143,4505,644215
2024-03-23,DEL-BLR,Premium,172,7159,1231348
2024-03-23,DEL-BLR,Business,77,12854,989758
2024-03-23,BOM-BLR,Economy,77,5532,425964
2024-03-23,BOM-BLR,Premium,63,6582,414666
2024-03-23,BOM-BLR,Business,28,11925,333900
2024-03-23,DEL-HYD,Economy,176,5448,958848
2024-03-23,DEL-HYD,Premium,150,9647,1447050
2024-03-23,DEL-HYD,Business,81,19897,1611657
2024-03-23,BLR-HYD,Economy,32,5314,170048
2024-03-23,BLR-HYD,Premium,27,7082,191214
2024-03-23,BLR-HYD,Business,59,11629,686111
2024-03-24,DEL-BOM,Economy,157,5347,839479
2024-03-24,DEL-BOM,Premium,99,9801,970299
2024-03-24,DEL-BOM,Business,197,10857,2138829
2024-03-24,DEL-BLR,Economy,42,3657,153594
2024-03-24,DEL-BLR,Premium,81,6238,505278
2024-03-24,DEL-BLR,Business,185,16111,2980535
2024-03-24,BOM-BLR,Economy,175,3922,686350
2024-03-24,BOM-BLR,Premium,93,7230,672390
2024-03-24,BOM-BLR,Business,42,19555,821310
2024-03-24,DEL-HYD,Economy,120,5387,646440
2024-03-24,DEL-HYD,Premium,47,6768,318096
2024-03-24,DEL-HYD,Business,82,14500,1189000
2024-03-24,BLR-HYD,Economy,115,4614,530610
2024-03-24,BLR-HYD,Premium,139,6689,929771
2024-03-24,BLR-HYD,Business,153,10365,1585845
2024-03-25,DEL-BOM,Economy,176,3454,607904
2024-03-25,DEL-BOM,Premium,165,7205,1188825
2024-03-25,DEL-BOM,Business,57,19867,1132419
2024-03-25,DEL-BLR,Economy,62,3956,245272
2024-03-25,DEL-BLR,Premium,80,7474,597920
2024-03-25,DEL-BLR,Business,110,16396,1803560
2024-03-25,BOM-BLR,Economy,32,4904,156928
2024-03-25,BOM-BLR,Premium,177,6507,1151739
2024-03-25,BOM-BLR,Business,54,10919,589626
2024-03-25,DEL-HYD,Economy,133,3991,530803
2024-03-25,DEL-HYD,Premium,118,7231,853258
2024-03-25,DEL-HYD,Business,104,10067,1046968
2024-03-25,BLR-HYD,Economy,80,4564,365120
2024-03-25,BLR-HYD,Premium,190,6572,1248680
2024-03-25,BLR-HYD,Business,172,12258,2108376
2024-03-26,DEL-BOM,Economy,106,4943,523958
2024-03-26,DEL-BOM,Premium,47,6900,324300
2024-03-26,DEL-BOM,Business,31,15232,472192
2024-03-26,DEL-BLR,Economy,189,4944,934416
2024-03-26,DEL-BLR,Premium,158,8961,1415838
2024-03-26,DEL-BLR,Business,74,17031,1260294
2024-03-26,BOM-BLR,Economy,94,5324,500456
2024-03-26,BOM-BLR,Premium,106,6570,696420
2024-03-26,BOM-BLR,Business,169,16982,2869958
2024-03-26,DEL-HYD,Economy,23,5240,120520
2024-03-26,DEL-HYD,Premium,169,9825,1660425
2024-03-26,DEL-HYD,Business,112,13505,1512560
2024-03-26,BLR-HYD,Economy,167,3433,573311
2024-03-26,BLR-HYD,Premium,78,6206,484068
2024-03-26,BLR-HYD,Business,59,17389,1025951
2024-03-27,DEL-BOM,Economy,185,5690,1052650
2024-03-27,DEL-BOM,Premium,109,6012,655308
2024-03-27,DEL-BOM,Business,85,12789,1087065
2024-03-27,DEL-BLR,Economy,85,4610,391850
2024-03-27,DEL-BLR,Premium,62,9079,562898
2024-03-27,DEL-BLR,Business,177,16582,2935014
2024-03-27,BOM-BLR,Economy,163,3941,642383
2024-03-27,BOM-BLR,Premium,26,9116,237016
2024-03-27,BOM-BLR,Business,195,17382,3389490
2024-03-27,DEL-HYD,Economy,107,4534,485138
2024-03-27,DEL-HYD,Premium,56,6464,361984
2024-03-27,DEL-HYD,Business,138,11230,1549740
2024-03-27,BLR-HYD,Economy,114,3884,442776
2024-03-27,BLR-HYD,Premium,143,7654,1094522
2024-03-27,BLR-HYD,Business,83,19116,1586628
2024-03-28,DEL-BOM,Economy,166,3493,579838
2024-03-28,DEL-BOM,Premium,90,8617,775530
2024-03-28,DEL-BOM,Business,39,12775,498225
2024-03-28,DEL-BLR,Economy,157,5975,938075
2024-03-28,DEL-BLR,Premium,103,7831,806593
2024-03-28,DEL-BLR,Business,59,11942,704578
2024-03-28,BOM-BLR,Economy,123,4930,606390
2024-03-28,BOM-BLR,Premium,155,6861,1063455
2024-03-28,BOM-BLR,Business,79,17587,1389373
2024-03-28,DEL-HYD,Economy,144,4036,581184
2024-03-28,DEL-HYD,Premium,45,7983,359235
2024-03-28,DEL-HYD,Business,107,17542,1876994
2024-03-28,BLR-HYD,Economy,30,5011,150330
2024-03-28,BLR-HYD,Premium,29,9199,266771
2024-03-28,BLR-HYD,Business,171,15462,2644002
2024-03-29,DEL-BOM,Economy,164,5782,948248
2024-03-29,DEL-BOM,Premium,76,8153,619628
2024-03-29,DEL-BOM,Business,28,15208,425824
2024-03-29,DEL-BLR,Economy,195,3529,688155
2024-03-29,DEL-BLR,Premium,187,8153,1524611
2024-03-29,DEL-BLR,Business,82,17692,1450744
2024-03-29,BOM-BLR,Economy,100,5440,544000
2024-03-29,BOM-BLR,Premium,101,7743,782043
2024-03-29,BOM-BLR,Business,95,10226,971470
2024-03-29,DEL-HYD,Economy,67,5959,399253
2024-03-29,DEL-HYD,Premium,108,8877,958716
2024-03-29,DEL-HYD,Business,160,12032,1925120
2024-03-29,BLR-HYD,Economy,153,3978,608634
2024-03-29,BLR-HYD,Premium,33,6309,208197
2024-03-29,BLR-HYD,Business,58,11695,678310
2024-03-30,DEL-BOM,Economy,185,5167,955895
2024-03-30,DEL-BOM,Premium,175,7260,1270500
2024-03-30,DEL-BOM,Business,169,16855,2848495
2024-03-30,DEL-BLR,Economy,91,4853,441623
2024-03-30,DEL-BLR,Premium,51,6386,325686
2024-03-30,DEL-BLR,Business,95,15918,1512210
2024-03-30,BOM-BLR,Economy,112,4278,479136
2024-03-30,BOM-BLR,Premium,71,7960,565160
2024-03-30,BOM-BLR,Business,103,16531,1702693
2024-03-30,DEL-HYD,Economy,32,5686,181952
2024-03-30,DEL-HYD,Premium,39,8764,341796
2024-03-30,DEL-HYD,Business,183,10910,1996530
2024-03-30,BLR-HYD,Economy,36,4351,156636
2024-03-30,BLR-HYD,Premium,128,7799,998272
2024-03-30,BLR-HYD,Business,130,18102,2353260
2024-03-31,DEL-BOM,Economy,175,4496,786800
2024-03-31,DEL-BOM,Premium,138,6721,927498
2024-03-31,DEL-BOM,Business,164,16751,2747164
2024-03-31,DEL-BLR,Economy,113,5828,658564
2024-03-31,DEL-BLR,Premium,74,8983,664742
2024-03-31,DEL-BLR,Business,162,12761,2067282
2024-03-31,BOM-BLR,Economy,127,5526,701802
2024-03-31,BOM-BLR,Premium,180,8355,1503900
2024-03-31,BOM-BLR,Business,130,13791,1792830
2024-03-31,DEL-HYD,Economy,28,4806,134568
2024-03-31,DEL-HYD,Premium,155,7690,1191950
2024-03-31,DEL-HYD,Business,126,17850,2249100
2024-03-31,BLR-HYD,Economy,114,5320,606480
2024-03-31,BLR-HYD,Premium,104,9478,985712
2024-03-31,BLR-HYD,Business,153,18100,2769300
2024-04-01,DEL-BOM,Economy,73,4735,345655
2024-04-01,DEL-BOM,Premium,134,8903,1193002
2024-04-01,DEL-BOM,Business,168,11874,1994832
2024-04-01,DEL-BLR,Economy,122,3667,447374
2024-04-01,DEL-BLR,Premium,25,7051,176275
2024-04-01,DEL-BLR,Business,138,17411,2402718
2024-04-01,BOM-BLR,Economy,87,5224,454488
2024-04-01,BOM-BLR,Premium,32,9641,308512
2024-04-01,BOM-BLR,Business,124,11517,1428108
2024-04-01,DEL-HYD,Economy,102,4209,429318
2024-04-01,DEL-HYD,Premium,123,8042,989166
2024-04-01,DEL-HYD,Business,148,12863,1903724
2024-04-01,BLR-HYD,Economy,59,5656,333704
2024-04-01,BLR-HYD,Premium,133,9563,1271879
2024-04-01,BLR-HYD,Business,156,10183,1588548
2024-04-02,DEL-BOM,Economy,95,5519,524305
2024-04-02,DEL-BOM,Premium,44,7602,334488
2024-04-02,DEL-BOM,Business,171,11096,1897416
2024-04-02,DEL-BLR,Economy,45,3915,176175
2024-04-02,DEL-BLR,Premium,171,7218,1234278
2024-04-02,DEL-BLR,Business,132,16305,2152260
2024-04-02,BOM-BLR,Economy,114,3433,391362
2024-04-02,BOM-BLR,Premium,106,8230,872380
2024-04-02,BOM-BLR,Business,148,19793,2929364
2024-04-02,DEL-HYD,Economy,177,3148,557196
2024-04-02,DEL-HYD,Premium,135,8493,1146555
2024-04-02,DEL-HYD,Business,135,18185,2454975
2024-04-02,BLR-HYD,Economy,129,3947,509163
2024-04-02,BLR-HYD,Premium,44,6983,307252
2024-04-02,BLR-HYD,Business,141,17279,2436339
2024-04-03,DEL-BOM,Economy,127,4326,549402
2024-04-03,DEL-BOM,Premium,110,6660,732600
2024-04-03,DEL-BOM,Business,123,17409,2141307
2024-04-03,DEL-BLR,Economy,157,3344,525008
2024-04-03,DEL-BLR,Premium,80,8052,644160
2024-04-03,DEL-BLR,Business,74,14538,1075812
2024-04-03,BOM-BLR,Economy,121,3584,433664
2024-04-03,BOM-BLR,Premium,123,8866,1090518
2024-04-03,BOM-BLR,Business,127,10890,1383030
2024-04-03,DEL-HYD,Economy,144,4461,642384
2024-04-03,DEL-HYD,Premium,113,6614,747382
2024-04-03,DEL-HYD,Business,181,11587,2097247
2024-04-03,BLR-HYD,Economy,108,4611,497988
2024-04-03,BLR-HYD,Premium,41,7636,313076
2024-04-03,BLR-HYD,Business,84,16837,1414308
2024-04-04,DEL-BOM,Economy,189,3404,643356
2024-04-04,DEL-BOM,Premium,41,8658,354978
2024-04-04,DEL-BOM,Business,27,15904,429408
2024-04-04,DEL-BLR,Economy,36,5037,181332
2024-04-04,DEL-BLR,Premium,185,6495,1201575
2024-04-04,DEL-BLR,Business,192,16509,3169728
2024-04-04,BOM-BLR,Economy,33,4262,140646
2024-04-04,BOM-BLR,Premium,46,7776,357696
2024-04-04,BOM-BLR,Business,182,17984,3273088
2024-04-04,DEL-HYD,Economy,170,4953,842010
2024-04-04,DEL-HYD,Premium,24,9603,230472
2024-04-04,DEL-HYD,Business,78,16289,1270542
2024-04-04,BLR-HYD,Economy,151,5832,880632
2024-04-04,BLR-HYD,Premium,32,8431,269792
2024-04-04,BLR-HYD,Business,38,11003,418114
2024-04-05,DEL-BOM,Economy,182,5466,994812
2024-04-05,DEL-BOM,Premium,119,9999,1189881
2024-04-05,DEL-BOM,Business,195,16524,3222180
2024-04-05,DEL-BLR,Economy,164,5410,887240
2024-04-05,DEL-BLR,Premium,118,9235,1089730
2024-04-05,DEL-BLR,Business,161,13907,2239027
2024-04-05,BOM-BLR,Economy,59,3186,187974
2024-04-05,BOM-BLR,Premium,163,7411,1207993
2024-04-05,BOM-BLR,Business,109,12284,1338956
2024-04-05,DEL-HYD,Economy,50,3770,188500
2024-04-05,DEL-HYD,Premium,34,8206,279004
2024-04-05,DEL-HYD,Business,64,16726,1070464
2024-04-05,BLR-HYD,Economy,127,5418,688086
2024-04-05,BLR-HYD,Premium,144,7481,1077264
2024-04-05,BLR-HYD,Business,133,10422,1386126
2024-04-06,DEL-BOM,Economy,79,3170,250430
2024-04-06,DEL-BOM,Premium,170,8397,1427490
2024-04-06,DEL-BOM,Business,141,13075,1843575
2024-04-06,DEL-BLR,Economy,112,5966,668192
2024-04-06,DEL-BLR,Premium,125,7913,989125
2024-04-06,DEL-BLR,Business,25,13962,349050
2024-04-06,BOM-BLR,Economy,86,3810,327660
2024-04-06,BOM-BLR,Premium,151,7475,1128725
2024-04-06,BOM-BLR,Business,152,17701,2690552
2024-04-06,DEL-HYD,Economy,169,4903,828607
2024-04-06,DEL-HYD,Premium,22,9387,206514
2024-04-06,DEL-HYD,Business,106,19032,2017392
2024-04-06,BLR-HYD,Economy,42,3713,155946
2024-04-06,BLR-HYD,Premium,194,9118,1768892
2024-04-06,BLR-HYD,Business,49,12017,588833
2024-04-07,DEL-BOM,Economy,131,3494,457714
2024-04-07,DEL-BOM,Premium,77,6374,490798
2024-04-07,DEL-BOM,Business,188,18307,3441716
2024-04-07,DEL-BLR,Economy,67,4801,321667
2024-04-07,DEL-BLR,Premium,30,8452,253560
2024-04-07,DEL-BLR,Business,192,13792,2648064
2024-04-07,BOM-BLR,Economy,145,4599,666855
2024-04-07,BOM-BLR,Premium,73,6783,495159
2024-04-07,BOM-BLR,Business,37,18378,679986
2024-04-07,DEL-HYD,Economy,109,5703,621627
2024-04-07,DEL-HYD,Premium,194,8351,1620094
2024-04-07,DEL-HYD,Business,95,15877,1508315
2024-04-07,BLR-HYD,Economy,149,3826,570074
2024-04-07,BLR-HYD,Premium,98,9334,914732
2024-04-07,BLR-HYD,Business,138,12059,1664142
2024-04-08,DEL-BOM,Economy,160,4789,766240
2024-04-08,DEL-BOM,Premium,82,6464,530048
2024-04-08,DEL-BOM,Business,55,10089,554895
2024-04-08,DEL-BLR,Economy,55,5843,321365
2024-04-08,DEL-BLR,Premium,170,7805,1326850
2024-04-08,DEL-BLR,Business,90,13195,1187550
2024-04-08,BOM-BLR,Economy,144,5844,841536
2024-04-08,BOM-BLR,Premium,194,9858,1912452
2024-04-08,BOM-BLR,Business,40,17478,699120
2024-04-08,DEL-HYD,Economy,48,4683,224784
2024-04-08,DEL-HYD,Premium,82,9969,817458
2024-04-08,DEL-HYD,Business,35,10044,351540
2024-04-08,BLR-HYD,Economy,38,3470,131860
2024-04-08,BLR-HYD,Premium,137,7891,1081067
2024-04-08,BLR-HYD,Business,199,17910,3564090
2024-04-09,DEL-BOM,Economy,166,4573,759118
2024-04-09,DEL-BOM,Premium,98,6147,602406
2024-04-09,DEL-BOM,Business,51,11873,605523
2024-04-09,DEL-BLR,Economy,24,3915,93960
2024-04-09,DEL-BLR,Premium,94,7977,749838
2024-04-09,DEL-BLR,Business,63,15929,1003527
2024-04-09,BOM-BLR,Economy,156,3617,564252
2024-04-09,BOM-BLR,Premium,166,8525,1415150
2024-04-09,BOM-BLR,Business,147,15308,2250276
2024-04-09,DEL-HYD,Economy,178,4362,776436
2024-04-09,DEL-HYD,Premium,85,7907,672095
2024-04-09,DEL-HYD,Business,149,18151,2704499
2024-04-09,BLR-HYD,Economy,36,4887,175932
2024-04-09,BLR-HYD,Premium,65,6244,405860
2024-04-09,BLR-HYD,Business,126,10886,1371636
2024-04-10,DEL-BOM,Economy,104,5051,525304
2024-04-10,DEL-BOM,Premium,159,9792,1556928
2024-04-10,DEL-BOM,Business,111,15300,1698300
2024-04-10,DEL-BLR,Economy,125,5758,719750
2024-04-10,DEL-BLR,Premium,38,9367,355946
2024-04-10,DEL-BLR,Business,190,10011,1902090
2024-04-10,BOM-BLR,Economy,46,5928,272688
2024-04-10,BOM-BLR,Premium,68,7921,538628
2024-04-10,BOM-BLR,Business,103,14873,1531919
2024-04-10,DEL-HYD,Economy,61,3807,232227
2024-04-10,DEL-HYD,Premium,124,6553,812572
2024-04-10,DEL-HYD,Business,184,11260,2071840
2024-04-10,BLR-HYD,Economy,41,3184,130544
2024-04-10,BLR-HYD,Premium,126,7576,954576
2024-04-10,BLR-HYD,Business,108,17240,1861920
2024-04-11,DEL-BOM,Economy,95,4881,463695
2024-04-11,DEL-BOM,Premium,115,9809,1128035
2024-04-11,DEL-BOM,Business,39,11409,444951
2024-04-11,DEL-BLR,Economy,178,3568,635104
2024-04-11,DEL-BLR,Premium,34,8660,294440
2024-04-11,DEL-BLR,Business,122,13977,1705194
2024-04-11,BOM-BLR,Economy,129,5893,760197
2024-04-11,BOM-BLR,Premium,161,7151,1151311
2024-04-11,BOM-BLR,Business,169,14131,2388139
2024-04-11,DEL-HYD,Economy,192,4443,853056
2024-04-11,DEL-HYD,Premium,115,6163,708745
2024-04-11,DEL-HYD,Business,57,18671,1064247
2024-04-11,BLR-HYD,Economy,128,3122,399616
2024-04-11,BLR-HYD,Premium,168,7485,1257480
2024-04-11,BLR-HYD,Business,159,17148,2726532
2024-04-12,DEL-BOM,Economy,106,5364,568584
2024-04-12,DEL-BOM,Premium,51,9472,483072
2024-04-12,DEL-BOM,Business,73,10609,774457
2024-04-12,DEL-BLR,Economy,24,5156,123744
2024-04-12,DEL-BLR,Premium,106,8815,934390
2024-04-12,DEL-BLR,Business,98,11268,1104264
2024-04-12,BOM-BLR,Economy,50,4378,218900
2024-04-12,BOM-BLR,Premium,102,8237,840174
2024-04-12,BOM-BLR,Business,51,16394,836094
2024-04-12,DEL-HYD,Economy,54,4668,252072
2024-04-12,DEL-HYD,Premium,172,7964,1369808
2024-04-12,DEL-HYD,Business,108,18832,2033856
2024-04-12,BLR-HYD,Economy,191,4878,931698
2024-04-12,BLR-HYD,Premium,186,7367,1370262
2024-04-12,BLR-HYD,Business,176,12575,2213200
2024-04-13,DEL-BOM,Economy,118,4581,540558
2024-04-13,DEL-BOM,Premium,146,9508,1388168
2024-04-13,DEL-BOM,Business,100,19043,1904300
2024-04-13,DEL-BLR,Economy,89,3007,267623
2024-04-13,DEL-BLR,Premium,198,8235,1630530
2024-04-13,DEL-BLR,Business,127,13144,1669288
2024-04-13,BOM-BLR,Economy,186,4795,891870
2024-04-13,BOM-BLR,Premium,38,6170,234460
2024-04-13,BOM-BLR,Business,160,11499,1839840
2024-04-13,DEL-HYD,Economy,71,5158,366218
2024-04-13,DEL-HYD,Premium,61,9823,599203
2024-04-13,DEL-HYD,Business,45,10923,491535
2024-04-13,BLR-HYD,Economy,156,4043,630708
2024-04-13,BLR-HYD,Premium,58,6779,393182
2024-04-13,BLR-HYD,Business,30,12657,379710
2024-04-14,DEL-BOM,Economy,190,4471,849490
2024-04-14,DEL-BOM,Premium,135,7392,997920
2024-04-14,DEL-BOM,Business,84,11466,963144
2024-04-14,DEL-BLR,Economy,71,4966,352586
2024-04-14,DEL-BLR,Premium,30,9388,281640
2024-04-14,DEL-BLR,Business,121,18106,2190826
2024-04-14,BOM-BLR,Economy,70,4652,325640
2024-04-14,BOM-BLR,Premium,107,7912,846584
2024-04-14,BOM-BLR,Business,108,13637,1472796
2024-04-14,DEL-HYD,Economy,135,3259,439965
2024-04-14,DEL-HYD,Premium,68,6365,432820
2024-04-14,DEL-HYD,Business,192,17707,3399744
2024-04-14,BLR-HYD,Economy,130,3312,430560
2024-04-14,BLR-HYD,Premium,73,8912,650576
2024-04-14,BLR-HYD,Business,54,10272,554688
2024-04-15,DEL-BOM,Economy,177,5547,981819
2024-04-15,DEL-BOM,Premium,98,8039,787822
2024-04-15,DEL-BOM,Business,121,16719,2022999
2024-04-15,DEL-BLR,Economy,185,5264,973840
2024-04-15,DEL-BLR,Premium,41,9793,401513
2024-04-15,DEL-BLR,Business,93,10390,966270
2024-04-15,BOM-BLR,Economy,144,3741,538704
2024-04-15,BOM-BLR,Premium,20,8996,179920
2024-04-15,BOM-BLR,Business,181,10643,1926383
2024-04-15,DEL-HYD,Economy,190,3501,665190
2024-04-15,DEL-HYD,Premium,20,8525,170500
2024-04-15,DEL-HYD,Business,54,18947,1023138
2024-04-15,BLR-HYD,Economy,142,4834,686428
2024-04-15,BLR-HYD,Premium,97,9729,943713
2024-04-15,BLR-HYD,Business,176,18750,3300000
2024-04-16,DEL-BOM,Economy,50,5307,265350
2024-04-16,DEL-BOM,Premium,67,9110,610370
2024-04-16,DEL-BOM,Business,49,15185,744065
2024-04-16,DEL-BLR,Economy,127,5315,675005
2024-04-16,DEL-BLR,Premium,20,6441,128820
2024-04-16,DEL-BLR,Business,109,17211,1875999
2024-04-16,BOM-BLR,Economy,171,5645,965295
2024-04-16,BOM-BLR,Premium,165,9837,1623105
2024-04-16,BOM-BLR,Business,49,17396,852404
2024-04-16,DEL-HYD,Economy,31,3861,119691
2024-04-16,DEL-HYD,Premium,156,6404,999024
2024-04-16,DEL-HYD,Business,48,11725,562800
2024-04-16,BLR-HYD,Economy,136,3270,444720
2024-04-16,BLR-HYD,Premium,136,6273,853128
2024-04-16,BLR-HYD,Business,154,19963,3074302
2024-04-17,DEL-BOM,Economy,185,4444,822140
2024-04-17,DEL-BOM,Premium,142,9267,1315914
2024-04-17,DEL-BOM,Business,41,12181,499421
2024-04-17,DEL-BLR,Economy,189,5550,1048950
2024-04-17,DEL-BLR,Premium,163,9981,1626903
2024-04-17,DEL-BLR,Business,175,19846,3473050
2024-04-17,BOM-BLR,Economy,196,3264,639744
2024-04-17,BOM-BLR,Premium,169,9524,1609556
2024-04-17,BOM-BLR,Business,61,11353,692533
2024-04-17,DEL-HYD,Economy,58,3889,225562
2024-04-17,DEL-HYD,Premium,176,7902,1390752
2024-04-17,DEL-HYD,Business,102,18220,1858440
2024-04-17,BLR-HYD,Economy,54,4419,238626
2024-04-17,BLR-HYD,Premium,96,8567,822432
2024-04-17,BLR-HYD,Business,141,16019,2258679
2024-04-18,DEL-BOM,Economy,198,3596,712008
2024-04-18,DEL-BOM,Premium,155,9266,1436230
2024-04-18,DEL-BOM,Business,28,11016,308448
2024-04-18,DEL-BLR,Economy,90,5062,455580
2024-04-18,DEL-BLR,Premium,188,9479,1782052
2024-04-18,DEL-BLR,Business,191,19706,3763846
2024-04-18,BOM-BLR,Economy,129,4735,610815
2024-04-18,BOM-BLR,Premium,69,9416,649704
2024-04-18,BOM-BLR,Business,173,13917,2407641
2024-04-18,DEL-HYD,Economy,188,3419,642772
2024-04-18,DEL-HYD,Premium,190,8030,1525700
2024-04-18,DEL-HYD,Business,44,19356,851664
2024-04-18,BLR-HYD,Economy,62,4869,301878
2024-04-18,BLR-HYD,Premium,111,7079,785769
2024-04-18,BLR-HYD,Business,156,17235,2688660
2024-04-19,DEL-BOM,Economy,65,4272,277680
2024-04-19,DEL-BOM,Premium,86,6903,593658
2024-04-19,DEL-BOM,Business,43,13340,573620
2024-04-19,DEL-BLR,Economy,44,3147,138468
2024-04-19,DEL-BLR,Premium,130,7089,921570
2024-04-19,DEL-BLR,Business,64,14683,939712
2024-04-19,BOM-BLR,Economy,133,4784,636272
2024-04-19,BOM-BLR,Premium,166,6998,1161668
2024-04-19,BOM-BLR,Business,45,19643,883935
2024-04-19,DEL-HYD,Economy,70,5986,419020
2024-04-19,DEL-HYD,Premium,170,8123,1380910
2024-04-19,DEL-HYD,Business,111,11312,1255632
2024-04-19,BLR-HYD,Economy,166,4563,757458
2024-04-19,BLR-HYD,Premium,196,7634,1496264
2024-04-19,BLR-HYD,Business,187,11366,2125442
2024-04-20,DEL-BOM,Economy,73,5709,416757
2024-04-20,DEL-BOM,Premium,182,6684,1216488
2024-04-20,DEL-BOM,Business,104,16040,1668160
2024-04-20,DEL-BLR,Economy,84,4669,392196
2024-04-20,DEL-BLR,Premium,83,9946,825518
2024-04-20,DEL-BLR,Business,115,10490,1206350
2024-04-20,BOM-BLR,Economy,165,4878,804870
2024-04-20,BOM-BLR,Premium,168,8662,1455216
2024-04-20,BOM-BLR,Business,110,15585,1714350
2024-04-20,DEL-HYD,Economy,107,4326,462882
2024-04-20,DEL-HYD,Premium,189,7073,1336797
2024-04-20,DEL-HYD,Business,110,14340,1577400
2024-04-20,BLR-HYD,Economy,128,5580,714240
2024-04-20,BLR-HYD,Premium,64,9248,591872
2024-04-20,BLR-HYD,Business,111,11985,1330335
2024-04-21,DEL-BOM,Economy,44,3057,134508
2024-04-21,DEL-BOM,Premium,153,9068,1387404
2024-04-21,DEL-BOM,Business,153,11677,1786581
2024-04-21,DEL-BLR,Economy,85,4191,356235
2024-04-21,DEL-BLR,Premium,136,7248,985728
2024-04-21,DEL-BLR,Business,165,17036,2810940
2024-04-21,BOM-BLR,Economy,107,4772,510604
2024-04-21,BOM-BLR,Premium,172,6507,1119204
2024-04-21,BOM-BLR,Business,108,10220,1103760
2024-04-21,DEL-HYD,Economy,166,4942,820372
2024-04-21,DEL-HYD,Premium,35,8888,311080
2024-04-21,DEL-HYD,Business,61,11871,724131
2024-04-21,BLR-HYD,Economy,123,4462,548826
2024-04-21,BLR-HYD,Premium,144,9717,1399248
2024-04-21,BLR-HYD,Business,141,16191,2282931
2024-04-22,DEL-BOM,Economy,58,5334,309372
2024-04-22,DEL-BOM,Premium,49,8803,431347
2024-04-22,DEL-BOM,Business,107,10478,1121146
2024-04-22,DEL-BLR,Economy,34,3515,119510
2024-04-22,DEL-BLR,Premium,28,7160,200480
2024-04-22,DEL-BLR,Business,151,17778,2684478
2024-04-22,BOM-BLR,Economy,140,4092,572880
2024-04-22,BOM-BLR,Premium,39,7681,299559
2024-04-22,BOM-BLR,Business,21,15033,315693
2024-04-22,DEL-HYD,Economy,128,4118,527104
2024-04-22,DEL-HYD,Premium,129,6520,841080
2024-04-22,DEL-HYD,Business,30,17465,523950
2024-04-22,BLR-HYD,Economy,160,4187,669920
2024-04-22,BLR-HYD,Premium,56,9579,536424
2024-04-22,BLR-HYD,Business,71,19973,1418083
2024-04-23,DEL-BOM,Economy,75,3571,267825
2024-04-23,DEL-BOM,Premium,59,7510,443090
2024-04-23,DEL-BOM,Business,176,14086,2479136
2024-04-23,DEL-BLR,Economy,108,3798,410184
2024-04-23,DEL-BLR,Premium,149,9084,1353516
2024-04-23,DEL-BLR,Business,125,12933,1616625
2024-04-23,BOM-BLR,Economy,103,4215,434145
2024-04-23,BOM-BLR,Premium,78,6893,537654
2024-04-23,BOM-BLR,Business,81,12263,993303
2024-04-23,DEL-HYD,Economy,124,5371,666004
2024-04-23,DEL-HYD,Premium,54,8317,449118
2024-04-23,DEL-HYD,Business,121,11167,1351207
2024-04-23,BLR-HYD,Economy,130,4013,521690
2024-04-23,BLR-HYD,Premium,91,9663,879333
2024-04-23,BLR-HYD,Business,61,12220,745420
2024-04-24,DEL-BOM,Economy,26,5593,145418
2024-04-24,DEL-BOM,Premium,25,8262,206550
2024-04-24,DEL-BOM,Business,48,17037,817776
2024-04-24,DEL-BLR,Economy,47,3898,183206
2024-04-24,DEL-BLR,Premium,97,9673,938281
2024-04-24,DEL-BLR,Business,40,11894,475760
2024-04-24,BOM-BLR,Economy,78,4351,339378
2024-04-24,BOM-BLR,Premium,78,8952,698256
2024-04-24,BOM-BLR,Business,148,11335,1677580
2024-04-24,DEL-HYD,Economy,54,3378,182412
2024-04-24,DEL-HYD,Premium,123,8330,1024590
2024-04-24,DEL-HYD,Business,191,15417,2944647
2024-04-24,BLR-HYD,Economy,136,3689,501704
2024-04-24,BLR-HYD,Premium,184,7722,1420848
2024-04-24,BLR-HYD,Business,195,16146,3148470
2024-04-25,DEL-BOM,Economy,135,4710,635850
2024-04-25,DEL-BOM,Premium,135,7391,997785
2024-04-25,DEL-BOM,Business,178,15969,2842482
2024-04-25,DEL-BLR,Economy,69,3717,256473
2024-04-25,DEL-BLR,Premium,98,9098,891604
2024-04-25,DEL-BLR,Business,69,17943,1238067
2024-04-25,BOM-BLR,Economy,98,3386,331828
2024-04-25,BOM-BLR,Premium,124,7511,931364
2024-04-25,BOM-BLR,Business,179,11907,2131353
2024-04-25,DEL-HYD,Economy,32,4024,128768
2024-04-25,DEL-HYD,Premium,97,9420,913740
2024-04-25,DEL-HYD,Business,101,15596,1575196
2024-04-25,BLR-HYD,Economy,178,5812,1034536
2024-04-25,BLR-HYD,Premium,33,9418,310794
2024-04-25,BLR-HYD,Business,104,17951,1866904
2024-04-26,DEL-BOM,Economy,69,5681,391989
2024-04-26,DEL-BOM,Premium,190,6441,1223790
2024-04-26,DEL-BOM,Business,149,11505,1714245
2024-04-26,DEL-BLR,Economy,113,5640,637320
2024-04-26,DEL-BLR,Premium,88,7551,664488
2024-04-26,DEL-BLR,Business,189,18042,3409938
2024-04-26,BOM-BLR,Economy,119,5879,699601
2024-04-26,BOM-BLR,Premium,181,6156,1114236
2024-04-26,BOM-BLR,Business,129,17104,2206416
2024-04-26,DEL-HYD,Economy,146,5144,751024
2024-04-26,DEL-HYD,Premium,151,9153,1382103
2024-04-26,DEL-HYD,Business,190,11128,2114320
2024-04-26,BLR-HYD,Economy,89,5365,477485
2024-04-26,BLR-HYD,Premium,106,8921,945626
2024-04-26,BLR-HYD,Business,75,12741,955575
2024-04-27,DEL-BOM,Economy,132,3228,426096
2024-04-27,DEL-BOM,Premium,189,7102,1342278
2024-04-27,DEL-BOM,Business,170,12809,2177530
2024-04-27,DEL-BLR,Economy,117,3825,447525
2024-04-27,DEL-BLR,Premium,165,9846,1624590
2024-04-27,DEL-BLR,Business,87,18243,1587141
2024-04-27,BOM-BLR,Economy,133,5410,719530
2024-04-27,BOM-BLR,Premium,97,7786,755242
2024-04-27,BOM-BLR,Business,61,13199,805139
2024-04-27,DEL-HYD,Economy,39,5007,195273
2024-04-27,DEL-HYD,Premium,132,7407,977724
2024-04-27,DEL-HYD,Business,82,18802,1541764
2024-04-27,BLR-HYD,Economy,81,5333,431973
2024-04-27,BLR-HYD,Premium,145,8472,1228440
2024-04-27,BLR-HYD,Business,117,17325,2027025
2024-04-28,DEL-BOM,Economy,131,5449,713819
2024-04-28,DEL-BOM,Premium,36,6397,230292
2024-04-28,DEL-BOM,Business,129,11910,1536390
2024-04-28,DEL-BLR,Economy,166,5616,932256
2024-04-28,DEL-BLR,Premium,133,8944,1189552
2024-04-28,DEL-BLR,Business,184,19088,3512192
2024-04-28,BOM-BLR,Economy,40,4972,198880
2024-04-28,BOM-BLR,Premium,142,7077,1004934
2024-04-28,BOM-BLR,Business,99,10585,1047915
2024-04-28,DEL-HYD,Economy,190,3534,671460
2024-04-28,DEL-HYD,Premium,90,7870,708300
2024-04-28,DEL-HYD,Business,65,15325,996125
2024-04-28,BLR-HYD,Economy,97,4039,391783
2024-04-28,BLR-HYD,Premium,166,7033,1167478
2024-04-28,BLR-HYD,Business,100,11861,1186100
2024-04-29,DEL-BOM,Economy,169,5847,988143
2024-04-29,DEL-BOM,Premium,77,8258,635866
2024-04-29,DEL-BOM,Business,153,15398,2355894
2024-04-29,DEL-BLR,Economy,42,4433,186186
2024-04-29,DEL-BLR,Premium,63,8841,556983
2024-04-29,DEL-BLR,Business,55,18895,1039225
2024-04-29,BOM-BLR,Economy,88,4590,403920
2024-04-29,BOM-BLR,Premium,99,6805,673695
2024-04-29,BOM-BLR,Business,97,12460,1208620
2024-04-29,DEL-HYD,Economy,53,4632,245496
2024-04-29,DEL-HYD,Premium,170,8562,1455540
2024-04-29,DEL-HYD,Business,51,13114,668814
2024-04-29,BLR-HYD,Economy,154,3616,556864
2024-04-29,BLR-HYD,Premium,33,7759,256047
2024-04-29,BLR-HYD,Business,122,14321,1747162
2024-04-30,DEL-BOM,Economy,177,4763,843051
2024-04-30,DEL-BOM,Premium,116,9698,1124968
2024-04-30,DEL-BOM,Business,189,14151,2674539
2024-04-30,DEL-BLR,Economy,60,5079,304740
2024-04-30,DEL-BLR,Premium,47,9903,465441
2024-04-30,DEL-BLR,Business,149,16257,2422293
2024-04-30,BOM-BLR,Economy,32,5491,175712
2024-04-30,BOM-BLR,Premium,93,6100,567300
2024-04-30,BOM-BLR,Business,190,10343,1965170
2024-04-30,DEL-HYD,Economy,187,3365,629255
2024-04-30,DEL-HYD,Premium,164,8276,1357264
2024-04-30,DEL-HYD,Business,149,19533,2910417
2024-04-30,BLR-HYD,Economy,156,5883,917748
2024-04-30,BLR-HYD,Premium,69,7117,491073
2024-04-30,BLR-HYD,Business,104,10924,1136096
2024-05-01,DEL-BOM,Economy,171,3585,613035
2024-05-01,DEL-BOM,Premium,37,6495,240315
2024-05-01,DEL-BOM,Business,64,12120,775680
2024-05-01,DEL-BLR,Economy,33,3156,104148
2024-05-01,DEL-BLR,Premium,167,8154,1361718
2024-05-01,DEL-BLR,Business,174,14626,2544924
2024-05-01,BOM-BLR,Economy,109,4971,541839
2024-05-01,BOM-BLR,Premium,173,9504,1644192
2024-05-01,BOM-BLR,Business,150,10786,1617900
2024-05-01,DEL-HYD,Economy,36,5027,180972
2024-05-01,DEL-HYD,Premium,82,7898,647636
2024-05-01,DEL-HYD,Business,74,13783,1019942
2024-05-01,BLR-HYD,Economy,71,5915,419965
2024-05-01,BLR-HYD,Premium,26,8349,217074
2024-05-01,BLR-HYD,Business,163,16965,2765295
2024-05-02,DEL-BOM,Economy,81,4152,336312
2024-05-02,DEL-BOM,Premium,137,6143,841591
2024-05-02,DEL-BOM,Business,176,16031,2821456
2024-05-02,DEL-BLR,Economy,167,4359,727953
2024-05-02,DEL-BLR,Premium,62,6089,377518
2024-05-02,DEL-BLR,Business,180,10300,1854000
2024-05-02,BOM-BLR,Economy,82,4459,365638
2024-05-02,BOM-BLR,Premium,21,6619,138999
2024-05-02,BOM-BLR,Business,159,16048,2551632
2024-05-02,DEL-HYD,Economy,32,4751,152032
2024-05-02,DEL-HYD,Premium,67,7959,533253
2024-05-02,DEL-HYD,Business,106,16447,1743382
2024-05-02,BLR-HYD,Economy,143,5177,740311
2024-05-02,BLR-HYD,Premium,65,7206,468390
2024-05-02,BLR-HYD,Business,119,12721,1513799
2024-05-03,DEL-BOM,Economy,63,4532,285516
2024-05-03,DEL-BOM,Premium,119,9089,1081591
2024-05-03,DEL-BOM,Business,199,13122,2611278
2024-05-03,DEL-BLR,Economy,90,3479,313110
2024-05-03,DEL-BLR,Premium,103,8666,892598
2024-05-03,DEL-BLR,Business,67,16666,1116622
2024-05-03,BOM-BLR,Economy,162,3191,516942
2024-05-03,BOM-BLR,Premium,56,9342,523152
2024-05-03,BOM-BLR,Business,112,14500,1624000
2024-05-03,DEL-HYD,Economy,91,4172,379652
2024-05-03,DEL-HYD,Premium,91,6471,588861
2024-05-03,DEL-HYD,Business,54,17670,954180
2024-05-03,BLR-HYD,Economy,33,5825,192225
2024-05-03,BLR-HYD,Premium,138,9240,1275120
2024-05-03,BLR-HYD,Business,141,19154,2700714
2024-05-04,DEL-BOM,Economy,134,5827,780818
2024-05-04,DEL-BOM,Premium,189,6865,1297485
2024-05-04,DEL-BOM,Business,140,10018,1402520
2024-05-04,DEL-BLR,Economy,149,4104,611496
2024-05-04,DEL-BLR,Premium,25,6636,165900
2024-05-04,DEL-BLR,Business,146,12567,1834782
2024-05-04,BOM-BLR,Economy,158,5683,897914
2024-05-04,BOM-BLR,Premium,29,8259,239511
2024-05-04,BOM-BLR,Business,27,19065,514755
2024-05-04,DEL-HYD,Economy,33,3751,123783
2024-05-04,DEL-HYD,Premium,105,7329,769545
2024-05-04,DEL-HYD,Business,186,15413,2866818
2024-05-04,BLR-HYD,Economy,63,3085,194355
2024-05-04,BLR-HYD,Premium,138,6377,880026
2024-05-04,BLR-HYD,Business,164,19111,3134204
2024-05-05,DEL-BOM,Economy,70,5313,371910
2024-05-05,DEL-BOM,Premium,89,7405,659045
2024-05-05,DEL-BOM,Business,52,14920,775840
2024-05-05,DEL-BLR,Economy,115,4995,574425
2024-05-05,DEL-BLR,Premium,46,6109,281014
2024-05-05,DEL-BLR,Business,199,18216,3624984
2024-05-05,BOM-BLR,Economy,94,5838,548772
2024-05-05,BOM-BLR,Premium,199,7917,1575483
2024-05-05,BOM-BLR,Business,50,16401,820050
2024-05-05,DEL-HYD,Economy,37,5734,212158
2024-05-05,DEL-HYD,Premium,103,6881,708743
2024-05-05,DEL-HYD,Business,165,12135,2002275
2024-05-05,BLR-HYD,Economy,91,4565,415415
2024-05-05,BLR-HYD,Premium,157,6435,1010295
2024-05-05,BLR-HYD,Business,158,13235,2091130
2024-05-06,DEL-BOM,Economy,180,3942,709560
2024-05-06,DEL-BOM,Premium,87,8257,718359
2024-05-06,DEL-BOM,Business,38,13381,508478
2024-05-06,DEL-BLR,Economy,84,5187,435708
2024-05-06,DEL-BLR,Premium,72,7927,570744
2024-05-06,DEL-BLR,Business,131,15533,2034823
2024-05-06,BOM-BLR,Economy,32,4362,139584
2024-05-06,BOM-BLR,Premium,109,8938,974242
2024-05-06,BOM-BLR,Business,95,11131,1057445
2024-05-06,DEL-HYD,Economy,175,5641,987175
2024-05-06,DEL-HYD,Premium,154,9033,1391082
2024-05-06,DEL-HYD,Business,35,15307,535745
2024-05-06,BLR-HYD,Economy,92,5591,514372
2024-05-06,BLR-HYD,Premium,160,9530,1524800
2024-05-06,BLR-HYD,Business,188,10654,2002952
2024-05-07,DEL-BOM,Economy,125,3759,469875
2024-05-07,DEL-BOM,Premium,59,6415,378485
2024-05-07,DEL-BOM,Business,162,16154,2616948
2024-05-07,DEL-BLR,Economy,127,3025,384175
2024-05-07,DEL-BLR,Premium,170,7876,1338920
2024-05-07,DEL-BLR,Business,187,12682,2371534
2024-05-07,BOM-BLR,Economy,163,3989,650207
2024-05-07,BOM-BLR,Premium,87,8383,729321
2024-05-07,BOM-BLR,Business,125,14452,1806500
2024-05-07,DEL-HYD,Economy,116,4755,551580
2024-05-07,DEL-HYD,Premium,47,6196,291212
2024-05-07,DEL-HYD,Business,96,11388,1093248
2024-05-07,BLR-HYD,Economy,131,3569,467539
2024-05-07,BLR-HYD,Premium,61,8883,541863
2024-05-07,BLR-HYD,Business,52,11223,583596
2024-05-08,DEL-BOM,Economy,120,3767,452040
2024-05-08,DEL-BOM,Premium,162,8446,1368252
2024-05-08,DEL-BOM,Business,102,12569,1282038
2024-05-08,DEL-BLR,Economy,159,4013,638067
2024-05-08,DEL-BLR,Premium,99,9352,925848
2024-05-08,DEL-BLR,Business,117,10572,1236924
2024-05-08,BOM-BLR,Economy,72,3657,263304
2024-05-08,BOM-BLR,Premium,82,6225,510450
2024-05-08,BOM-BLR,Business,23,13407,308361
2024-05-08,DEL-HYD,Economy,95,3865,367175
2024-05-08,DEL-HYD,Premium,115,6250,718750
2024-05-08,DEL-HYD,Business,182,18102,3294564
2024-05-08,BLR-HYD,Economy,109,3560,388040
2024-05-08,BLR-HYD,Premium,170,9203,1564510
2024-05-08,BLR-HYD,Business,78,12262,956436
2024-05-09,DEL-BOM,Economy,149,3471,517179
2024-05-09,DEL-BOM,Premium,145,9310,1349950
2024-05-09,DEL-BOM,Business,130,19266,2504580
2024-05-09,DEL-BLR,Economy,62,3688,228656
2024-05-09,DEL-BLR,Premium,99,9438,934362
2024-05-09,DEL-BLR,Business,162,13491,2185542
2024-05-09,BOM-BLR,Economy,132,5901,778932
2024-05-09,BOM-BLR,Premium,143,6587,941941
2024-05-09,BOM-BLR,Business,75,17211,1290825
2024-05-09,DEL-HYD,Economy,178,3206,570668
2024-05-09,DEL-HYD,Premium,35,8964,313740
2024-05-09,DEL-HYD,Business,56,18605,1041880
2024-05-09,BLR-HYD,Economy,64,5253,336192
2024-05-09,BLR-HYD,Premium,71,6364,451844
2024-05-09,BLR-HYD,Business,26,10579,275054
2024-05-10,DEL-BOM,Economy,53,4729,250637
2024-05-10,DEL-BOM,Premium,29,7320,212280
2024-05-10,DEL-BOM,Business,141,11381,1604721
2024-05-10,DEL-BLR,Economy,147,5738,843486
2024-05-10,DEL-BLR,Premium,111,9814,1089354
2024-05-10,DEL-BLR,Business,104,14144,1470976
2024-05-10,BOM-BLR,Economy,28,4168,116704
2024-05-10,BOM-BLR,Premium,81,8867,718227
2024-05-10,BOM-BLR,Business,59,13555,799745
2024-05-10,DEL-HYD,Economy,69,4869,335961
2024-05-10,DEL-HYD,Premium,62,9691,600842
2024-05-10,DEL-HYD,Business,25,14025,350625
2024-05-10,BLR-HYD,Economy,40,3091,123640
2024-05-10,BLR-HYD,Premium,75,9443,708225
2024-05-10,BLR-HYD,Business,44,11812,519728
2024-05-11,DEL-BOM,Economy,37,4966,183742
2024-05-11,DEL-BOM,Premium,38,9936,377568
2024-05-11,DEL-BOM,Business,150,10551,1582650
2024-05-11,DEL-BLR,Economy,86,4176,359136
2024-05-11,DEL-BLR,Premium,74,7459,551966
2024-05-11,DEL-BLR,Business,131,15490,2029190
2024-05-11,BOM-BLR,Economy,136,4520,614720
2024-05-11,BOM-BLR,Premium,100,7345,734500
2024-05-11,BOM-BLR,Business,154,10314,1588356
2024-05-11,DEL-HYD,Economy,39,5376,209664
2024-05-11,DEL-HYD,Premium,194,6574,1275356
2024-05-11,DEL-HYD,Business,88,15492,1363296
2024-05-11,BLR-HYD,Economy,100,4574,457400
2024-05-11,BLR-HYD,Premium,192,9992,1918464
2024-05-11,BLR-HYD,Business,48,18498,887904
2024-05-12,DEL-BOM,Economy,171,3013,515223
2024-05-12,DEL-BOM,Premium,31,6528,202368
2024-05-12,DEL-BOM,Business,107,14736,1576752
2024-05-12,DEL-BLR,Economy,98,4311,422478
2024-05-12,DEL-BLR,Premium,182,8842,1609244
2024-05-12,DEL-BLR,Business,128,13392,1714176
2024-05-12,BOM-BLR,Economy,196,5156,1010576
2024-05-12,BOM-BLR,Premium,66,7850,518100
2024-05-12,BOM-BLR,Business,122,17194,2097668
2024-05-12,DEL-HYD,Economy,37,3678,136086
2024-05-12,DEL-HYD,Premium,101,7607,768307
2024-05-12,DEL-HYD,Business,181,16654,3014374
2024-05-12,BLR-HYD,Economy,156,5042,786552
2024-05-12,BLR-HYD,Premium,198,6593,1305414
2024-05-12,BLR-HYD,Business,161,16310,2625910
2024-05-13,DEL-BOM,Economy,172,5241,901452
2024-05-13,DEL-BOM,Premium,169,6403,1082107
2024-05-13,DEL-BOM,Business,87,19350,1683450
2024-05-13,DEL-BLR,Economy,114,5187,591318
2024-05-13,DEL-BLR,Premium,127,8857,1124839
2024-05-13,DEL-BLR,Business,143,16606,2374658
2024-05-13,BOM-BLR,Economy,127,5169,656463
2024-05-13,BOM-BLR,Premium,90,8856,797040
2024-05-13,BOM-BLR,Business,138,13557,1870866
2024-05-13,DEL-HYD,Economy,64,3313,212032
2024-05-13,DEL-HYD,Premium,181,9854,1783574
2024-05-13,DEL-HYD,Business,89,16658,1482562
2024-05-13,BLR-HYD,Economy,105,3073,322665
2024-05-13,BLR-HYD,Premium,95,6656,632320
2024-05-13,BLR-HYD,Business,139,15171,2108769
2024-05-14,DEL-BOM,Economy,153,3324,508572
2024-05-14,DEL-BOM,Premium,23,6954,159942
2024-05-14,DEL-BOM,Business,87,10687,929769
2024-05-14,DEL-BLR,Economy,73,5850,427050
2024-05-14,DEL-BLR,Premium,127,9367,1189609
2024-05-14,DEL-BLR,Business,65,15904,1033760
2024-05-14,BOM-BLR,Economy,183,4767,872361
2024-05-14,BOM-BLR,Premium,100,8817,881700
2024-05-14,BOM-BLR,Business,96,12581,1207776
2024-05-14,DEL-HYD,Economy,130,4130,536900
2024-05-14,DEL-HYD,Premium,159,7604,1209036
2024-05-14,DEL-HYD,Business,60,18684,1121040
2024-05-14,BLR-HYD,Economy,31,4548,140988
2024-05-14,BLR-HYD,Premium,116,9957,1155012
2024-05-14,BLR-HYD,Business,147,14354,2110038
2024-05-15,DEL-BOM,Economy,139,3516,488724
2024-05-15,DEL-BOM,Premium,145,8164,1183780
2024-05-15,DEL-BOM,Business,135,12590,1699650
2024-05-15,DEL-BLR,Economy,94,3838,360772
2024-05-15,DEL-BLR,Premium,60,8463,507780
2024-05-15,DEL-BLR,Business,197,16539,3258183
2024-05-15,BOM-BLR,Economy,58,4580,265640
2024-05-15,BOM-BLR,Premium,170,6749,1147330
2024-05-15,BOM-BLR,Business,185,11875,2196875
2024-05-15,DEL-HYD,Economy,108,4787,516996
2024-05-15,DEL-HYD,Premium,91,7075,643825
2024-05-15,DEL-HYD,Business,41,12833,526153
2024-05-15,BLR-HYD,Economy,185,4397,813445
2024-05-15,BLR-HYD,Premium,83,7614,631962
2024-05-15,BLR-HYD,Business,142,18273,2594766
2024-05-16,DEL-BOM,Economy,106,5272,558832
2024-05-16,DEL-BOM,Premium,121,9681,1171401
2024-05-16,DEL-BOM,Business,188,13446,2527848
2024-05-16,DEL-BLR,Economy,111,5228,580308
2024-05-16,DEL-BLR,Premium,43,9933,427119
2024-05-16,DEL-BLR,Business,174,19774,3440676
2024-05-16,BOM-BLR,Economy,72,5597,402984
2024-05-16,BOM-BLR,Premium,72,6223,448056
2024-05-16,BOM-BLR,Business,67,11928,799176
2024-05-16,DEL-HYD,Economy,83,3348,277884
2024-05-16,DEL-HYD,Premium,198,8941,1770318
2024-05-16,DEL-HYD,Business,83,16240,1347920
2024-05-16,BLR-HYD,Economy,121,4465,540265
2024-05-16,BLR-HYD,Premium,121,8650,1046650
2024-05-16,BLR-HYD,Business,130,18638,2422940
2024-05-17,DEL-BOM,Economy,118,5718,674724
2024-05-17,DEL-BOM,Premium,44,7986,351384
2024-05-17,DEL-BOM,Business,149,13007,1938043
2024-05-17,DEL-BLR,Economy,88,5824,512512
2024-05-17,DEL-BLR,Premium,178,9185,1634930
2024-05-17,DEL-BLR,Business,104,13055,1357720
2024-05-17,BOM-BLR,Economy,196,3386,663656
2024-05-17,BOM-BLR,Premium,109,8283,902847
2024-05-17,BOM-BLR,Business,24,10122,242928
2024-05-17,DEL-HYD,Economy,163,4280,697640
2024-05-17,DEL-HYD,Premium,199,6862,1365538
2024-05-17,DEL-HYD,Business,139,10148,1410572
2024-05-17,BLR-HYD,Economy,85,3437,292145
2024-05-17,BLR-HYD,Premium,109,9901,1079209
2024-05-17,BLR-HYD,Business,121,14551,1760671
2024-05-18,DEL-BOM,Economy,27,4632,125064
2024-05-18,DEL-BOM,Premium,40,6370,254800
2024-05-18,DEL-BOM,Business,104,12311,1280344
2024-05-18,DEL-BLR,Economy,77,5078,391006
2024-05-18,DEL-BLR,Premium,28,7417,207676
2024-05-18,DEL-BLR,Business,99,10838,1072962
2024-05-18,BOM-BLR,Economy,170,4448,756160
2024-05-18,BOM-BLR,Premium,121,8479,1025959
2024-05-18,BOM-BLR,Business,178,15192,2704176
2024-05-18,DEL-HYD,Economy,110,3215,353650
2024-05-18,DEL-HYD,Premium,48,7962,382176
2024-05-18,DEL-HYD,Business,91,16697,1519427
2024-05-18,BLR-HYD,Economy,154,4065,626010
2024-05-18,BLR-HYD,Premium,77,8584,660968
2024-05-18,BLR-HYD,Business,148,10947,1620156
2024-05-19,DEL-BOM,Economy,172,4717,811324
2024-05-19,DEL-BOM,Premium,25,6313,157825
2024-05-19,DEL-BOM,Business,85,13670,1161950
2024-05-19,DEL-BLR,Economy,21,5251,110271
2024-05-19,DEL-BLR,Premium,167,7391,1234297
2024-05-19,DEL-BLR,Business,84,13549,1138116
2024-05-19,BOM-BLR,Economy,124,5542,687208
2024-05-19,BOM-BLR,Premium,74,7239,535686
2024-05-19,BOM-BLR,Business,64,15577,996928
2024-05-19,DEL-HYD,Economy,54,4559,246186
2024-05-19,DEL-HYD,Premium,35,8290,290150
2024-05-19,DEL-HYD,Business,30,19945,598350
2024-05-19,BLR-HYD,Economy,134,4603,616802
2024-05-19,BLR-HYD,Premium,160,7098,1135680
2024-05-19,BLR-HYD,Business,122,13787,1682014
2024-05-20,DEL-BOM,Economy,26,5096,132496
2024-05-20,DEL-BOM,Premium,120,9662,1159440
2024-05-20,DEL-BOM,Business,146,11667,1703382
2024-05-20,DEL-BLR,Economy,39,5545,216255
2024-05-20,DEL-BLR,Premium,51,7356,375156
2024-05-20,DEL-BLR,Business,75,17965,1347375
2024-05-20,BOM-BLR,Economy,73,5083,371059
2024-05-20,BOM-BLR,Premium,99,8642,855558
2024-05-20,BOM-BLR,Business,88,13799,1214312
2024-05-20,DEL-HYD,Economy,126,4132,520632
2024-05-20,DEL-HYD,Premium,87,8739,760293
2024-05-20,DEL-HYD,Business,197,15009,2956773
2024-05-20,BLR-HYD,Economy,41,5113,209633
2024-05-20,BLR-HYD,Premium,63,7582,477666
2024-05-20,BLR-HYD,Business,73,17503,1277719
2024-05-21,DEL-BOM,Economy,178,4266,759348
2024-05-21,DEL-BOM,Premium,68,8561,582148
2024-05-21,DEL-BOM,Business,195,17226,3359070
2024-05-21,DEL-BLR,Economy,116,4122,478152
2024-05-21,DEL-BLR,Premium,198,7537,1492326
2024-05-21,DEL-BLR,Business,60,17396,1043760
2024-05-21,BOM-BLR,Economy,101,4411,445511
2024-05-21,BOM-BLR,Premium,154,9830,1513820
2024-05-21,BOM-BLR,Business,118,13145,1551110
2024-05-21,DEL-HYD,Economy,190,4872,925680
2024-05-21,DEL-HYD,Premium,156,6928,1080768
2024-05-21,DEL-HYD,Business,119,19244,2290036
2024-05-21,BLR-HYD,Economy,144,5509,793296
2024-05-21,BLR-HYD,Premium,139,8204,1140356
2024-05-21,BLR-HYD,Business,23,15560,357880
2024-05-22,DEL-BOM,Economy,196,3719,728924
2024-05-22,DEL-BOM,Premium,150,6061,909150
2024-05-22,DEL-BOM,Business,121,19747,2389387
2024-05-22,DEL-BLR,Economy,77,3111,239547
2024-05-22,DEL-BLR,Premium,138,7075,976350
2024-05-22,DEL-BLR,Business,27,16379,442233
2024-05-22,BOM-BLR,Economy,152,4604,699808
2024-05-22,BOM-BLR,Premium,156,7055,1100580
2024-05-22,BOM-BLR,Business,145,12161,1763345
2024-05-22,DEL-HYD,Economy,48,5690,273120
2024-05-22,DEL-HYD,Premium,49,7945,389305
2024-05-22,DEL-HYD,Business,44,15419,678436
2024-05-22,BLR-HYD,Economy,182,5358,975156
2024-05-22,BLR-HYD,Premium,149,9829,1464521
2024-05-22,BLR-HYD,Business,191,15073,2878943
2024-05-23,DEL-BOM,Economy,96,4645,445920
2024-05-23,DEL-BOM,Premium,125,7353,919125
2024-05-23,DEL-BOM,Business,75,17329,1299675
2024-05-23,DEL-BLR,Economy,49,4790,234710
2024-05-23,DEL-BLR,Premium,74,7538,557812
2024-05-23,DEL-BLR,Business,76,15317,1164092
2024-05-23,BOM-BLR,Economy,62,5235,324570
2024-05-23,BOM-BLR,Premium,30,7377,221310
2024-05-23,BOM-BLR,Business,165,10615,1751475
2024-05-23,DEL-HYD,Economy,199,4581,911619
2024-05-23,DEL-HYD,Premium,133,6254,831782
2024-05-23,DEL-HYD,Business,143,19825,2834975
2024-05-23,BLR-HYD,Economy,76,5926,450376
2024-05-23,BLR-HYD,Premium,39,7298,284622
2024-05-23,BLR-HYD,Business,94,14423,1355762
2024-05-24,DEL-BOM,Economy,174,3551,617874
2024-05-24,DEL-BOM,Premium,102,8729,890358
2024-05-24,DEL-BOM,Business,188,17776,3341888
2024-05-24,DEL-BLR,Economy,130,3527,458510
2024-05-24,DEL-BLR,Premium,31,7668,237708
2024-05-24,DEL-BLR,Business,136,13022,1770992
2024-05-24,BOM-BLR,Economy,32,5720,183040
2024-05-24,BOM-BLR,Premium,37,6116,226292
2024-05-24,BOM-BLR,Business,45,13737,618165
2024-05-24,DEL-HYD,Economy,195,3752,731640
2024-05-24,DEL-HYD,Premium,153,8097,1238841
2024-05-24,DEL-HYD,Business,125,15544,1943000
2024-05-24,BLR-HYD,Economy,91,3987,362817
2024-05-24,BLR-HYD,Premium,176,7997,1407472
2024-05-24,BLR-HYD,Business,45,13981,629145
2024-05-25,DEL-BOM,Economy,41,4586,188026
2024-05-25,DEL-BOM,Premium,123,6600,811800
2024-05-25,DEL-BOM,Business,157,10250,1609250
2024-05-25,DEL-BLR,Economy,28,3078,86184
2024-05-25,DEL-BLR,Premium,172,6225,1070700
2024-05-25,DEL-BLR,Business,53,12178,645434
2024-05-25,BOM-BLR,Economy,139,5885,818015
2024-05-25,BOM-BLR,Premium,166,9281,1540646
2024-05-25,BOM-BLR,Business,92,14228,1308976
2024-05-25,DEL-HYD,Economy,86,5698,490028
2024-05-25,DEL-HYD,Premium,148,8076,1195248
2024-05-25,DEL-HYD,Business,31,15249,472719
2024-05-25,BLR-HYD,Economy,56,4196,234976
2024-05-25,BLR-HYD,Premium,169,6138,1037322
2024-05-25,BLR-HYD,Business,77,11013,848001
2024-05-26,DEL-BOM,Economy,162,3827,619974
2024-05-26,DEL-BOM,Premium,62,7865,487630
2024-05-26,DEL-BOM,Business,83,13735,1140005
2024-05-26,DEL-BLR,Economy,85,5213,443105
2024-05-26,DEL-BLR,Premium,45,7218,324810
2024-05-26,DEL-BLR,Business,97,11460,1111620
2024-05-26,BOM-BLR,Economy,86,5905,507830
2024-05-26,BOM-BLR,Premium,57,6760,385320
2024-05-26,BOM-BLR,Business,46,13071,601266
2024-05-26,DEL-HYD,Economy,63,3355,211365
2024-05-26,DEL-HYD,Premium,146,6679,975134
2024-05-26,DEL-HYD,Business,150,15835,2375250
2024-05-26,BLR-HYD,Economy,65,5773,375245
2024-05-26,BLR-HYD,Premium,88,7108,625504
2024-05-26,BLR-HYD,Business,88,15057,1325016
2024-05-27,DEL-BOM,Economy,178,3672,653616
2024-05-27,DEL-BOM,Premium,193,8162,1575266
2024-05-27,DEL-BOM,Business,50,14071,703550
2024-05-27,DEL-BLR,Economy,124,3538,438712
2024-05-27,DEL-BLR,Premium,122,9604,1171688
2024-05-27,DEL-BLR,Business,199,17422,3466978
2024-05-27,BOM-BLR,Economy,80,3037,242960
2024-05-27,BOM-BLR,Premium,149,8975,1337275
2024-05-27,BOM-BLR,Business,188,10818,2033784
2024-05-27,DEL-HYD,Economy,24,3012,72288
2024-05-27,DEL-HYD,Premium,172,8418,1447896
2024-05-27,DEL-HYD,Business,95,17957,1705915
2024-05-27,BLR-HYD,Economy,122,4228,515816
2024-05-27,BLR-HYD,Premium,150,8515,1277250
2024-05-27,BLR-HYD,Business,88,16343,1438184
2024-05-28,DEL-BOM,Economy,197,3211,632567
2024-05-28,DEL-BOM,Premium,135,8764,1183140
2024-05-28,DEL-BOM,Business,58,10727,622166
2024-05-28,DEL-BLR,Economy,131,5862,767922
2024-05-28,DEL-BLR,Premium,147,7612,1118964
2024-05-28,DEL-BLR,Business,34,17492,594728
2024-05-28,BOM-BLR,Economy,188,3977,747676
2024-05-28,BOM-BLR,Premium,26,9161,238186
2024-05-28,BOM-BLR,Business,74,19215,1421910
2024-05-28,DEL-HYD,Economy,48,5804,278592
2024-05-28,DEL-HYD,Premium,52,9860,512720
2024-05-28,DEL-HYD,Business,42,12233,513786
2024-05-28,BLR-HYD,Economy,161,3604,580244
2024-05-28,BLR-HYD,Premium,122,8636,1053592
2024-05-28,BLR-HYD,Business,170,16944,2880480
2024-05-29,DEL-BOM,Economy,37,4096,151552
2024-05-29,DEL-BOM,Premium,36,8778,316008
2024-05-29,DEL-BOM,Business,139,10595,1472705
2024-05-29,DEL-BLR,Economy,172,3841,660652
2024-05-29,DEL-BLR,Premium,104,7423,771992
2024-05-29,DEL-BLR,Business,146,19487,2845102
2024-05-29,BOM-BLR,Economy,35,4447,155645
2024-05-29,BOM-BLR,Premium,40,9055,362200
2024-05-29,BOM-BLR,Business,60,19281,1156860
2024-05-29,DEL-HYD,Economy,156,3436,536016
2024-05-29,DEL-HYD,Premium,122,9638,1175836
2024-05-29,DEL-HYD,Business,120,18428,2211360
2024-05-29,BLR-HYD,Economy,45,4144,186480
2024-05-29,BLR-HYD,Premium,65,8681,564265
2024-05-29,BLR-HYD,Business,78,12665,987870
2024-05-30,DEL-BOM,Economy,36,5279,190044
2024-05-30,DEL-BOM,Premium,43,8549,367607
2024-05-30,DEL-BOM,Business,51,16033,817683
2024-05-30,DEL-BLR,Economy,56,4817,269752
2024-05-30,DEL-BLR,Premium,83,6915,573945
2024-05-30,DEL-BLR,Business,105,12907,1355235
2024-05-30,BOM-BLR,Economy,118,4258,502444
2024-05-30,BOM-BLR,Premium,196,8147,1596812
2024-05-30,BOM-BLR,Business,106,10938,1159428
2024-05-30,DEL-HYD,Economy,120,5724,686880
2024-05-30,DEL-HYD,Premium,133,9435,1254855
2024-05-30,DEL-HYD,Business,103,18405,1895715
2024-05-30,BLR-HYD,Economy,69,3058,211002
2024-05-30,BLR-HYD,Premium,175,7729,1352575
2024-05-30,BLR-HYD,Business,155,13345,2068475
2024-05-31,DEL-BOM,Economy,69,5165,356385
2024-05-31,DEL-BOM,Premium,158,8923,1409834
2024-05-31,DEL-BOM,Business,97,18266,1771802
2024-05-31,DEL-BLR,Economy,58,3020,175160
2024-05-31,DEL-BLR,Premium,67,7172,480524
2024-05-31,DEL-BLR,Business,135,11174,1508490
2024-05-31,BOM-BLR,Economy,160,4092,654720
2024-05-31,BOM-BLR,Premium,28,7442,208376
2024-05-31,BOM-BLR,Business,100,11541,1154100
2024-05-31,DEL-HYD,Economy,86,3395,291970
2024-05-31,DEL-HYD,Premium,85,7422,630870
2024-05-31,DEL-HYD,Business,176,12269,2159344
2024-05-31,BLR-HYD,Economy,175,3653,639275
2024-05-31,BLR-HYD,Premium,179,7367,1318693
2024-05-31,BLR-HYD,Business,101,13959,1409859
2024-06-01,DEL-BOM,Economy,43,4893,210399
2024-06-01,DEL-BOM,Premium,66,7738,510708
2024-06-01,DEL-BOM,Business,43,10555,453865
2024-06-01,DEL-BLR,Economy,95,4336,411920
2024-06-01,DEL-BLR,Premium,143,7942,1135706
2024-06-01,DEL-BLR,Business,182,13867,2523794
2024-06-01,BOM-BLR,Economy,142,5513,782846
2024-06-01,BOM-BLR,Premium,155,8165,1265575
2024-06-01,BOM-BLR,Business,72,10992,791424
2024-06-01,DEL-HYD,Economy,68,4377,297636
2024-06-01,DEL-HYD,Premium,82,7305,599010
2024-06-01,DEL-HYD,Business,56,12983,727048
2024-06-01,BLR-HYD,Economy,111,4958,550338
2024-06-01,BLR-HYD,Premium,72,6485,466920
2024-06-01,BLR-HYD,Business,127,19957,2534539
2024-06-02,DEL-BOM,Economy,175,4220,738500
2024-06-02,DEL-BOM,Premium,102,8427,859554
2024-06-02,DEL-BOM,Business,123,19110,2350530
2024-06-02,DEL-BLR,Economy,129,4313,556377
2024-06-02,DEL-BLR,Premium,77,7327,564179
2024-06-02,DEL-BLR,Business,60,10233,613980
2024-06-02,BOM-BLR,Economy,44,4907,215908
2024-06-02,BOM-BLR,Premium,138,7359,1015542
2024-06-02,BOM-BLR,Business,87,10212,888444
2024-06-02,DEL-HYD,Economy,142,4741,673222
2024-06-02,DEL-HYD,Premium,102,7045,718590
2024-06-02,DEL-HYD,Business,120,15578,1869360
2024-06-02,BLR-HYD,Economy,195,3769,734955
2024-06-02,BLR-HYD,Premium,126,7959,1002834
2024-06-02,BLR-HYD,Business,21,17937,376677
2024-06-03,DEL-BOM,Economy,112,3224,361088
2024-06-03,DEL-BOM,Premium,120,7888,946560
2024-06-03,DEL-BOM,Business,146,13551,1978446
2024-06-03,DEL-BLR,Economy,174,5304,922896
2024-06-03,DEL-BLR,Premium,52,7575,393900
2024-06-03,DEL-BLR,Business,36,17777,639972
2024-06-03,BOM-BLR,Economy,156,5423,845988
2024-06-03,BOM-BLR,Premium,73,7304,533192
2024-06-03,BOM-BLR,Business,193,19493,3762149
2024-06-03,DEL-HYD,Economy,158,4711,744338
2024-06-03,DEL-HYD,Premium,182,7325,1333150
2024-06-03,DEL-HYD,Business,155,11242,1742510
2024-06-03,BLR-HYD,Economy,111,4831,536241
2024-06-03,BLR-HYD,Premium,146,9232,1347872
2024-06-03,BLR-HYD,Business,129,11824,1525296
2024-06-04,DEL-BOM,Economy,132,4228,558096
2024-06-04,DEL-BOM,Premium,104,8825,917800
2024-06-04,DEL-BOM,Business,134,19491,2611794
2024-06-04,DEL-BLR,Economy,76,5286,401736
2024-06-04,DEL-BLR,Premium,29,6368,184672
2024-06-04,DEL-BLR,Business,158,11469,1812102
2024-06-04,BOM-BLR,Economy,137,3163,433331
2024-06-04,BOM-BLR,Premium,123,6055,744765
2024-06-04,BOM-BLR,Business,151,12892,1946692
2024-06-04,DEL-HYD,Economy,199,4438,883162
2024-06-04,DEL-HYD,Premium,106,9891,1048446
2024-06-04,DEL-HYD,Business,41,19952,818032
2024-06-04,BLR-HYD,Economy,77,4116,316932
2024-06-04,BLR-HYD,Premium,26,7018,182468
2024-06-04,BLR-HYD,Business,125,18281,2285125
2024-06-05,DEL-BOM,Economy,117,4004,468468
2024-06-05,DEL-BOM,Premium,55,8711,479105
2024-06-05,DEL-BOM,Business,164,19308,3166512
2024-06-05,DEL-BLR,Economy,133,3283,436639
2024-06-05,DEL-BLR,Premium,162,6743,1092366
2024-06-05,DEL-BLR,Business,52,11736,610272
2024-06-05,BOM-BLR,Economy,42,5906,248052
2024-06-05,BOM-BLR,Premium,104,7054,733616
2024-06-05,BOM-BLR,Business,141,19604,2764164
2024-06-05,DEL-HYD,Economy,160,3667,586720
2024-06-05,DEL-HYD,Premium,134,8094,1084596
2024-06-05,DEL-HYD,Business,90,13650,1228500
2024-06-05,BLR-HYD,Economy,81,4132,334692
2024-06-05,BLR-HYD,Premium,138,9453,1304514
2024-06-05,BLR-HYD,Business,71,12384,879264
2024-06-06,DEL-BOM,Economy,61,4405,268705
2024-06-06,DEL-BOM,Premium,155,7385,1144675
2024-06-06,DEL-BOM,Business,132,18445,2434740
2024-06-06,DEL-BLR,Economy,133,5067,673911
2024-06-06,DEL-BLR,Premium,38,9575,363850
2024-06-06,DEL-BLR,Business,185,12908,2387980
2024-06-06,BOM-BLR,Economy,124,5659,701716
2024-06-06,BOM-BLR,Premium,95,6912,656640
2024-06-06,BOM-BLR,Business,92,14491,1333172
2024-06-06,DEL-HYD,Economy,115,4880,561200
2024-06-06,DEL-HYD,Premium,25,6235,155875
2024-06-06,DEL-HYD,Business,182,18183,3309306
2024-06-06,BLR-HYD,Economy,81,3209,259929
2024-06-06,BLR-HYD,Premium,115,7881,906315
2024-06-06,BLR-HYD,Business,105,10393,1091265
2024-06-07,DEL-BOM,Economy,140,3843,538020
2024-06-07,DEL-BOM,Premium,89,7939,706571
2024-06-07,DEL-BOM,Business,42,13770,578340
2024-06-07,DEL-BLR,Economy,65,4813,312845
2024-06-07,DEL-BLR,Premium,142,8738,1240796
2024-06-07,DEL-BLR,Business,58,18353,1064474
2024-06-07,BOM-BLR,Economy,94,4909,461446
2024-06-07,BOM-BLR,Premium,73,7057,515161
2024-06-07,BOM-BLR,Business,141,16461,2321001
2024-06-07,DEL-HYD,Economy,42,5871,246582
2024-06-07,DEL-HYD,Premium,185,9184,1699040
2024-06-07,DEL-HYD,Business,147,19018,2795646
2024-06-07,BLR-HYD,Economy,157,4890,767730
2024-06-07,BLR-HYD,Premium,165,9179,1514535
2024-06-07,BLR-HYD,Business,81,16371,1326051
2024-06-08,DEL-BOM,Economy,179,3266,584614
2024-06-08,DEL-BOM,Premium,142,6701,951542
2024-06-08,DEL-BOM,Business,53,19063,1010339
2024-06-08,DEL-BLR,Economy,59,4810,283790
2024-06-08,DEL-BLR,Premium,83,8350,693050
2024-06-08,DEL-BLR,Business,35,12739,445865
2024-06-08,BOM-BLR,Economy,195,5730,1117350
2024-06-08,BOM-BLR,Premium,196,7772,1523312
2024-06-08,BOM-BLR,Business,74,10292,761608
2024-06-08,DEL-HYD,Economy,135,3535,477225
2024-06-08,DEL-HYD,Premium,154,6233,959882
2024-06-08,DEL-HYD,Business,141,18226,2569866
2024-06-08,BLR-HYD,Economy,160,4558,729280
2024-06-08,BLR-HYD,Premium,186,7103,1321158
2024-06-08,BLR-HYD,Business,159,17869,2841171
2024-06-09,DEL-BOM,Economy,160,4921,787360
2024-06-09,DEL-BOM,Premium,94,7894,742036
2024-06-09,DEL-BOM,Business,35,16948,593180
2024-06-09,DEL-BLR,Economy,100,5987,598700
2024-06-09,DEL-BLR,Premium,121,9009,1090089
2024-06-09,DEL-BLR,Business,80,14050,1124000
2024-06-09,BOM-BLR,Economy,89,5922,527058
2024-06-09,BOM-BLR,Premium,38,7721,293398
2024-06-09,BOM-BLR,Business,132,19819,2616108
2024-06-09,DEL-HYD,Economy,49,5502,269598
2024-06-09,DEL-HYD,Premium,146,8674,1266404
2024-06-09,DEL-HYD,Business,37,18672,690864
2024-06-09,BLR-HYD,Economy,96,5916,567936
2024-06-09,BLR-HYD,Premium,71,8765,622315
2024-06-09,BLR-HYD,Business,164,10604,1739056
2024-06-10,DEL-BOM,Economy,183,5969,1092327
2024-06-10,DEL-BOM,Premium,105,9224,968520
2024-06-10,DEL-BOM,Business,105,15780,1656900
2024-06-10,DEL-BLR,Economy,137,4508,617596
2024-06-10,DEL-BLR,Premium,186,8208,1526688
2024-06-10,DEL-BLR,Business,100,15263,1526300
2024-06-10,BOM-BLR,Economy,35,3631,127085
2024-06-10,BOM-BLR,Premium,27,8434,227718
2024-06-10,BOM-BLR,Business,98,13273,1300754
2024-06-10,DEL-HYD,Economy,169,5605,947245
2024-06-10,DEL-HYD,Premium,160,6729,1076640
2024-06-10,DEL-HYD,Business,174,18002,3132348
2024-06-10,BLR-HYD,Economy,134,4629,620286
2024-06-10,BLR-HYD,Premium,31,9755,302405
2024-06-10,BLR-HYD,Business,164,13412,2199568
2024-06-11,DEL-BOM,Economy,76,4875,370500
2024-06-11,DEL-BOM,Premium,140,6201,868140
2024-06-11,DEL-BOM,Business,126,14311,1803186
2024-06-11,DEL-BLR,Economy,62,5934,367908
2024-06-11,DEL-BLR,Premium,56,6320,353920
2024-06-11,DEL-BLR,Business,41,17292,708972
2024-06-11,BOM-BLR,Economy,98,5905,578690
2024-06-11,BOM-BLR,Premium,125,6301,787625
2024-06-11,BOM-BLR,Business,185,13241,2449585
2024-06-11,DEL-HYD,Economy,58,4478,259724
2024-06-11,DEL-HYD,Premium,71,7824,555504
2024-06-11,DEL-HYD,Business,165,15783,2604195
2024-06-11,BLR-HYD,Economy,147,4310,633570
2024-06-11,BLR-HYD,Premium,29,8433,244557
2024-06-11,BLR-HYD,Business,34,11079,376686
2024-06-12,DEL-BOM,Economy,82,4226,346532
2024-06-12,DEL-BOM,Premium,157,9886,1552102
2024-06-12,DEL-BOM,Business,90,19587,1762830
2024-06-12,DEL-BLR,Economy,124,3599,446276
2024-06-12,DEL-BLR,Premium,103,9737,1002911
2024-06-12,DEL-BLR,Business,185,19280,3566800
2024-06-12,BOM-BLR,Economy,53,5423,287419
2024-06-12,BOM-BLR,Premium,149,8196,1221204
2024-06-12,BOM-BLR,Business,167,10864,1814288
2024-06-12,DEL-HYD,Economy,43,4293,184599
2024-06-12,DEL-HYD,Premium,114,7484,853176
2024-06-12,DEL-HYD,Business,43,17705,761315
2024-06-12,BLR-HYD,Economy,99,3421,338679
2024-06-12,BLR-HYD,Premium,182,7564,1376648
2024-06-12,BLR-HYD,Business,100,11308,1130800
2024-06-13,DEL-BOM,Economy,190,3386,643340
2024-06-13,DEL-BOM,Premium,161,8478,1364958
2024-06-13,DEL-BOM,Business,113,11439,1292607
2024-06-13,DEL-BLR,Economy,45,3384,152280
2024-06-13,DEL-BLR,Premium,141,9201,1297341
2024-06-13,DEL-BLR,Business,139,10307,1432673
2024-06-13,BOM-BLR,Economy,110,3801,418110
2024-06-13,BOM-BLR,Premium,148,6339,938172
2024-06-13,BOM-BLR,Business,119,10556,1256164
2024-06-13,DEL-HYD,Economy,156,3104,484224
2024-06-13,DEL-HYD,Premium,125,9238,1154750
2024-06-13,DEL-HYD,Business,67,12511,838237
2024-06-13,BLR-HYD,Economy,35,3896,136360
2024-06-13,BLR-HYD,Premium,184,6191,1139144
2024-06-13,BLR-HYD,Business,81,10238,829278
2024-06-14,DEL-BOM,Economy,39,5747,224133
2024-06-14,DEL-BOM,Premium,171,7667,1311057
2024-06-14,DEL-BOM,Business,96,18023,1730208
2024-06-14,DEL-BLR,Economy,195,5592,1090440
2024-06-14,DEL-BLR,Premium,47,9708,456276
2024-06-14,DEL-BLR,Business,61,14795,902495
2024-06-14,BOM-BLR,Economy,130,5018,652340
2024-06-14,BOM-BLR,Premium,124,8965,1111660
2024-06-14,BOM-BLR,Business,60,17062,1023720
2024-06-14,DEL-HYD,Economy,44,4185,184140
2024-06-14,DEL-HYD,Premium,144,6224,896256
2024-06-14,DEL-HYD,Business,89,11465,1020385
2024-06-14,BLR-HYD,Economy,33,5211,171963
2024-06-14,BLR-HYD,Premium,173,9631,1666163
2024-06-14,BLR-HYD,Business,47,13541,636427
2024-06-15,DEL-BOM,Economy,70,5151,360570
2024-06-15,DEL-BOM,Premium,120,8686,1042320
2024-06-15,DEL-BOM,Business,125,16912,2114000
2024-06-15,DEL-BLR,Economy,58,3276,190008
2024-06-15,DEL-BLR,Premium,151,9388,1417588
2024-06-15,DEL-BLR,Business,157,16523,2594111
2024-06-15,BOM-BLR,Economy,129,3544,457176
2024-06-15,BOM-BLR,Premium,103,6332,652196
2024-06-15,BOM-BLR,Business,47,15615,733905
2024-06-15,DEL-HYD,Economy,128,3618,463104
2024-06-15,DEL-HYD,Premium,161,6991,1125551
2024-06-15,DEL-HYD,Business,142,19108,2713336
2024-06-15,BLR-HYD,Economy,78,5756,448968
2024-06-15,BLR-HYD,Premium,164,6968,1142752
2024-06-15,BLR-HYD,Business,56,10889,609784
2024-06-16,DEL-BOM,Economy,44,5312,233728
2024-06-16,DEL-BOM,Premium,53,7609,403277
2024-06-16,DEL-BOM,Business,89,10349,921061
2024-06-16,DEL-BLR,Economy,51,4129,210579
2024-06-16,DEL-BLR,Premium,91,9377,853307
2024-06-16,DEL-BLR,Business,34,13401,455634
2024-06-16,BOM-BLR,Economy,65,4348,282620
2024-06-16,BOM-BLR,Premium,142,8676,1231992
2024-06-16,BOM-BLR,Business,39,14945,582855
2024-06-16,DEL-HYD,Economy,76,5225,397100
2024-06-16,DEL-HYD,Premium,173,9272,1604056
2024-06-16,DEL-HYD,Business,134,17612,2360008
2024-06-16,BLR-HYD,Economy,89,5755,512195
2024-06-16,BLR-HYD,Premium,164,8556,1403184
2024-06-16,BLR-HYD,Business,89,14047,1250183
2024-06-17,DEL-BOM,Economy,177,4098,725346
2024-06-17,DEL-BOM,Premium,173,7813,1351649
2024-06-17,DEL-BOM,Business,38,17593,668534
2024-06-17,DEL-BLR,Economy,188,5070,953160
2024-06-17,DEL-BLR,Premium,85,8191,696235
2024-06-17,DEL-BLR,Business,96,12846,1233216
2024-06-17,BOM-BLR,Economy,104,5463,568152
2024-06-17,BOM-BLR,Premium,60,9167,550020
2024-06-17,BOM-BLR,Business,187,16564,3097468
2024-06-17,DEL-HYD,Economy,124,4728,586272
2024-06-17,DEL-HYD,Premium,151,6381,963531
2024-06-17,DEL-HYD,Business,194,13621,2642474
2024-06-17,BLR-HYD,Economy,159,5960,947640
2024-06-17,BLR-HYD,Premium,94,7308,686952
2024-06-17,BLR-HYD,Business,39,12465,486135
2024-06-18,DEL-BOM,Economy,196,4849,950404
2024-06-18,DEL-BOM,Premium,147,7437,1093239
2024-06-18,DEL-BOM,Business,38,15255,579690
2024-06-18,DEL-BLR,Economy,22,4259,93698
2024-06-18,DEL-BLR,Premium,164,6498,1065672
2024-06-18,DEL-BLR,Business,113,16111,1820543
2024-06-18,BOM-BLR,Economy,158,4299,679242
2024-06-18,BOM-BLR,Premium,194,6947,1347718
2024-06-18,BOM-BLR,Business,23,15166,348818
2024-06-18,DEL-HYD,Economy,113,5987,676531
2024-06-18,DEL-HYD,Premium,110,6435,707850
2024-06-18,DEL-HYD,Business,87,16524,1437588
2024-06-18,BLR-HYD,Economy,92,4099,377108
2024-06-18,BLR-HYD,Premium,67,8457,566619
2024-06-18,BLR-HYD,Business,96,12873,1235808
2024-06-19,DEL-BOM,Economy,38,5135,195130
2024-06-19,DEL-BOM,Premium,96,8587,824352
2024-06-19,DEL-BOM,Business,85,17737,1507645
2024-06-19,DEL-BLR,Economy,161,3892,626612
2024-06-19,DEL-BLR,Premium,162,6544,1060128
2024-06-19,DEL-BLR,Business,171,13374,2286954
2024-06-19,BOM-BLR,Economy,131,3655,478805
2024-06-19,BOM-BLR,Premium,27,7660,206820
2024-06-19,BOM-BLR,Business,103,12110,1247330
2024-06-19,DEL-HYD,Economy,68,4330,294440
2024-06-19,DEL-HYD,Premium,49,6849,335601
2024-06-19,DEL-HYD,Business,111,19933,2212563
2024-06-19,BLR-HYD,Economy,113,5877,664101
2024-06-19,BLR-HYD,Premium,65,9301,604565
2024-06-19,BLR-HYD,Business,191,11725,2239475
2024-06-20,DEL-BOM,Economy,71,4336,307856
2024-06-20,DEL-BOM,Premium,39,9911,386529
2024-06-20,DEL-BOM,Business,76,18252,1387152
2024-06-20,DEL-BLR,Economy,108,4543,490644
2024-06-20,DEL-BLR,Premium,135,8752,1181520
2024-06-20,DEL-BLR,Business,150,19937,2990550
2024-06-20,BOM-BLR,Economy,124,3337,413788
2024-06-20,BOM-BLR,Premium,68,8670,589560
2024-06-20,BOM-BLR,Business,76,11648,885248
2024-06-20,DEL-HYD,Economy,152,5130,779760
2024-06-20,DEL-HYD,Premium,130,8934,1161420
2024-06-20,DEL-HYD,Business,39,16265,634335
2024-06-20,BLR-HYD,Economy,60,4190,251400
2024-06-20,BLR-HYD,Premium,42,8810,370020
2024-06-20,BLR-HYD,Business,32,15938,510016
2024-06-21,DEL-BOM,Economy,83,4232,351256
2024-06-21,DEL-BOM,Premium,165,9122,1505130
2024-06-21,DEL-BOM,Business,187,11645,2177615
2024-06-21,DEL-BLR,Economy,180,3663,659340
2024-06-21,DEL-BLR,Premium,147,6147,903609
2024-06-21,DEL-BLR,Business,127,12653,1606931
2024-06-21,BOM-BLR,Economy,82,5584,457888
2024-06-21,BOM-BLR,Premium,30,9784,293520
2024-06-21,BOM-BLR,Business,108,14784,1596672
2024-06-21,DEL-HYD,Economy,33,4280,141240
2024-06-21,DEL-HYD,Premium,166,6629,1100414
2024-06-21,DEL-HYD,Business,197,11409,2247573
2024-06-21,BLR-HYD,Economy,33,3256,107448
2024-06-21,BLR-HYD,Premium,108,7230,780840
2024-06-21,BLR-HYD,Business,194,14365,2786810
2024-06-22,DEL-BOM,Economy,171,5670,969570
2024-06-22,DEL-BOM,Premium,93,7750,720750
2024-06-22,DEL-BOM,Business,91,10909,992719
2024-06-22,DEL-BLR,Economy,136,3361,457096
2024-06-22,DEL-BLR,Premium,87,6574,571938
2024-06-22,DEL-BLR,Business,132,19407,2561724
2024-06-22,BOM-BLR,Economy,179,4907,878353
2024-06-22,BOM-BLR,Premium,143,6663,952809
2024-06-22,BOM-BLR,Business,107,19230,2057610
2024-06-22,DEL-HYD,Economy,29,5458,158282
2024-06-22,DEL-HYD,Premium,147,9088,1335936
2024-06-22,DEL-HYD,Business,194,13653,2648682
2024-06-22,BLR-HYD,Economy,123,3203,393969
2024-06-22,BLR-HYD,Premium,191,7865,1502215
2024-06-22,BLR-HYD,Business,98,13129,1286642
2024-06-23,DEL-BOM,Economy,124,3252,403248
2024-06-23,DEL-BOM,Premium,177,8678,1536006
2024-06-23,DEL-BOM,Business,62,16475,1021450
2024-06-23,DEL-BLR,Economy,87,4774,415338
2024-06-23,DEL-BLR,Premium,42,6108,256536
2024-06-23,DEL-BLR,Business,63,14537,915831
2024-06-23,BOM-BLR,Economy,180,4551,819180
2024-06-23,BOM-BLR,Premium,126,6838,861588
2024-06-23,BOM-BLR,Business,109,18221,1986089
2024-06-23,DEL-HYD,Economy,122,4942,602924
2024-06-23,DEL-HYD,Premium,76,7800,592800
2024-06-23,DEL-HYD,Business,156,18160,2832960
2024-06-23,BLR-HYD,Economy,40,4855,194200
2024-06-23,BLR-HYD,Premium,53,9960,527880
2024-06-23,BLR-HYD,Business,34,14460,491640
2024-06-24,DEL-BOM,Economy,116,5847,678252
2024-06-24,DEL-BOM,Premium,175,9028,1579900
2024-06-24,DEL-BOM,Business,98,18298,1793204
2024-06-24,DEL-BLR,Economy,145,3782,548390
2024-06-24,DEL-BLR,Premium,92,6467,594964
2024-06-24,DEL-BLR,Business,185,10603,1961555
2024-06-24,BOM-BLR,Economy,144,4096,589824
2024-06-24,BOM-BLR,Premium,72,7613,548136
2024-06-24,BOM-BLR,Business,32,19266,616512
2024-06-24,DEL-HYD,Economy,38,3148,119624
2024-06-24,DEL-HYD,Premium,43,9756,419508
2024-06-24,DEL-HYD,Business,139,19116,2657124
2024-06-24,BLR-HYD,Economy,36,4603,165708
2024-06-24,BLR-HYD,Premium,80,9420,753600
2024-06-24,BLR-HYD,Business,93,13182,1225926
2024-06-25,DEL-BOM,Economy,21,5040,105840
2024-06-25,DEL-BOM,Premium,45,9170,412650
2024-06-25,DEL-BOM,Business,108,15308,1653264
2024-06-25,DEL-BLR,Economy,122,5946,725412
2024-06-25,DEL-BLR,Premium,60,9890,593400
2024-06-25,DEL-BLR,Business,27,15769,425763
2024-06-25,BOM-BLR,Economy,121,4357,527197
2024-06-25,BOM-BLR,Premium,102,7284,742968
2024-06-25,BOM-BLR,Business,50,17727,886350
2024-06-25,DEL-HYD,Economy,128,3295,421760
2024-06-25,DEL-HYD,Premium,188,6794,1277272
2024-06-25,DEL-HYD,Business,88,10986,966768
2024-06-25,BLR-HYD,Economy,66,3760,248160
2024-06-25,BLR-HYD,Premium,158,6364,1005512
2024-06-25,BLR-HYD,Business,105,17939,1883595
2024-06-26,DEL-BOM,Economy,132,4069,537108
2024-06-26,DEL-BOM,Premium,92,7691,707572
2024-06-26,DEL-BOM,Business,150,18633,2794950
2024-06-26,DEL-BLR,Economy,162,4025,652050
2024-06-26,DEL-BLR,Premium,83,9427,782441
2024-06-26,DEL-BLR,Business,43,18282,786126
2024-06-26,BOM-BLR,Economy,186,3206,596316
2024-06-26,BOM-BLR,Premium,139,7180,998020
2024-06-26,BOM-BLR,Business,20,14490,289800
2024-06-26,DEL-HYD,Economy,93,3186,296298
2024-06-26,DEL-HYD,Premium,75,6729,504675
2024-06-26,DEL-HYD,Business,40,18330,733200
2024-06-26,BLR-HYD,Economy,89,3384,301176
2024-06-26,BLR-HYD,Premium,75,6804,510300
2024-06-26,BLR-HYD,Business,133,18831,2504523
2024-06-27,DEL-BOM,Economy,194,3324,644856
2024-06-27,DEL-BOM,Premium,83,8985,745755
2024-06-27,DEL-BOM,Business,100,16203,1620300
2024-06-27,DEL-BLR,Economy,160,3256,520960
2024-06-27,DEL-BLR,Premium,44,6460,284240
2024-06-27,DEL-BLR,Business,120,17600,2112000
2024-06-27,BOM-BLR,Economy,67,3432,229944
2024-06-27,BOM-BLR,Premium,84,8116,681744
2024-06-27,BOM-BLR,Business,153,10256,1569168
2024-06-27,DEL-HYD,Economy,179,3489,624531
2024-06-27,DEL-HYD,Premium,166,8460,1404360
2024-06-27,DEL-HYD,Business,21,19581,411201
2024-06-27,BLR-HYD,Economy,183,4596,841068
2024-06-27,BLR-HYD,Premium,95,8963,851485
2024-06-27,BLR-HYD,Business,150,10976,1646400
2024-06-28,DEL-BOM,Economy,197,3045,599865
2024-06-28,DEL-BOM,Premium,99,6246,618354
2024-06-28,DEL-BOM,Business,43,12421,534103
2024-06-28,DEL-BLR,Economy,99,3737,369963
2024-06-28,DEL-BLR,Premium,107,7749,829143
2024-06-28,DEL-BLR,Business,164,13644,2237616
2024-06-28,BOM-BLR,Economy,34,5586,189924
2024-06-28,BOM-BLR,Premium,50,8059,402950
2024-06-28,BOM-BLR,Business,178,14332,2551096
2024-06-28,DEL-HYD,Economy,80,5605,448400
2024-06-28,DEL-HYD,Premium,71,9742,691682
2024-06-28,DEL-HYD,Business,138,17069,2355522
2024-06-28,BLR-HYD,Economy,124,4509,559116
2024-06-28,BLR-HYD,Premium,131,7818,1024158
2024-06-28,BLR-HYD,Business,65,11359,738335
2024-06-29,DEL-BOM,Economy,99,5969,590931
2024-06-29,DEL-BOM,Premium,166,6080,1009280
2024-06-29,DEL-BOM,Business,173,13641,2359893
2024-06-29,DEL-BLR,Economy,82,3503,287246
2024-06-29,DEL-BLR,Premium,191,9498,1814118
2024-06-29,DEL-BLR,Business,85,16604,1411340
2024-06-29,BOM-BLR,Economy,163,5426,884438
2024-06-29,BOM-BLR,Premium,127,7450,946150
2024-06-29,BOM-BLR,Business,189,12022,2272158
2024-06-29,DEL-HYD,Economy,177,4011,709947
2024-06-29,DEL-HYD,Premium,26,9026,234676
2024-06-29,DEL-HYD,Business,123,12646,1555458
2024-06-29,BLR-HYD,Economy,21,5289,111069
2024-06-29,BLR-HYD,Premium,99,6765,669735
2024-06-29,BLR-HYD,Business,195,12666,2469870
2024-06-30,DEL-BOM,Economy,38,4872,185136
2024-06-30,DEL-BOM,Premium,153,9888,1512864
2024-06-30,DEL-BOM,Business,69,15899,1097031
2024-06-30,DEL-BLR,Economy,42,3565,149730
2024-06-30,DEL-BLR,Premium,78,7794,607932
2024-06-30,DEL-BLR,Business,76,19305,1467180
2024-06-30,BOM-BLR,Economy,74,3556,263144
2024-06-30,BOM-BLR,Premium,40,7361,294440
2024-06-30,BOM-BLR,Business,199,10671,2123529
2024-06-30,DEL-HYD,Economy,29,3831,111099
2024-06-30,DEL-HYD,Premium,88,8075,710600
2024-06-30,DEL-HYD,Business,23,16763,385549
2024-06-30,BLR-HYD,Economy,93,4001,372093
2024-06-30,BLR-HYD,Premium,37,8338,308506
2024-06-30,BLR-HYD,Business,78,17234,1344252
2024-07-01,DEL-BOM,Economy,56,5514,308784
2024-07-01,DEL-BOM,Premium,180,6188,1113840
2024-07-01,DEL-BOM,Business,141,15901,2242041
2024-07-01,DEL-BLR,Economy,180,5223,940140
2024-07-01,DEL-BLR,Premium,104,6451,670904
2024-07-01,DEL-BLR,Business,190,15241,2895790
2024-07-01,BOM-BLR,Economy,57,3599,205143
2024-07-01,BOM-BLR,Premium,79,9520,752080
2024-07-01,BOM-BLR,Business,80,16000,1280000
2024-07-01,DEL-HYD,Economy,142,5091,722922
2024-07-01,DEL-HYD,Premium,159,7330,1165470
2024-07-01,DEL-HYD,Business,180,15790,2842200
2024-07-01,BLR-HYD,Economy,99,3984,394416
2024-07-01,BLR-HYD,Premium,71,8121,576591
2024-07-01,BLR-HYD,Business,96,14659,1407264
2024-07-02,DEL-BOM,Economy,181,3466,627346
2024-07-02,DEL-BOM,Premium,160,9041,1446560
2024-07-02,DEL-BOM,Business,88,18123,1594824
2024-07-02,DEL-BLR,Economy,90,5750,517500
2024-07-02,DEL-BLR,Premium,170,9985,1697450
2024-07-02,DEL-BLR,Business,75,16107,1208025
2024-07-02,BOM-BLR,Economy,144,5503,792432
2024-07-02,BOM-BLR,Premium,151,9012,1360812
2024-07-02,BOM-BLR,Business,140,19697,2757580
2024-07-02,DEL-HYD,Economy,141,5944,838104
2024-07-02,DEL-HYD,Premium,180,8247,1484460
2024-07-02,DEL-HYD,Business,168,13319,2237592
2024-07-02,BLR-HYD,Economy,146,4241,619186
2024-07-02,BLR-HYD,Premium,81,7523,609363
2024-07-02,BLR-HYD,Business,31,12888,399528
2024-07-03,DEL-BOM,Economy,150,4241,636150
2024-07-03,DEL-BOM,Premium,198,7495,1484010
2024-07-03,DEL-BOM,Business,150,15873,2380950
2024-07-03,DEL-BLR,Economy,171,4676,799596
2024-07-03,DEL-BLR,Premium,131,9092,1191052
2024-07-03,DEL-BLR,Business,108,14512,1567296
2024-07-03,BOM-BLR,Economy,179,4471,800309
2024-07-03,BOM-BLR,Premium,186,8515,1583790
2024-07-03,BOM-BLR,Business,61,16616,1013576
2024-07-03,DEL-HYD,Economy,21,3274,68754
2024-07-03,DEL-HYD,Premium,89,6891,613299
2024-07-03,DEL-HYD,Business,113,15969,1804497
2024-07-03,BLR-HYD,Economy,173,3439,594947
2024-07-03,BLR-HYD,Premium,27,6734,181818
2024-07-03,BLR-HYD,Business,174,12901,2244774
2024-07-04,DEL-BOM,Economy,147,5015,737205
2024-07-04,DEL-BOM,Premium,50,7291,364550
2024-07-04,DEL-BOM,Business,107,12389,1325623
2024-07-04,DEL-BLR,Economy,38,4651,176738
2024-07-04,DEL-BLR,Premium,33,9081,299673
2024-07-04,DEL-BLR,Business,83,16780,1392740
2024-07-04,BOM-BLR,Economy,190,3096,588240
2024-07-04,BOM-BLR,Premium,168,9336,1568448
2024-07-04,BOM-BLR,Business,46,14088,648048
2024-07-04,DEL-HYD,Economy,64,4031,257984
2024-07-04,DEL-HYD,Premium,144,7056,1016064
2024-07-04,DEL-HYD,Business,25,18634,465850
2024-07-04,BLR-HYD,Economy,99,3688,365112
2024-07-04,BLR-HYD,Premium,102,9516,970632
2024-07-04,BLR-HYD,Business,150,19910,2986500
2024-07-05,DEL-BOM,Economy,187,3689,689843
2024-07-05,DEL-BOM,Premium,52,7169,372788
2024-07-05,DEL-BOM,Business,35,17205,602175
2024-07-05,DEL-BLR,Economy,188,3746,704248
2024-07-05,DEL-BLR,Premium,131,9231,1209261
2024-07-05,DEL-BLR,Business,169,10656,1800864
2024-07-05,BOM-BLR,Economy,83,4882,405206
2024-07-05,BOM-BLR,Premium,24,8216,197184
2024-07-05,BOM-BLR,Business,52,19777,1028404
2024-07-05,DEL-HYD,Economy,156,3488,544128
2024-07-05,DEL-HYD,Premium,48,9930,476640
2024-07-05,DEL-HYD,Business,36,12114,436104
2024-07-05,BLR-HYD,Economy,161,5882,947002
2024-07-05,BLR-HYD,Premium,113,8284,936092
2024-07-05,BLR-HYD,Business,170,12520,2128400
2024-07-06,DEL-BOM,Economy,96,3552,340992
2024-07-06,DEL-BOM,Premium,147,8645,1270815
2024-07-06,DEL-BOM,Business,68,19695,1339260
2024-07-06,DEL-BLR,Economy,139,5804,806756
2024-07-06,DEL-BLR,Premium,155,7728,1197840
2024-07-06,DEL-BLR,Business,31,16092,498852
2024-07-06,BOM-BLR,Economy,114,4148,472872
2024-07-06,BOM-BLR,Premium,26,9582,249132
2024-07-06,BOM-BLR,Business,100,16034,1603400
2024-07-06,DEL-HYD,Economy,85,3265,277525
2024-07-06,DEL-HYD,Premium,96,8094,777024
2024-07-06,DEL-HYD,Business,190,15539,2952410
2024-07-06,BLR-HYD,Economy,173,3414,590622
2024-07-06,BLR-HYD,Premium,96,6982,670272
2024-07-06,BLR-HYD,Business,150,12787,1918050
2024-07-07,DEL-BOM,Economy,182,4038,734916
2024-07-07,DEL-BOM,Premium,112,6358,712096
2024-07-07,DEL-BOM,Business,94,11831,1112114
2024-07-07,DEL-BLR,Economy,176,3329,585904
2024-07-07,DEL-BLR,Premium,166,8339,1384274
2024-07-07,DEL-BLR,Business,162,14722,2384964
2024-07-07,BOM-BLR,Economy,128,3089,395392
2024-07-07,BOM-BLR,Premium,103,6672,687216
2024-07-07,BOM-BLR,Business,97,13523,1311731
2024-07-07,DEL-HYD,Economy,102,3686,375972
2024-07-07,DEL-HYD,Premium,114,9080,1035120
2024-07-07,DEL-HYD,Business,96,19531,1874976
2024-07-07,BLR-HYD,Economy,65,5869,381485
2024-07-07,BLR-HYD,Premium,114,9350,1065900
2024-07-07,BLR-HYD,Business,89,13772,1225708
2024-07-08,DEL-BOM,Economy,96,4329,415584
2024-07-08,DEL-BOM,Premium,20,9951,199020
2024-07-08,DEL-BOM,Business,59,12634,745406
2024-07-08,DEL-BLR,Economy,198,5154,1020492
2024-07-08,DEL-BLR,Premium,105,7866,825930
2024-07-08,DEL-BLR,Business,109,15876,1730484
2024-07-08,BOM-BLR,Economy,109,4594,500746
2024-07-08,BOM-BLR,Premium,91,6023,548093
2024-07-08,BOM-BLR,Business,139,11960,1662440
2024-07-08,DEL-HYD,Economy,44,3883,170852
2024-07-08,DEL-HYD,Premium,85,6960,591600
2024-07-08,DEL-HYD,Business,95,19470,1849650
2024-07-08,BLR-HYD,Economy,57,4440,253080
2024-07-08,BLR-HYD,Premium,193,8392,1619656
2024-07-08,BLR-HYD,Business,89,10591,942599
2024-07-09,DEL-BOM,Economy,34,5503,187102
2024-07-09,DEL-BOM,Premium,62,9068,562216
2024-07-09,DEL-BOM,Business,36,16037,577332
2024-07-09,DEL-BLR,Economy,74,5546,410404
2024-07-09,DEL-BLR,Premium,66,8877,585882
2024-07-09,DEL-BLR,Business,48,18988,911424
2024-07-09,BOM-BLR,Economy,67,3761,251987
2024-07-09,BOM-BLR,Premium,120,6684,802080
2024-07-09,BOM-BLR,Business,85,10227,869295
2024-07-09,DEL-HYD,Economy,44,5731,252164
2024-07-09,DEL-HYD,Premium,59,7686,453474
2024-07-09,DEL-HYD,Business,65,10768,699920
2024-07-09,BLR-HYD,Economy,142,4938,701196
2024-07-09,BLR-HYD,Premium,52,9305,483860
2024-07-09,BLR-HYD,Business,110,16939,1863290
2024-07-10,DEL-BOM,Economy,89,4477,398453
2024-07-10,DEL-BOM,Premium,127,7167,910209
2024-07-10,DEL-BOM,Business,43,11198,481514
2024-07-10,DEL-BLR,Economy,95,5372,510340
2024-07-10,DEL-BLR,Premium,111,6797,754467
2024-07-10,DEL-BLR,Business,63,14080,887040
2024-07-10,BOM-BLR,Economy,134,4851,650034
2024-07-10,BOM-BLR,Premium,75,7892,591900
2024-07-10,BOM-BLR,Business,116,19450,2256200
2024-07-10,DEL-HYD,Economy,126,4214,530964
2024-07-10,DEL-HYD,Premium,164,7702,1263128
2024-07-10,DEL-HYD,Business,73,12314,898922
2024-07-10,BLR-HYD,Economy,80,4859,388720
2024-07-10,BLR-HYD,Premium,133,8549,1137017
2024-07-10,BLR-HYD,Business,194,16884,3275496
2024-07-11,DEL-BOM,Economy,105,5367,563535
2024-07-11,DEL-BOM,Premium,124,7273,901852
2024-07-11,DEL-BOM,Business,182,14023,2552186
2024-07-11,DEL-BLR,Economy,130,3716,483080
2024-07-11,DEL-BLR,Premium,70,9884,691880
2024-07-11,DEL-BLR,Business,188,13131,2468628
2024-07-11,BOM-BLR,Economy,59,5724,337716
2024-07-11,BOM-BLR,Premium,131,7255,950405
2024-07-11,BOM-BLR,Business,99,19911,1971189
2024-07-11,DEL-HYD,Economy,191,5744,1097104
2024-07-11,DEL-HYD,Premium,51,6201,316251
2024-07-11,DEL-HYD,Business,165,17624,2907960
2024-07-11,BLR-HYD,Economy,154,5673,873642
2024-07-11,BLR-HYD,Premium,154,9367,1442518
2024-07-11,BLR-HYD,Business,129,17171,2215059
2024-07-12,DEL-BOM,Economy,153,3165,484245
2024-07-12,DEL-BOM,Premium,36,7115,256140
2024-07-12,DEL-BOM,Business,50,19422,971100
2024-07-12,DEL-BLR,Economy,126,5926,746676
2024-07-12,DEL-BLR,Premium,81,9994,809514
2024-07-12,DEL-BLR,Business,192,15403,2957376
2024-07-12,BOM-BLR,Economy,122,5428,662216
2024-07-12,BOM-BLR,Premium,162,9891,1602342
2024-07-12,BOM-BLR,Business,116,12102,1403832
2024-07-12,DEL-HYD,Economy,96,5174,496704
2024-07-12,DEL-HYD,Premium,112,9919,1110928
2024-07-12,DEL-HYD,Business,111,14330,1590630
2024-07-12,BLR-HYD,Economy,57,5186,295602
2024-07-12,BLR-HYD,Premium,20,8048,160960
2024-07-12,BLR-HYD,Business,115,10537,1211755
2024-07-13,DEL-BOM,Economy,106,5476,580456
2024-07-13,DEL-BOM,Premium,90,7374,663660
2024-07-13,DEL-BOM,Business,167,11690,1952230
2024-07-13,DEL-BLR,Economy,130,3467,450710
2024-07-13,DEL-BLR,Premium,128,9959,1274752
2024-07-13,DEL-BLR,Business,180,10444,1879920
2024-07-13,BOM-BLR,Economy,43,5198,223514
2024-07-13,BOM-BLR,Premium,196,6496,1273216
2024-07-13,BOM-BLR,Business,192,10493,2014656
2024-07-13,DEL-HYD,Economy,74,4426,327524
2024-07-13,DEL-HYD,Premium,183,8950,1637850
2024-07-13,DEL-HYD,Business,130,14350,1865500
2024-07-13,BLR-HYD,Economy,114,4883,556662
2024-07-13,BLR-HYD,Premium,190,6189,1175910
2024-07-13,BLR-HYD,Business,43,14931,642033
2024-07-14,DEL-BOM,Economy,147,4628,680316
2024-07-14,DEL-BOM,Premium,177,9282,1642914
2024-07-14,DEL-BOM,Business,56,15789,884184
2024-07-14,DEL-BLR,Economy,22,4145,91190
2024-07-14,DEL-BLR,Premium,144,7912,1139328
2024-07-14,DEL-BLR,Business,60,17630,1057800
2024-07-14,BOM-BLR,Economy,146,3196,466616
2024-07-14,BOM-BLR,Premium,110,6007,660770
2024-07-14,BOM-BLR,Business,83,17358,1440714
2024-07-14,DEL-HYD,Economy,112,4698,526176
2024-07-14,DEL-HYD,Premium,48,6552,314496
2024-07-14,DEL-HYD,Business,168,18104,3041472
2024-07-14,BLR-HYD,Economy,150,4458,668700
2024-07-14,BLR-HYD,Premium,172,9537,1640364
2024-07-14,BLR-HYD,Business,158,14087,2225746
2024-07-15,DEL-BOM,Economy,42,3815,160230
2024-07-15,DEL-BOM,Premium,50,6641,332050
2024-07-15,DEL-BOM,Business,160,15355,2456800
2024-07-15,DEL-BLR,Economy,147,5550,815850
2024-07-15,DEL-BLR,Premium,157,9092,1427444
2024-07-15,DEL-BLR,Business,42,16172,679224
2024-07-15,BOM-BLR,Economy,124,3307,410068
2024-07-15,BOM-BLR,Premium,120,6060,727200
2024-07-15,BOM-BLR,Business,89,16609,1478201
2024-07-15,DEL-HYD,Economy,40,3493,139720
2024-07-15,DEL-HYD,Premium,107,7545,807315
2024-07-15,DEL-HYD,Business,31,10761,333591
2024-07-15,BLR-HYD,Economy,133,3025,402325
2024-07-15,BLR-HYD,Premium,52,6228,323856
2024-07-15,BLR-HYD,Business,95,10760,1022200
2024-07-16,DEL-BOM,Economy,102,4592,468384
2024-07-16,DEL-BOM,Premium,82,7458,611556
2024-07-16,DEL-BOM,Business,155,14181,2198055
2024-07-16,DEL-BLR,Economy,58,4203,243774
2024-07-16,DEL-BLR,Premium,40,9176,367040
2024-07-16,DEL-BLR,Business,26,10144,263744
2024-07-16,BOM-BLR,Economy,103,3761,387383
2024-07-16,BOM-BLR,Premium,94,6928,651232
2024-07-16,BOM-BLR,Business,85,11110,944350
2024-07-16,DEL-HYD,Economy,60,3697,221820
2024-07-16,DEL-HYD,Premium,98,6782,664636
2024-07-16,DEL-HYD,Business,36,15064,542304
2024-07-16,BLR-HYD,Economy,55,4842,266310
2024-07-16,BLR-HYD,Premium,93,7091,659463
2024-07-16,BLR-HYD,Business,169,17933,3030677
2024-07-17,DEL-BOM,Economy,25,3409,85225
2024-07-17,DEL-BOM,Premium,71,7660,543860
2024-07-17,DEL-BOM,Business,84,10331,867804
2024-07-17,DEL-BLR,Economy,161,5794,932834
2024-07-17,DEL-BLR,Premium,157,6312,990984
2024-07-17,DEL-BLR,Business,85,12865,1093525
2024-07-17,BOM-BLR,Economy,33,4017,132561
2024-07-17,BOM-BLR,Premium,129,8883,1145907
2024-07-17,BOM-BLR,Business,186,18594,3458484
2024-07-17,DEL-HYD,Economy,163,3408,555504
2024-07-17,DEL-HYD,Premium,170,8698,1478660
2024-07-17,DEL-HYD,Business,44,11437,503228
2024-07-17,BLR-HYD,Economy,192,5682,1090944
2024-07-17,BLR-HYD,Premium,80,9378,750240
2024-07-17,BLR-HYD,Business,21,14541,305361
2024-07-18,DEL-BOM,Economy,199,4023,800577
2024-07-18,DEL-BOM,Premium,87,6264,544968
2024-07-18,DEL-BOM,Business,174,15097,2626878
2024-07-18,DEL-BLR,Economy,144,4596,661824
2024-07-18,DEL-BLR,Premium,153,7136,1091808
2024-07-18,DEL-BLR,Business,141,16010,2257410
2024-07-18,BOM-BLR,Economy,82,4390,359980
2024-07-18,BOM-BLR,Premium,151,6634,1001734
2024-07-18,BOM-BLR,Business,51,14677,748527
2024-07-18,DEL-HYD,Economy,190,4389,833910
2024-07-18,DEL-HYD,Premium,38,9544,362672
2024-07-18,DEL-HYD,Business,194,18245,3539530
2024-07-18,BLR-HYD,Economy,114,4426,504564
2024-07-18,BLR-HYD,Premium,84,9611,807324
2024-07-18,BLR-HYD,Business,45,10822,486990
2024-07-19,DEL-BOM,Economy,138,5939,819582
2024-07-19,DEL-BOM,Premium,148,8016,1186368
2024-07-19,DEL-BOM,Business,104,17862,1857648
2024-07-19,DEL-BLR,Economy,102,4116,419832
2024-07-19,DEL-BLR,Premium,75,9488,711600
2024-07-19,DEL-BLR,Business,90,12939,1164510
2024-07-19,BOM-BLR,Economy,29,4339,125831
2024-07-19,BOM-BLR,Premium,69,7981,550689
2024-07-19,BOM-BLR,Business,137,12775,1750175
2024-07-19,DEL-HYD,Economy,176,5127,902352
2024-07-19,DEL-HYD,Premium,142,7824,1111008
2024-07-19,DEL-HYD,Business,32,11369,363808
2024-07-19,BLR-HYD,Economy,129,5000,645000
2024-07-19,BLR-HYD,Premium,82,7057,578674
2024-07-19,BLR-HYD,Business,29,17991,521739
2024-07-20,DEL-BOM,Economy,99,4700,465300
2024-07-20,DEL-BOM,Premium,31,7839,243009
2024-07-20,DEL-BOM,Business,45,17545,789525
2024-07-20,DEL-BLR,Economy,31,5345,165695
2024-07-20,DEL-BLR,Premium,53,6364,337292
2024-07-20,DEL-BLR,Business,44,15370,676280
2024-07-20,BOM-BLR,Economy,98,3085,302330
2024-07-20,BOM-BLR,Premium,199,8903,1771697
2024-07-20,BOM-BLR,Business,112,12911,1446032
2024-07-20,DEL-HYD,Economy,51,5106,260406
2024-07-20,DEL-HYD,Premium,151,8833,1333783
2024-07-20,DEL-HYD,Business,100,15911,1591100
2024-07-20,BLR-HYD,Economy,85,5956,506260
2024-07-20,BLR-HYD,Premium,150,6484,972600
2024-07-20,BLR-HYD,Business,54,13483,728082
2024-07-21,DEL-BOM,Economy,37,5937,219669
2024-07-21,DEL-BOM,Premium,180,9495,1709100
2024-07-21,DEL-BOM,Business,76,15492,1177392
2024-07-21,DEL-BLR,Economy,75,5685,426375
2024-07-21,DEL-BLR,Premium,195,8667,1690065
2024-07-21,DEL-BLR,Business,93,12963,1205559
2024-07-21,BOM-BLR,Economy,120,4256,510720
2024-07-21,BOM-BLR,Premium,141,7052,994332
2024-07-21,BOM-BLR,Business,112,18879,2114448
2024-07-21,DEL-HYD,Economy,93,4746,441378
2024-07-21,DEL-HYD,Premium,156,8977,1400412
2024-07-21,DEL-HYD,Business,28,17910,501480
2024-07-21,BLR-HYD,Economy,153,3625,554625
2024-07-21,BLR-HYD,Premium,80,7833,626640
2024-07-21,BLR-HYD,Business,159,11555,1837245
2024-07-22,DEL-BOM,Economy,69,3675,253575
2024-07-22,DEL-BOM,Premium,88,9836,865568
2024-07-22,DEL-BOM,Business,159,18065,2872335
2024-07-22,DEL-BLR,Economy,197,4836,952692
2024-07-22,DEL-BLR,Premium,147,7582,1114554
2024-07-22,DEL-BLR,Business,20,16386,327720
2024-07-22,BOM-BLR,Economy,38,3414,129732
2024-07-22,BOM-BLR,Premium,106,9450,1001700
2024-07-22,BOM-BLR,Business,165,11878,1959870
2024-07-22,DEL-HYD,Economy,150,5358,803700
2024-07-22,DEL-HYD,Premium,77,6574,506198
2024-07-22,DEL-HYD,Business,145,12980,1882100
2024-07-22,BLR-HYD,Economy,113,4396,496748
2024-07-22,BLR-HYD,Premium,171,9988,1707948
2024-07-22,BLR-HYD,Business,122,15373,1875506
2024-07-23,DEL-BOM,Economy,88,4900,431200
2024-07-23,DEL-BOM,Premium,23,6983,160609
2024-07-23,DEL-BOM,Business,36,10815,389340
2024-07-23,DEL-BLR,Economy,191,5778,1103598
2024-07-23,DEL-BLR,Premium,136,7054,959344
2024-07-23,DEL-BLR,Business,153,19030,2911590
2024-07-23,BOM-BLR,Economy,181,4643,840383
2024-07-23,BOM-BLR,Premium,35,9187,321545
2024-07-23,BOM-BLR,Business,100,19029,1902900
2024-07-23,DEL-HYD,Economy,166,5282,876812
2024-07-23,DEL-HYD,Premium,176,6570,1156320
2024-07-23,DEL-HYD,Business,43,17091,734913
2024-07-23,BLR-HYD,Economy,99,5181,512919
2024-07-23,BLR-HYD,Premium,151,6347,958397
2024-07-23,BLR-HYD,Business,188,18774,3529512
2024-07-24,DEL-BOM,Economy,198,4600,910800
2024-07-24,DEL-BOM,Premium,49,8513,417137
2024-07-24,DEL-BOM,Business,177,12274,2172498
2024-07-24,DEL-BLR,Economy,186,5290,983940
2024-07-24,DEL-BLR,Premium,64,8418,538752
2024-07-24,DEL-BLR,Business,159,11950,1900050
2024-07-24,BOM-BLR,Economy,111,5219,579309
2024-07-24,BOM-BLR,Premium,96,7387,709152
2024-07-24,BOM-BLR,Business,154,18471,2844534
2024-07-24,DEL-HYD,Economy,38,4618,175484
2024-07-24,DEL-HYD,Premium,28,7703,215684
2024-07-24,DEL-HYD,Business,67,15289,1024363
2024-07-24,BLR-HYD,Economy,138,5428,749064
2024-07-24,BLR-HYD,Premium,176,9717,1710192
2024-07-24,BLR-HYD,Business,56,16635,931560
2024-07-25,DEL-BOM,Economy,57,4219,240483
2024-07-25,DEL-BOM,Premium,66,6726,443916
2024-07-25,DEL-BOM,Business,109,12815,1396835
2024-07-25,DEL-BLR,Economy,126,5984,753984
2024-07-25,DEL-BLR,Premium,161,8073,1299753
2024-07-25,DEL-BLR,Business,142,11074,1572508
2024-07-25,BOM-BLR,Economy,142,5052,717384
2024-07-25,BOM-BLR,Premium,20,9838,196760
2024-07-25,BOM-BLR,Business,30,16103,483090
2024-07-25,DEL-HYD,Economy,47,4741,222827
2024-07-25,DEL-HYD,Premium,147,7498,1102206
2024-07-25,DEL-HYD,Business,81,13688,1108728
2024-07-25,BLR-HYD,Economy,111,3792,420912
2024-07-25,BLR-HYD,Premium,63,8784,553392
2024-07-25,BLR-HYD,Business,161,18640,3001040
2024-07-26,DEL-BOM,Economy,99,3081,305019
2024-07-26,DEL-BOM,Premium,196,9314,1825544
2024-07-26,DEL-BOM,Business,75,14183,1063725
2024-07-26,DEL-BLR,Economy,116,5703,661548
2024-07-26,DEL-BLR,Premium,192,8599,1651008
2024-07-26,DEL-BLR,Business,33,11501,379533
2024-07-26,BOM-BLR,Economy,72,3230,232560
2024-07-26,BOM-BLR,Premium,194,6114,1186116
2024-07-26,BOM-BLR,Business,74,11041,817034
2024-07-26,DEL-HYD,Economy,35,3011,105385
2024-07-26,DEL-HYD,Premium,112,6729,753648
2024-07-26,DEL-HYD,Business,116,10540,1222640
2024-07-26,BLR-HYD,Economy,64,3076,196864
2024-07-26,BLR-HYD,Premium,34,8572,291448
2024-07-26,BLR-HYD,Business,120,18680,2241600
2024-07-27,DEL-BOM,Economy,141,5419,764079
2024-07-27,DEL-BOM,Premium,187,8524,1593988
2024-07-27,DEL-BOM,Business,181,19664,3559184
2024-07-27,DEL-BLR,Economy,22,3306,72732
2024-07-27,DEL-BLR,Premium,142,7797,1107174
2024-07-27,DEL-BLR,Business,36,13196,475056
2024-07-27,BOM-BLR,Economy,100,3340,334000
2024-07-27,BOM-BLR,Premium,90,9110,819900
2024-07-27,BOM-BLR,Business,67,15396,1031532
2024-07-27,DEL-HYD,Economy,101,4122,416322
2024-07-27,DEL-HYD,Premium,88,8226,723888
2024-07-27,DEL-HYD,Business,81,11478,929718
2024-07-27,BLR-HYD,Economy,45,4513,203085
2024-07-27,BLR-HYD,Premium,23,9998,229954
2024-07-27,BLR-HYD,Business,44,16050,706200
2024-07-28,DEL-BOM,Economy,196,3554,696584
2024-07-28,DEL-BOM,Premium,61,8651,527711
2024-07-28,DEL-BOM,Business,161,18787,3024707
2024-07-28,DEL-BLR,Economy,53,5123,271519
2024-07-28,DEL-BLR,Premium,49,7255,355495
2024-07-28,DEL-BLR,Business,57,17822,1015854
2024-07-28,BOM-BLR,Economy,193,5966,1151438
2024-07-28,BOM-BLR,Premium,191,9932,1897012
2024-07-28,BOM-BLR,Business,145,17147,2486315
2024-07-28,DEL-HYD,Economy,34,3233,109922
2024-07-28,DEL-HYD,Premium,46,6092,280232
2024-07-28,DEL-HYD,Business,71,15688,1113848
2024-07-28,BLR-HYD,Economy,139,5922,823158
2024-07-28,BLR-HYD,Premium,189,8244,1558116
2024-07-28,BLR-HYD,Business,99,17043,1687257
2024-07-29,DEL-BOM,Economy,21,5029,105609
2024-07-29,DEL-BOM,Premium,62,9921,615102
2024-07-29,DEL-BOM,Business,156,17496,2729376
2024-07-29,DEL-BLR,Economy,119,3255,387345
2024-07-29,DEL-BLR,Premium,164,7334,1202776
2024-07-29,DEL-BLR,Business,53,15806,837718
2024-07-29,BOM-BLR,Economy,22,3722,81884
2024-07-29,BOM-BLR,Premium,121,9116,1103036
2024-07-29,BOM-BLR,Business,94,15493,1456342
2024-07-29,DEL-HYD,Economy,84,3386,284424
2024-07-29,DEL-HYD,Premium,178,7814,1390892
2024-07-29,DEL-HYD,Business,83,14200,1178600
2024-07-29,BLR-HYD,Economy,93,3659,340287
2024-07-29,BLR-HYD,Premium,72,8688,625536
2024-07-29,BLR-HYD,Business,77,16170,1245090
2024-07-30,DEL-BOM,Economy,48,3270,156960
2024-07-30,DEL-BOM,Premium,148,7130,1055240
2024-07-30,DEL-BOM,Business,22,12611,277442
2024-07-30,DEL-BLR,Economy,79,5593,441847
2024-07-30,DEL-BLR,Premium,108,7945,858060
2024-07-30,DEL-BLR,Business,38,13349,507262
2024-07-30,BOM-BLR,Economy,180,5725,1030500
2024-07-30,BOM-BLR,Premium,54,9199,496746
2024-07-30,BOM-BLR,Business,162,18281,2961522
2024-07-30,DEL-HYD,Economy,43,4356,187308
2024-07-30,DEL-HYD,Premium,117,6292,736164
2024-07-30,DEL-HYD,Business,20,12196,243920
2024-07-30,BLR-HYD,Economy,158,5091,804378
2024-07-30,BLR-HYD,Premium,127,9149,1161923
2024-07-30,BLR-HYD,Business,151,15775,2382025
2024-07-31,DEL-BOM,Economy,29,4132,119828
2024-07-31,DEL-BOM,Premium,153,6186,946458
2024-07-31,DEL-BOM,Business,27,15660,422820
2024-07-31,DEL-BLR,Economy,34,3534,120156
2024-07-31,DEL-BLR,Premium,47,9337,438839
2024-07-31,DEL-BLR,Business,23,15698,361054
2024-07-31,BOM-BLR,Economy,154,3054,470316
2024-07-31,BOM-BLR,Premium,106,9340,990040
2024-07-31,BOM-BLR,Business,62,10910,676420
2024-07-31,DEL-HYD,Economy,164,3949,647636
2024-07-31,DEL-HYD,Premium,23,6100,140300
2024-07-31,DEL-HYD,Business,53,15801,837453
2024-07-31,BLR-HYD,Economy,59,3352,197768
2024-07-31,BLR-HYD,Premium,175,9413,1647275
2024-07-31,BLR-HYD,Business,109,16855,1837195
2024-08-01,DEL-BOM,Economy,95,3738,355110
2024-08-01,DEL-BOM,Premium,29,6952,201608
2024-08-01,DEL-BOM,Business,184,18895,3476680
2024-08-01,DEL-BLR,Economy,98,5133,503034
2024-08-01,DEL-BLR,Premium,187,8107,1516009
2024-08-01,DEL-BLR,Business,67,14969,1002923
2024-08-01,BOM-BLR,Economy,166,3967,658522
2024-08-01,BOM-BLR,Premium,184,6848,1260032
2024-08-01,BOM-BLR,Business,149,11760,1752240
2024-08-01,DEL-HYD,Economy,49,5731,280819
2024-08-01,DEL-HYD,Premium,140,9827,1375780
2024-08-01,DEL-HYD,Business,158,14295,2258610
2024-08-01,BLR-HYD,Economy,93,4791,445563
2024-08-01,BLR-HYD,Premium,39,9142,356538
2024-08-01,BLR-HYD,Business,149,14615,2177635
2024-08-02,DEL-BOM,Economy,32,3724,119168
2024-08-02,DEL-BOM,Premium,54,8349,450846
2024-08-02,DEL-BOM,Business,34,19330,657220
2024-08-02,DEL-BLR,Economy,83,5552,460816
2024-08-02,DEL-BLR,Premium,194,7537,1462178
2024-08-02,DEL-BLR,Business,97,18823,1825831
2024-08-02,BOM-BLR,Economy,172,3981,684732
2024-08-02,BOM-BLR,Premium,40,6347,253880
2024-08-02,BOM-BLR,Business,173,10404,1799892
2024-08-02,DEL-HYD,Economy,20,3676,73520
2024-08-02,DEL-HYD,Premium,65,9984,648960
2024-08-02,DEL-HYD,Business,78,14799,1154322
2024-08-02,BLR-HYD,Economy,25,5868,146700
2024-08-02,BLR-HYD,Premium,24,8733,209592
2024-08-02,BLR-HYD,Business,33,11245,371085
2024-08-03,DEL-BOM,Economy,71,5163,366573
2024-08-03,DEL-BOM,Premium,38,7415,281770
2024-08-03,DEL-BOM,Business,125,13810,1726250
2024-08-03,DEL-BLR,Economy,115,3185,366275
2024-08-03,DEL-BLR,Premium,36,8917,321012
2024-08-03,DEL-BLR,Business,199,17635,3509365
2024-08-03,BOM-BLR,Economy,130,4536,589680
2024-08-03,BOM-BLR,Premium,191,6561,1253151
2024-08-03,BOM-BLR,Business,107,12180,1303260
2024-08-03,DEL-HYD,Economy,188,4057,762716
2024-08-03,DEL-HYD,Premium,99,9226,913374
2024-08-03,DEL-HYD,Business,97,17979,1743963
2024-08-03,BLR-HYD,Economy,39,5926,231114
2024-08-03,BLR-HYD,Premium,186,7749,1441314
2024-08-03,BLR-HYD,Business,131,17894,2344114
2024-08-04,DEL-BOM,Economy,73,5853,427269
2024-08-04,DEL-BOM,Premium,51,8876,452676
2024-08-04,DEL-BOM,Business,72,14791,1064952
2024-08-04,DEL-BLR,Economy,46,5365,246790
2024-08-04,DEL-BLR,Premium,96,9687,929952
2024-08-04,DEL-BLR,Business,68,10124,688432
2024-08-04,BOM-BLR,Economy,44,5753,253132
2024-08-04,BOM-BLR,Premium,165,6530,1077450
2024-08-04,BOM-BLR,Business,37,14756,545972
2024-08-04,DEL-HYD,Economy,29,4060,117740
2024-08-04,DEL-HYD,Premium,32,9728,311296
2024-08-04,DEL-HYD,Business,107,11142,1192194
2024-08-04,BLR-HYD,Economy,184,4554,837936
2024-08-04,BLR-HYD,Premium,193,7629,1472397
2024-08-04,BLR-HYD,Business,45,13957,628065
2024-08-05,DEL-BOM,Economy,65,4994,324610
2024-08-05,DEL-BOM,Premium,22,7404,162888
2024-08-05,DEL-BOM,Business,106,10510,1114060
2024-08-05,DEL-BLR,Economy,96,3686,353856
2024-08-05,DEL-BLR,Premium,94,6714,631116
2024-08-05,DEL-BLR,Business,66,17820,1176120
2024-08-05,BOM-BLR,Economy,97,5160,500520
2024-08-05,BOM-BLR,Premium,108,8144,879552
2024-08-05,BOM-BLR,Business,63,18933,1192779
2024-08-05,DEL-HYD,Economy,153,5667,867051
2024-08-05,DEL-HYD,Premium,83,9549,792567
2024-08-05,DEL-HYD,Business,114,10883,1240662
2024-08-05,BLR-HYD,Economy,28,3702,103656
2024-08-05,BLR-HYD,Premium,97,7622,739334
2024-08-05,BLR-HYD,Business,74,17820,1318680
2024-08-06,DEL-BOM,Economy,145,4786,693970
2024-08-06,DEL-BOM,Premium,197,7583,1493851
2024-08-06,DEL-BOM,Business,49,18744,918456
2024-08-06,DEL-BLR,Economy,45,4281,192645
2024-08-06,DEL-BLR,Premium,114,7596,865944
2024-08-06,DEL-BLR,Business,31,17919,555489
2024-08-06,BOM-BLR,Economy,108,5142,555336
2024-08-06,BOM-BLR,Premium,35,7189,251615
2024-08-06,BOM-BLR,Business,106,17128,1815568
2024-08-06,DEL-HYD,Economy,42,5685,238770
2024-08-06,DEL-HYD,Premium,159,9297,1478223
2024-08-06,DEL-HYD,Business,82,15373,1260586
2024-08-06,BLR-HYD,Economy,199,3039,604761
2024-08-06,BLR-HYD,Premium,123,8283,1018809
2024-08-06,BLR-HYD,Business,76,13093,995068
2024-08-07,DEL-BOM,Economy,106,4196,444776
2024-08-07,DEL-BOM,Premium,105,8398,881790
2024-08-07,DEL-BOM,Business,81,12913,1045953
2024-08-07,DEL-BLR,Economy,26,4189,108914
2024-08-07,DEL-BLR,Premium,189,6644,1255716
2024-08-07,DEL-BLR,Business,106,17694,1875564
2024-08-07,BOM-BLR,Economy,142,4642,659164
2024-08-07,BOM-BLR,Premium,156,9567,1492452
2024-08-07,BOM-BLR,Business,169,18112,3060928
2024-08-07,DEL-HYD,Economy,87,3782,329034
2024-08-07,DEL-HYD,Premium,112,9360,1048320
2024-08-07,DEL-HYD,Business,119,19292,2295748
2024-08-07,BLR-HYD,Economy,154,4415,679910
2024-08-07,BLR-HYD,Premium,139,6010,835390
2024-08-07,BLR-HYD,Business,97,13679,1326863
2024-08-08,DEL-BOM,Economy,69,4296,296424
2024-08-08,DEL-BOM,Premium,198,7532,1491336
2024-08-08,DEL-BOM,Business,106,12366,1310796
2024-08-08,DEL-BLR,Economy,95,4972,472340
2024-08-08,DEL-BLR,Premium,36,9251,333036
2024-08-08,DEL-BLR,Business,184,14555,2678120
2024-08-08,BOM-BLR,Economy,80,5416,433280
2024-08-08,BOM-BLR,Premium,53,6496,344288
2024-08-08,BOM-BLR,Business,39,15733,613587
2024-08-08,DEL-HYD,Economy,139,3717,516663
2024-08-08,DEL-HYD,Premium,102,6268,639336
2024-08-08,DEL-HYD,Business,25,18301,457525
2024-08-08,BLR-HYD,Economy,170,3649,620330
2024-08-08,BLR-HYD,Premium,70,7110,497700
2024-08-08,BLR-HYD,Business,103,10730,1105190
2024-08-09,DEL-BOM,Economy,76,5785,439660
2024-08-09,DEL-BOM,Premium,185,6111,1130535
2024-08-09,DEL-BOM,Business,199,10757,2140643
2024-08-09,DEL-BLR,Economy,38,4800,182400
2024-08-09,DEL-BLR,Premium,125,7841,980125
2024-08-09,DEL-BLR,Business,100,16539,1653900
2024-08-09,BOM-BLR,Economy,29,4856,140824
2024-08-09,BOM-BLR,Premium,27,7297,197019
2024-08-09,BOM-BLR,Business,28,11885,332780
2024-08-09,DEL-HYD,Economy,119,4049,481831
2024-08-09,DEL-HYD,Premium,67,6753,452451
2024-08-09,DEL-HYD,Business,187,18272,3416864
2024-08-09,BLR-HYD,Economy,165,3869,638385
2024-08-09,BLR-HYD,Premium,65,7634,496210
2024-08-09,BLR-HYD,Business,162,10703,1733886
2024-08-10,DEL-BOM,Economy,99,5063,501237
2024-08-10,DEL-BOM,Premium,160,9886,1581760
2024-08-10,DEL-BOM,Business,28,18400,515200
2024-08-10,DEL-BLR,Economy,176,5724,1007424
2024-08-10,DEL-BLR,Premium,83,8337,691971
2024-08-10,DEL-BLR,Business,170,19592,3330640
2024-08-10,BOM-BLR,Economy,160,3854,616640
2024-08-10,BOM-BLR,Premium,192,9298,1785216
2024-08-10,BOM-BLR,Business,66,10376,684816
2024-08-10,DEL-HYD,Economy,137,3443,471691
2024-08-10,DEL-HYD,Premium,40,8171,326840
2024-08-10,DEL-HYD,Business,73,18814,1373422
2024-08-10,BLR-HYD,Economy,135,4723,637605
2024-08-10,BLR-HYD,Premium,170,8499,1444830
2024-08-10,BLR-HYD,Business,89,13881,1235409
2024-08-11,DEL-BOM,Economy,170,4999,849830
2024-08-11,DEL-BOM,Premium,128,8628,1104384
2024-08-11,DEL-BOM,Business,128,15212,1947136
2024-08-11,DEL-BLR,Economy,31,5662,175522
2024-08-11,DEL-BLR,Premium,131,9994,1309214
2024-08-11,DEL-BLR,Business,107,15767,1687069
2024-08-11,BOM-BLR,Economy,74,3252,240648
2024-08-11,BOM-BLR,Premium,132,6159,812988
2024-08-11,BOM-BLR,Business,30,13514,405420
2024-08-11,DEL-HYD,Economy,109,3759,409731
2024-08-11,DEL-HYD,Premium,170,8355,1420350
2024-08-11,DEL-HYD,Business,193,15273,2947689
2024-08-11,BLR-HYD,Economy,67,4308,288636
2024-08-11,BLR-HYD,Premium,79,8809,695911
2024-08-11,BLR-HYD,Business,88,19090,1679920
2024-08-12,DEL-BOM,Economy,114,4469,509466
2024-08-12,DEL-BOM,Premium,144,6833,983952
2024-08-12,DEL-BOM,Business,132,14649,1933668
2024-08-12,DEL-BLR,Economy,39,4091,159549
2024-08-12,DEL-BLR,Premium,189,6260,1183140
2024-08-12,DEL-BLR,Business,143,14370,2054910
2024-08-12,BOM-BLR,Economy,59,4723,278657
2024-08-12,BOM-BLR,Premium,61,9178,559858
2024-08-12,BOM-BLR,Business,84,13718,1152312
2024-08-12,DEL-HYD,Economy,152,5587,849224
2024-08-12,DEL-HYD,Premium,36,7043,253548
2024-08-12,DEL-HYD,Business,184,10306,1896304
2024-08-12,BLR-HYD,Economy,195,3135,611325
2024-08-12,BLR-HYD,Premium,92,6872,632224
2024-08-12,BLR-HYD,Business,173,19249,3330077
2024-08-13,DEL-BOM,Economy,156,4341,677196
2024-08-13,DEL-BOM,Premium,32,7868,251776
2024-08-13,DEL-BOM,Business,66,14030,925980
2024-08-13,DEL-BLR,Economy,199,3521,700679
2024-08-13,DEL-BLR,Premium,145,9738,1412010
2024-08-13,DEL-BLR,Business,81,11858,960498
2024-08-13,BOM-BLR,Economy,193,3585,691905
2024-08-13,BOM-BLR,Premium,55,6642,365310
2024-08-13,BOM-BLR,Business,129,17549,2263821
2024-08-13,DEL-HYD,Economy,105,3786,397530
2024-08-13,DEL-HYD,Premium,88,8536,751168
2024-08-13,DEL-HYD,Business,160,11482,1837120
2024-08-13,BLR-HYD,Economy,131,3535,463085
2024-08-13,BLR-HYD,Premium,89,6949,618461
2024-08-13,BLR-HYD,Business,191,16339,3120749
2024-08-14,DEL-BOM,Economy,52,5764,299728
2024-08-14,DEL-BOM,Premium,166,8827,1465282
2024-08-14,DEL-BOM,Business,89,11832,1053048
2024-08-14,DEL-BLR,Economy,172,5409,930348
2024-08-14,DEL-BLR,Premium,103,9734,1002602
2024-08-14,DEL-BLR,Business,189,15543,2937627
2024-08-14,BOM-BLR,Economy,153,3787,579411
2024-08-14,BOM-BLR,Premium,143,6276,897468
2024-08-14,BOM-BLR,Business,32,16702,534464
2024-08-14,DEL-HYD,Economy,175,5452,954100
2024-08-14,DEL-HYD,Premium,144,8596,1237824
2024-08-14,DEL-HYD,Business,33,12526,413358
2024-08-14,BLR-HYD,Economy,130,5478,712140
2024-08-14,BLR-HYD,Premium,109,9557,1041713
2024-08-14,BLR-HYD,Business,34,17630,599420
2024-08-15,DEL-BOM,Economy,139,3975,552525
2024-08-15,DEL-BOM,Premium,30,9716,291480
2024-08-15,DEL-BOM,Business,83,11945,991435
2024-08-15,DEL-BLR,Economy,91,5116,465556
2024-08-15,DEL-BLR,Premium,35,6868,240380
2024-08-15,DEL-BLR,Business,124,13319,1651556
2024-08-15,BOM-BLR,Economy,36,4646,167256
2024-08-15,BOM-BLR,Premium,112,8597,962864
2024-08-15,BOM-BLR,Business,81,13081,1059561
2024-08-15,DEL-HYD,Economy,55,5460,300300
2024-08-15,DEL-HYD,Premium,63,9625,606375
2024-08-15,DEL-HYD,Business,133,19389,2578737
2024-08-15,BLR-HYD,Economy,180,4487,807660
2024-08-15,BLR-HYD,Premium,88,7765,683320
2024-08-15,BLR-HYD,Business,67,15024,1006608
2024-08-16,DEL-BOM,Economy,55,4440,244200
2024-08-16,DEL-BOM,Premium,46,8295,381570
2024-08-16,DEL-BOM,Business,147,10528,1547616
2024-08-16,DEL-BLR,Economy,26,4642,120692
2024-08-16,DEL-BLR,Premium,56,7631,427336
2024-08-16,DEL-BLR,Business,172,18884,3248048
2024-08-16,BOM-BLR,Economy,82,4360,357520
2024-08-16,BOM-BLR,Premium,192,6819,1309248
2024-08-16,BOM-BLR,Business,110,11028,1213080
2024-08-16,DEL-HYD,Economy,101,4922,497122
2024-08-16,DEL-HYD,Premium,100,6114,611400
2024-08-16,DEL-HYD,Business,69,14071,970899
2024-08-16,BLR-HYD,Economy,130,5350,695500
2024-08-16,BLR-HYD,Premium,62,9356,580072
2024-08-16,BLR-HYD,Business,152,15563,2365576
2024-08-17,DEL-BOM,Economy,136,4093,556648
2024-08-17,DEL-BOM,Premium,190,8615,1636850
2024-08-17,DEL-BOM,Business,156,14313,2232828
2024-08-17,DEL-BLR,Economy,195,5218,1017510
2024-08-17,DEL-BLR,Premium,76,6245,474620
2024-08-17,DEL-BLR,Business,70,16361,1145270
2024-08-17,BOM-BLR,Economy,123,4881,600363
2024-08-17,BOM-BLR,Premium,92,6875,632500
2024-08-17,BOM-BLR,Business,27,19114,516078
2024-08-17,DEL-HYD,Economy,186,4746,882756
2024-08-17,DEL-HYD,Premium,43,7083,304569
2024-08-17,DEL-HYD,Business,130,12612,1639560
2024-08-17,BLR-HYD,Economy,179,5153,922387
2024-08-17,BLR-HYD,Premium,58,8089,469162
2024-08-17,BLR-HYD,Business,123,12567,1545741
2024-08-18,DEL-BOM,Economy,45,5994,269730
2024-08-18,DEL-BOM,Premium,119,6048,719712
2024-08-18,DEL-BOM,Business,174,17878,3110772
2024-08-18,DEL-BLR,Economy,90,4359,392310
2024-08-18,DEL-BLR,Premium,157,6966,1093662
2024-08-18,DEL-BLR,Business,120,18888,2266560
2024-08-18,BOM-BLR,Economy,110,5295,582450
2024-08-18,BOM-BLR,Premium,145,7904,1146080
2024-08-18,BOM-BLR,Business,107,10722,1147254
2024-08-18,DEL-HYD,Economy,189,3770,712530
2024-08-18,DEL-HYD,Premium,100,6137,613700
2024-08-18,DEL-HYD,Business,113,11878,1342214
2024-08-18,BLR-HYD,Economy,108,3309,357372
2024-08-18,BLR-HYD,Premium,68,7564,514352
2024-08-18,BLR-HYD,Business,32,10605,339360
2024-08-19,DEL-BOM,Economy,121,3812,461252
2024-08-19,DEL-BOM,Premium,51,6413,327063
2024-08-19,DEL-BOM,Business,79,17835,1408965
2024-08-19,DEL-BLR,Economy,77,4299,331023
2024-08-19,DEL-BLR,Premium,190,6970,1324300
2024-08-19,DEL-BLR,Business,192,18495,3551040
2024-08-19,BOM-BLR,Economy,137,4973,681301
2024-08-19,BOM-BLR,Premium,129,6702,864558
2024-08-19,BOM-BLR,Business,195,19771,3855345
2024-08-19,DEL-HYD,Economy,124,3159,391716
2024-08-19,DEL-HYD,Premium,33,8424,277992
2024-08-19,DEL-HYD,Business,187,17433,3259971
2024-08-19,BLR-HYD,Economy,172,5078,873416
2024-08-19,BLR-HYD,Premium,100,9614,961400
2024-08-19,BLR-HYD,Business,168,10131,1702008
2024-08-20,DEL-BOM,Economy,87,3857,335559
2024-08-20,DEL-BOM,Premium,49,9372,459228
2024-08-20,DEL-BOM,Business,88,11558,1017104
2024-08-20,DEL-BLR,Economy,35,3996,139860
2024-08-20,DEL-BLR,Premium,126,9460,1191960
2024-08-20,DEL-BLR,Business,26,11361,295386
2024-08-20,BOM-BLR,Economy,64,3377,216128
2024-08-20,BOM-BLR,Premium,171,7289,1246419
2024-08-20,BOM-BLR,Business,67,13414,898738
2024-08-20,DEL-HYD,Economy,130,4773,620490
2024-08-20,DEL-HYD,Premium,119,7811,929509
2024-08-20,DEL-HYD,Business,88,13291,1169608
2024-08-20,BLR-HYD,Economy,196,3806,745976
2024-08-20,BLR-HYD,Premium,58,6404,371432
2024-08-20,BLR-HYD,Business,101,14107,1424807
2024-08-21,DEL-BOM,Economy,184,5925,1090200
2024-08-21,DEL-BOM,Premium,26,9505,247130
2024-08-21,DEL-BOM,Business,120,14862,1783440
2024-08-21,DEL-BLR,Economy,101,4744,479144
2024-08-21,DEL-BLR,Premium,103,9100,937300
2024-08-21,DEL-BLR,Business,135,11451,1545885
2024-08-21,BOM-BLR,Economy,66,5138,339108
2024-08-21,BOM-BLR,Premium,111,9275,1029525
2024-08-21,BOM-BLR,Business,175,10824,1894200
2024-08-21,DEL-HYD,Economy,76,5849,444524
2024-08-21,DEL-HYD,Premium,199,6668,1326932
2024-08-21,DEL-HYD,Business,94,18562,1744828
2024-08-21,BLR-HYD,Economy,94,3328,312832
2024-08-21,BLR-HYD,Premium,28,8351,233828
2024-08-21,BLR-HYD,Business,183,15803,2891949
2024-08-22,DEL-BOM,Economy,152,4109,624568
2024-08-22,DEL-BOM,Premium,66,8522,562452
2024-08-22,DEL-BOM,Business,197,18708,3685476
2024-08-22,DEL-BLR,Economy,112,4888,547456
2024-08-22,DEL-BLR,Premium,113,9505,1074065
2024-08-22,DEL-BLR,Business,77,19735,1519595
2024-08-22,BOM-BLR,Economy,178,5708,1016024
2024-08-22,BOM-BLR,Premium,52,7497,389844
2024-08-22,BOM-BLR,Business,187,11546,2159102
2024-08-22,DEL-HYD,Economy,74,4793,354682
2024-08-22,DEL-HYD,Premium,35,7385,258475
2024-08-22,DEL-HYD,Business,49,12233,599417
2024-08-22,BLR-HYD,Economy,81,4620,374220
2024-08-22,BLR-HYD,Premium,86,6170,530620
2024-08-22,BLR-HYD,Business,37,14122,522514
2024-08-23,DEL-BOM,Economy,87,5837,507819
2024-08-23,DEL-BOM,Premium,93,6679,621147
2024-08-23,DEL-BOM,Business,131,10236,1340916
2024-08-23,DEL-BLR,Economy,129,5425,699825
2024-08-23,DEL-BLR,Premium,126,9147,1152522
2024-08-23,DEL-BLR,Business,58,15409,893722
2024-08-23,BOM-BLR,Economy,80,5984,478720
2024-08-23,BOM-BLR,Premium,69,9634,664746
2024-08-23,BOM-BLR,Business,186,19584,3642624
2024-08-23,DEL-HYD,Economy,64,5391,345024
2024-08-23,DEL-HYD,Premium,126,6848,862848
2024-08-23,DEL-HYD,Business,81,11817,957177
2024-08-23,BLR-HYD,Economy,140,3791,530740
2024-08-23,BLR-HYD,Premium,113,7138,806594
2024-08-23,BLR-HYD,Business,140,13759,1926260
2024-08-24,DEL-BOM,Economy,100,5426,542600
2024-08-24,DEL-BOM,Premium,38,9172,348536
2024-08-24,DEL-BOM,Business,85,19814,1684190
2024-08-24,DEL-BLR,Economy,86,5500,473000
2024-08-24,DEL-BLR,Premium,189,8225,1554525
2024-08-24,DEL-BLR,Business,43,16439,706877
2024-08-24,BOM-BLR,Economy,191,4942,943922
2024-08-24,BOM-BLR,Premium,168,7911,1329048
2024-08-24,BOM-BLR,Business,132,14316,1889712
2024-08-24,DEL-HYD,Economy,72,5838,420336
2024-08-24,DEL-HYD,Premium,195,6279,1224405
2024-08-24,DEL-HYD,Business,194,17161,3329234
2024-08-24,BLR-HYD,Economy,85,4541,385985
2024-08-24,BLR-HYD,Premium,150,6496,974400
2024-08-24,BLR-HYD,Business,189,18096,3420144
2024-08-25,DEL-BOM,Economy,79,5652,446508
2024-08-25,DEL-BOM,Premium,102,6506,663612
2024-08-25,DEL-BOM,Business,40,17854,714160
2024-08-25,DEL-BLR,Economy,127,5461,693547
2024-08-25,DEL-BLR,Premium,167,9678,1616226
2024-08-25,DEL-BLR,Business,151,19083,2881533
2024-08-25,BOM-BLR,Economy,32,4026,128832
2024-08-25,BOM-BLR,Premium,194,7625,1479250
2024-08-25,BOM-BLR,Business,54,11420,616680
2024-08-25,DEL-HYD,Economy,194,5772,1119768
2024-08-25,DEL-HYD,Premium,198,6746,1335708
2024-08-25,DEL-HYD,Business,123,15510,1907730
2024-08-25,BLR-HYD,Economy,136,3627,493272
2024-08-25,BLR-HYD,Premium,158,9157,1446806
2024-08-25,BLR-HYD,Business,95,14668,1393460
2024-08-26,DEL-BOM,Economy,37,4621,170977
2024-08-26,DEL-BOM,Premium,123,6908,849684
2024-08-26,DEL-BOM,Business,120,14402,1728240
2024-08-26,DEL-BLR,Economy,55,5374,295570
2024-08-26,DEL-BLR,Premium,158,9597,1516326
2024-08-26,DEL-BLR,Business,69,18135,1251315
2024-08-26,BOM-BLR,Economy,129,4732,610428
2024-08-26,BOM-BLR,Premium,107,7848,839736
2024-08-26,BOM-BLR,Business,25,11803,295075
2024-08-26,DEL-HYD,Economy,94,5050,474700
2024-08-26,DEL-HYD,Premium,153,7553,1155609
2024-08-26,DEL-HYD,Business,190,15506,2946140
2024-08-26,BLR-HYD,Economy,145,3766,546070
2024-08-26,BLR-HYD,Premium,99,6831,676269
2024-08-26,BLR-HYD,Business,146,14427,2106342
2024-08-27,DEL-BOM,Economy,184,4265,784760
2024-08-27,DEL-BOM,Premium,141,6195,873495
2024-08-27,DEL-BOM,Business,81,13343,1080783
2024-08-27,DEL-BLR,Economy,28,5808,162624
2024-08-27,DEL-BLR,Premium,78,6392,498576
2024-08-27,DEL-BLR,Business,138,16474,2273412
2024-08-27,BOM-BLR,Economy,30,5527,165810
2024-08-27,BOM-BLR,Premium,186,8631,1605366
2024-08-27,BOM-BLR,Business,132,10628,1402896
2024-08-27,DEL-HYD,Economy,139,4170,579630
2024-08-27,DEL-HYD,Premium,59,7126,420434
2024-08-27,DEL-HYD,Business,142,16571,2353082
2024-08-27,BLR-HYD,Economy,156,3825,596700
2024-08-27,BLR-HYD,Premium,140,6049,846860
2024-08-27,BLR-HYD,Business,124,17111,2121764
2024-08-28,DEL-BOM,Economy,51,4792,244392
2024-08-28,DEL-BOM,Premium,103,9551,983753
2024-08-28,DEL-BOM,Business,64,16459,1053376
2024-08-28,DEL-BLR,Economy,20,4019,80380
2024-08-28,DEL-BLR,Premium,82,9747,799254
2024-08-28,DEL-BLR,Business,171,18408,3147768
2024-08-28,BOM-BLR,Economy,44,4014,176616
2024-08-28,BOM-BLR,Premium,160,7521,1203360
2024-08-28,BOM-BLR,Business,76,10721,814796
2024-08-28,DEL-HYD,Economy,91,4759,433069
2024-08-28,DEL-HYD,Premium,125,6214,776750
2024-08-28,DEL-HYD,Business,172,11251,1935172
2024-08-28,BLR-HYD,Economy,98,3607,353486
2024-08-28,BLR-HYD,Premium,145,6271,909295
2024-08-28,BLR-HYD,Business,166,17041,2828806
2024-08-29,DEL-BOM,Economy,75,4614,346050
2024-08-29,DEL-BOM,Premium,24,7301,175224
2024-08-29,DEL-BOM,Business,119,11856,1410864
2024-08-29,DEL-BLR,Economy,163,4526,737738
2024-08-29,DEL-BLR,Premium,83,6335,525805
2024-08-29,DEL-BLR,Business,98,10500,1029000
2024-08-29,BOM-BLR,Economy,82,5123,420086
2024-08-29,BOM-BLR,Premium,100,7663,766300
2024-08-29,BOM-BLR,Business,90,14747,1327230
2024-08-29,DEL-HYD,Economy,90,3045,274050
2024-08-29,DEL-HYD,Premium,185,8957,1657045
2024-08-29,DEL-HYD,Business,146,10965,1600890
2024-08-29,BLR-HYD,Economy,120,4528,543360
2024-08-29,BLR-HYD,Premium,25,8521,213025
2024-08-29,BLR-HYD,Business,122,15773,1924306
2024-08-30,DEL-BOM,Economy,56,4543,254408
2024-08-30,DEL-BOM,Premium,160,6106,976960
2024-08-30,DEL-BOM,Business,185,16139,2985715
2024-08-30,DEL-BLR,Economy,44,5779,254276
2024-08-30,DEL-BLR,Premium,177,8151,1442727
2024-08-30,DEL-BLR,Business,121,12372,1497012
2024-08-30,BOM-BLR,Economy,195,5738,1118910
2024-08-30,BOM-BLR,Premium,50,6062,303100
2024-08-30,BOM-BLR,Business,106,10333,1095298
2024-08-30,DEL-HYD,Economy,37,3410,126170
2024-08-30,DEL-HYD,Premium,99,7100,702900
2024-08-30,DEL-HYD,Business,156,11384,1775904
2024-08-30,BLR-HYD,Economy,96,5556,533376
2024-08-30,BLR-HYD,Premium,194,9378,1819332
2024-08-30,BLR-HYD,Business,141,10997,1550577
2024-08-31,DEL-BOM,Economy,76,5357,407132
2024-08-31,DEL-BOM,Premium,81,9039,732159
2024-08-31,DEL-BOM,Business,36,13527,486972
2024-08-31,DEL-BLR,Economy,177,5745,1016865
2024-08-31,DEL-BLR,Premium,34,9375,318750
2024-08-31,DEL-BLR,Business,132,13324,1758768
2024-08-31,BOM-BLR,Economy,110,3226,354860
2024-08-31,BOM-BLR,Premium,130,7576,984880
2024-08-31,BOM-BLR,Business,178,10870,1934860
2024-08-31,DEL-HYD,Economy,147,4745,697515
2024-08-31,DEL-HYD,Premium,49,8604,421596
2024-08-31,DEL-HYD,Business,58,10589,614162
2024-08-31,BLR-HYD,Economy,100,4884,488400
2024-08-31,BLR-HYD,Premium,135,7939,1071765
2024-08-31,BLR-HYD,Business,72,11841,852552
2024-09-01,DEL-BOM,Economy,149,3248,483952
2024-09-01,DEL-BOM,Premium,173,9118,1577414
2024-09-01,DEL-BOM,Business,111,11913,1322343
2024-09-01,DEL-BLR,Economy,170,5344,908480
2024-09-01,DEL-BLR,Premium,101,8970,905970
2024-09-01,DEL-BLR,Business,93,13611,1265823
2024-09-01,BOM-BLR,Economy,175,4516,790300
2024-09-01,BOM-BLR,Premium,80,9908,792640
2024-09-01,BOM-BLR,Business,94,12062,1133828
2024-09-01,DEL-HYD,Economy,124,5246,650504
2024-09-01,DEL-HYD,Premium,181,6894,1247814
2024-09-01,DEL-HYD,Business,38,19638,746244
2024-09-01,BLR-HYD,Economy,111,3693,409923
2024-09-01,BLR-HYD,Premium,166,6674,1107884
2024-09-01,BLR-HYD,Business,194,15375,2982750
2024-09-02,DEL-BOM,Economy,193,4126,796318
2024-09-02,DEL-BOM,Premium,113,9438,1066494
2024-09-02,DEL-BOM,Business,143,16157,2310451
2024-09-02,DEL-BLR,Economy,171,3817,652707
2024-09-02,DEL-BLR,Premium,123,9254,1138242
2024-09-02,DEL-BLR,Business,55,12682,697510
2024-09-02,BOM-BLR,Economy,102,4182,426564
2024-09-02,BOM-BLR,Premium,121,9154,1107634
2024-09-02,BOM-BLR,Business,87,17189,1495443
2024-09-02,DEL-HYD,Economy,151,3464,523064
2024-09-02,DEL-HYD,Premium,50,9191,459550
2024-09-02,DEL-HYD,Business,57,18585,1059345
2024-09-02,BLR-HYD,Economy,173,3986,689578
2024-09-02,BLR-HYD,Premium,91,6289,572299
2024-09-02,BLR-HYD,Business,163,11622,1894386
2024-09-03,DEL-BOM,Economy,169,5015,847535
2024-09-03,DEL-BOM,Premium,174,7793,1355982
2024-09-03,DEL-BOM,Business,45,18772,844740
2024-09-03,DEL-BLR,Economy,116,4747,550652
2024-09-03,DEL-BLR,Premium,100,7344,734400
2024-09-03,DEL-BLR,Business,193,16471,3178903
2024-09-03,BOM-BLR,Economy,62,3301,204662
2024-09-03,BOM-BLR,Premium,182,9803,1784146
2024-09-03,BOM-BLR,Business,23,17244,396612
2024-09-03,DEL-HYD,Economy,198,5692,1127016
2024-09-03,DEL-HYD,Premium,39,9235,360165
2024-09-03,DEL-HYD,Business,128,15025,1923200
2024-09-03,BLR-HYD,Economy,164,4880,800320
2024-09-03,BLR-HYD,Premium,72,9290,668880
2024-09-03,BLR-HYD,Business,192,17635,3385920
2024-09-04,DEL-BOM,Economy,32,4043,129376
2024-09-04,DEL-BOM,Premium,66,8194,540804
2024-09-04,DEL-BOM,Business,141,14227,2006007
2024-09-04,DEL-BLR,Economy,105,5802,609210
2024-09-04,DEL-BLR,Premium,181,8310,1504110
2024-09-04,DEL-BLR,Business,194,13407,2600958
2024-09-04,BOM-BLR,Economy,172,4851,834372
2024-09-04,BOM-BLR,Premium,34,6141,208794
2024-09-04,BOM-BLR,Business,37,10464,387168
2024-09-04,DEL-HYD,Economy,59,3287,193933
2024-09-04,DEL-HYD,Premium,46,8227,378442
2024-09-04,DEL-HYD,Business,93,16627,1546311
2024-09-04,BLR-HYD,Economy,100,3721,372100
2024-09-04,BLR-HYD,Premium,160,9384,1501440
2024-09-04,BLR-HYD,Business,167,10022,1673674
2024-09-05,DEL-BOM,Economy,124,4698,582552
2024-09-05,DEL-BOM,Premium,100,9730,973000
2024-09-05,DEL-BOM,Business,106,14173,1502338
2024-09-05,DEL-BLR,Economy,85,3806,323510
2024-09-05,DEL-BLR,Premium,179,7447,1333013
2024-09-05,DEL-BLR,Business,46,12511,575506
2024-09-05,BOM-BLR,Economy,58,5871,340518
2024-09-05,BOM-BLR,Premium,32,7485,239520
2024-09-05,BOM-BLR,Business,47,16079,755713
2024-09-05,DEL-HYD,Economy,188,4398,826824
2024-09-05,DEL-HYD,Premium,23,6925,159275
2024-09-05,DEL-HYD,Business,65,13927,905255
2024-09-05,BLR-HYD,Economy,26,3985,103610
2024-09-05,BLR-HYD,Premium,191,8908,1701428
2024-09-05,BLR-HYD,Business,197,11331,2232207
2024-09-06,DEL-BOM,Economy,40,4553,182120
2024-09-06,DEL-BOM,Premium,72,7455,536760
2024-09-06,DEL-BOM,Business,91,13983,1272453
2024-09-06,DEL-BLR,Economy,137,5959,816383
2024-09-06,DEL-BLR,Premium,118,7489,883702
2024-09-06,DEL-BLR,Business,102,13831,1410762
2024-09-06,BOM-BLR,Economy,146,4075,594950
2024-09-06,BOM-BLR,Premium,83,9285,770655
2024-09-06,BOM-BLR,Business,113,11550,1305150
2024-09-06,DEL-HYD,Economy,197,4990,983030
2024-09-06,DEL-HYD,Premium,123,9751,1199373
2024-09-06,DEL-HYD,Business,134,16601,2224534
2024-09-06,BLR-HYD,Economy,127,5182,658114
2024-09-06,BLR-HYD,Premium,54,8094,437076
2024-09-06,BLR-HYD,Business,124,18559,2301316
2024-09-07,DEL-BOM,Economy,84,3753,315252
2024-09-07,DEL-BOM,Premium,67,7578,507726
2024-09-07,DEL-BOM,Business,104,13889,1444456
2024-09-07,DEL-BLR,Economy,198,4834,957132
2024-09-07,DEL-BLR,Premium,70,6452,451640
2024-09-07,DEL-BLR,Business,91,16374,1490034
2024-09-07,BOM-BLR,Economy,199,4942,983458
2024-09-07,BOM-BLR,Premium,91,8269,752479
2024-09-07,BOM-BLR,Business,81,16268,1317708
2024-09-07,DEL-HYD,Economy,103,5208,536424
2024-09-07,DEL-HYD,Premium,98,7154,701092
2024-09-07,DEL-HYD,Business,192,11908,2286336
2024-09-07,BLR-HYD,Economy,48,5049,242352
2024-09-07,BLR-HYD,Premium,197,9796,1929812
2024-09-07,BLR-HYD,Business,91,16266,1480206
2024-09-08,DEL-BOM,Economy,153,5491,840123
2024-09-08,DEL-BOM,Premium,165,8112,1338480
2024-09-08,DEL-BOM,Business,154,16110,2480940
2024-09-08,DEL-BLR,Economy,63,3106,195678
2024-09-08,DEL-BLR,Premium,25,8312,207800
2024-09-08,DEL-BLR,Business,184,10895,2004680
2024-09-08,BOM-BLR,Economy,85,4521,384285
2024-09-08,BOM-BLR,Premium,43,7323,314889
2024-09-08,BOM-BLR,Business,117,11301,1322217
2024-09-08,DEL-HYD,Economy,100,4548,454800
2024-09-08,DEL-HYD,Premium,64,8698,556672
2024-09-08,DEL-HYD,Business,167,18894,3155298
2024-09-08,BLR-HYD,Economy,120,3104,372480
2024-09-08,BLR-HYD,Premium,159,9291,1477269
2024-09-08,BLR-HYD,Business,61,14537,886757
2024-09-09,DEL-BOM,Economy,152,3872,588544
2024-09-09,DEL-BOM,Premium,45,6627,298215
2024-09-09,DEL-BOM,Business,168,11263,1892184
2024-09-09,DEL-BLR,Economy,77,5742,442134
2024-09-09,DEL-BLR,Premium,88,9094,800272
2024-09-09,DEL-BLR,Business,177,12646,2238342
2024-09-09,BOM-BLR,Economy,30,4438,133140
2024-09-09,BOM-BLR,Premium,96,9851,945696
2024-09-09,BOM-BLR,Business,72,11424,822528
2024-09-09,DEL-HYD,Economy,47,3219,151293
2024-09-09,DEL-HYD,Premium,26,7759,201734
2024-09-09,DEL-HYD,Business,43,17621,757703
2024-09-09,BLR-HYD,Economy,85,3316,281860
2024-09-09,BLR-HYD,Premium,191,6510,1243410
2024-09-09,BLR-HYD,Business,159,11520,1831680
2024-09-10,DEL-BOM,Economy,67,5608,375736
2024-09-10,DEL-BOM,Premium,59,7761,457899
2024-09-10,DEL-BOM,Business,42,13892,583464
2024-09-10,DEL-BLR,Economy,68,3461,235348
2024-09-10,DEL-BLR,Premium,196,7145,1400420
2024-09-10,DEL-BLR,Business,122,13534,1651148
2024-09-10,BOM-BLR,Economy,168,5525,928200
2024-09-10,BOM-BLR,Premium,160,8333,1333280
2024-09-10,BOM-BLR,Business,130,18984,2467920
2024-09-10,DEL-HYD,Economy,69,4157,286833
2024-09-10,DEL-HYD,Premium,177,7957,1408389
2024-09-10,DEL-HYD,Business,113,10568,1194184
2024-09-10,BLR-HYD,Economy,183,3831,701073
2024-09-10,BLR-HYD,Premium,97,6071,588887
2024-09-10,BLR-HYD,Business,85,19408,1649680
2024-09-11,DEL-BOM,Economy,74,4402,325748
2024-09-11,DEL-BOM,Premium,172,9608,1652576
2024-09-11,DEL-BOM,Business,137,16565,2269405
2024-09-11,DEL-BLR,Economy,26,5525,143650
2024-09-11,DEL-BLR,Premium,166,9232,1532512
2024-09-11,DEL-BLR,Business,97,10461,1014717
2024-09-11,BOM-BLR,Economy,119,4317,513723
2024-09-11,BOM-BLR,Premium,168,6005,1008840
2024-09-11,BOM-BLR,Business,146,13970,2039620
2024-09-11,DEL-HYD,Economy,62,5606,347572
2024-09-11,DEL-HYD,Premium,176,7138,1256288
2024-09-11,DEL-HYD,Business,21,15641,328461
2024-09-11,BLR-HYD,Economy,131,5792,758752
2024-09-11,BLR-HYD,Premium,182,8685,1580670
2024-09-11,BLR-HYD,Business,191,16004,3056764
2024-09-12,DEL-BOM,Economy,165,4607,760155
2024-09-12,DEL-BOM,Premium,93,8808,819144
2024-09-12,DEL-BOM,Business,171,17904,3061584
2024-09-12,DEL-BLR,Economy,57,5091,290187
2024-09-12,DEL-BLR,Premium,181,6350,1149350
2024-09-12,DEL-BLR,Business,42,15162,636804
2024-09-12,BOM-BLR,Economy,59,5350,315650
2024-09-12,BOM-BLR,Premium,39,8668,338052
2024-09-12,BOM-BLR,Business,87,14993,1304391
2024-09-12,DEL-HYD,Economy,47,4046,190162
2024-09-12,DEL-HYD,Premium,110,9430,1037300
2024-09-12,DEL-HYD,Business,113,14595,1649235
2024-09-12,BLR-HYD,Economy,62,5918,366916
2024-09-12,BLR-HYD,Premium,142,6335,899570
2024-09-12,BLR-HYD,Business,30,13447,403410
2024-09-13,DEL-BOM,Economy,171,4466,763686
2024-09-13,DEL-BOM,Premium,55,6633,364815
2024-09-13,DEL-BOM,Business,78,18545,1446510
2024-09-13,DEL-BLR,Economy,75,4159,311925
2024-09-13,DEL-BLR,Premium,174,9703,1688322
2024-09-13,DEL-BLR,Business,44,14204,624976
2024-09-13,BOM-BLR,Economy,186,4368,812448
2024-09-13,BOM-BLR,Premium,93,7517,699081
2024-09-13,BOM-BLR,Business,176,18382,3235232
2024-09-13,DEL-HYD,Economy,184,3141,577944
2024-09-13,DEL-HYD,Premium,91,6565,597415
2024-09-13,DEL-HYD,Business,130,18722,2433860
2024-09-13,BLR-HYD,Economy,53,3561,188733
2024-09-13,BLR-HYD,Premium,65,9410,611650
2024-09-13,BLR-HYD,Business,70,17248,1207360
2024-09-14,DEL-BOM,Economy,137,5203,712811
2024-09-14,DEL-BOM,Premium,195,6760,1318200
2024-09-14,DEL-BOM,Business,26,18260,474760
2024-09-14,DEL-BLR,Economy,113,4904,554152
2024-09-14,DEL-BLR,Premium,155,8251,1278905
2024-09-14,DEL-BLR,Business,173,16194,2801562
2024-09-14,BOM-BLR,Economy,132,5771,761772
2024-09-14,BOM-BLR,Premium,98,8303,813694
2024-09-14,BOM-BLR,Business,192,11082,2127744
2024-09-14,DEL-HYD,Economy,132,3835,506220
2024-09-14,DEL-HYD,Premium,170,7083,1204110
2024-09-14,DEL-HYD,Business,74,17230,1275020
2024-09-14,BLR-HYD,Economy,74,4561,337514
2024-09-14,BLR-HYD,Premium,192,9238,1773696
2024-09-14,BLR-HYD,Business,88,10709,942392
2024-09-15,DEL-BOM,Economy,175,5732,1003100
2024-09-15,DEL-BOM,Premium,59,7669,452471
2024-09-15,DEL-BOM,Business,57,15951,909207
2024-09-15,DEL-BLR,Economy,49,5513,270137
2024-09-15,DEL-BLR,Premium,31,9101,282131
2024-09-15,DEL-BLR,Business,57,15413,878541
2024-09-15,BOM-BLR,Economy,123,4678,575394
2024-09-15,BOM-BLR,Premium,48,9092,436416
2024-09-15,BOM-BLR,Business,165,15285,2522025
2024-09-15,DEL-HYD,Economy,159,4519,718521
2024-09-15,DEL-HYD,Premium,148,6770,1001960
2024-09-15,DEL-HYD,Business,168,11781,1979208
2024-09-15,BLR-HYD,Economy,102,4516,460632
2024-09-15,BLR-HYD,Premium,166,9670,1605220
2024-09-15,BLR-HYD,Business,186,17670,3286620
2024-09-16,DEL-BOM,Economy,46,5989,275494
2024-09-16,DEL-BOM,Premium,111,6863,761793
2024-09-16,DEL-BOM,Business,187,13257,2479059
2024-09-16,DEL-BLR,Economy,178,3981,708618
2024-09-16,DEL-BLR,Premium,156,9464,1476384
2024-09-16,DEL-BLR,Business,147,19665,2890755
2024-09-16,BOM-BLR,Economy,161,5341,859901
2024-09-16,BOM-BLR,Premium,62,7755,480810
2024-09-16,BOM-BLR,Business,67,14638,980746
2024-09-16,DEL-HYD,Economy,180,4451,801180
2024-09-16,DEL-HYD,Premium,149,9123,1359327
2024-09-16,DEL-HYD,Business,56,19680,1102080
2024-09-16,BLR-HYD,Economy,136,4573,621928
2024-09-16,BLR-HYD,Premium,25,9250,231250
2024-09-16,BLR-HYD,Business,153,14381,2200293
2024-09-17,DEL-BOM,Economy,119,3569,424711
2024-09-17,DEL-BOM,Premium,156,6704,1045824
2024-09-17,DEL-BOM,Business,69,13681,943989
2024-09-17,DEL-BLR,Economy,62,4916,304792
2024-09-17,DEL-BLR,Premium,73,8317,607141
2024-09-17,DEL-BLR,Business,74,13090,968660
2024-09-17,BOM-BLR,Economy,110,4928,542080
2024-09-17,BOM-BLR,Premium,126,7843,988218
2024-09-17,BOM-BLR,Business,47,10831,509057
2024-09-17,DEL-HYD,Economy,37,3344,123728
2024-09-17,DEL-HYD,Premium,97,9161,888617
2024-09-17,DEL-HYD,Business,34,16655,566270
2024-09-17,BLR-HYD,Economy,105,4749,498645
2024-09-17,BLR-HYD,Premium,193,6767,1306031
2024-09-17,BLR-HYD,Business,35,12291,430185
2024-09-18,DEL-BOM,Economy,111,3104,344544
2024-09-18,DEL-BOM,Premium,50,7066,353300
2024-09-18,DEL-BOM,Business,69,13783,951027
2024-09-18,DEL-BLR,Economy,163,3889,633907
2024-09-18,DEL-BLR,Premium,101,6552,661752
2024-09-18,DEL-BLR,Business,166,11953,1984198
2024-09-18,BOM-BLR,Economy,186,3750,697500
2024-09-18,BOM-BLR,Premium,120,9771,1172520
2024-09-18,BOM-BLR,Business,43,15101,649343
2024-09-18,DEL-HYD,Economy,109,4401,479709
2024-09-18,DEL-HYD,Premium,21,7562,158802
2024-09-18,DEL-HYD,Business,90,15367,1383030
2024-09-18,BLR-HYD,Economy,137,3008,412096
2024-09-18,BLR-HYD,Premium,92,9031,830852
2024-09-18,BLR-HYD,Business,62,10850,672700
2024-09-19,DEL-BOM,Economy,103,3299,339797
2024-09-19,DEL-BOM,Premium,44,7082,311608
2024-09-19,DEL-BOM,Business,105,13951,1464855
2024-09-19,DEL-BLR,Economy,105,5109,536445
2024-09-19,DEL-BLR,Premium,192,7751,1488192
2024-09-19,DEL-BLR,Business,79,15825,1250175
2024-09-19,BOM-BLR,Economy,110,4327,475970
2024-09-19,BOM-BLR,Premium,75,9807,735525
2024-09-19,BOM-BLR,Business,74,19432,1437968
2024-09-19,DEL-HYD,Economy,23,3473,79879
2024-09-19,DEL-HYD,Premium,36,6829,245844
2024-09-19,DEL-HYD,Business,81,15281,1237761
2024-09-19,BLR-HYD,Economy,196,4511,884156
2024-09-19,BLR-HYD,Premium,110,8417,925870
2024-09-19,BLR-HYD,Business,108,11613,1254204
2024-09-20,DEL-BOM,Economy,33,5840,192720
2024-09-20,DEL-BOM,Premium,51,6845,349095
2024-09-20,DEL-BOM,Business,125,18636,2329500
2024-09-20,DEL-BLR,Economy,174,5599,974226
2024-09-20,DEL-BLR,Premium,52,9720,505440
2024-09-20,DEL-BLR,Business,152,17000,2584000
2024-09-20,BOM-BLR,Economy,198,5828,1153944
2024-09-20,BOM-BLR,Premium,71,7552,536192
2024-09-20,BOM-BLR,Business,103,18031,1857193
2024-09-20,DEL-HYD,Economy,27,3311,89397
2024-09-20,DEL-HYD,Premium,102,9515,970530
2024-09-20,DEL-HYD,Business,188,14297,2687836
2024-09-20,BLR-HYD,Economy,176,3463,609488
2024-09-20,BLR-HYD,Premium,49,6436,315364
2024-09-20,BLR-HYD,Business,38,14308,543704
2024-09-21,DEL-BOM,Economy,124,4127,511748
2024-09-21,DEL-BOM,Premium,100,6548,654800
2024-09-21,DEL-BOM,Business,78,10804,842712
2024-09-21,DEL-BLR,Economy,50,3610,180500
2024-09-21,DEL-BLR,Premium,25,6142,153550
2024-09-21,DEL-BLR,Business,35,13371,467985
2024-09-21,BOM-BLR,Economy,189,5093,962577
2024-09-21,BOM-BLR,Premium,83,9714,806262
2024-09-21,BOM-BLR,Business,172,18697,3215884
2024-09-21,DEL-HYD,Economy,193,4096,790528
2024-09-21,DEL-HYD,Premium,169,9902,1673438
2024-09-21,DEL-HYD,Business,80,10679,854320
2024-09-21,BLR-HYD,Economy,148,4129,611092
2024-09-21,BLR-HYD,Premium,122,9696,1182912
2024-09-21,BLR-HYD,Business,89,15366,1367574
2024-09-22,DEL-BOM,Economy,117,4547,531999
2024-09-22,DEL-BOM,Premium,99,6834,676566
2024-09-22,DEL-BOM,Business,158,17970,2839260
2024-09-22,DEL-BLR,Economy,182,4813,875966
2024-09-22,DEL-BLR,Premium,136,8835,1201560
2024-09-22,DEL-BLR,Business,23,12696,292008
2024-09-22,BOM-BLR,Economy,99,5917,585783
2024-09-22,BOM-BLR,Premium,188,8348,1569424
2024-09-22,BOM-BLR,Business,136,12562,1708432
2024-09-22,DEL-HYD,Economy,56,5545,310520
2024-09-22,DEL-HYD,Premium,28,9334,261352
2024-09-22,DEL-HYD,Business,153,10839,1658367
2024-09-22,BLR-HYD,Economy,181,3359,607979
2024-09-22,BLR-HYD,Premium,141,7732,1090212
2024-09-22,BLR-HYD,Business,167,16278,2718426
2024-09-23,DEL-BOM,Economy,69,5801,400269
2024-09-23,DEL-BOM,Premium,33,7212,237996
2024-09-23,DEL-BOM,Business,152,10703,1626856
2024-09-23,DEL-BLR,Economy,176,4738,833888
2024-09-23,DEL-BLR,Premium,115,6078,698970
2024-09-23,DEL-BLR,Business,41,17696,725536
2024-09-23,BOM-BLR,Economy,36,3475,125100
2024-09-23,BOM-BLR,Premium,165,9149,1509585
2024-09-23,BOM-BLR,Business,37,13206,488622
2024-09-23,DEL-HYD,Economy,95,5569,529055
2024-09-23,DEL-HYD,Premium,63,9013,567819
2024-09-23,DEL-HYD,Business,37,14389,532393
2024-09-23,BLR-HYD,Economy,167,5018,838006
2024-09-23,BLR-HYD,Premium,38,7859,298642
2024-09-23,BLR-HYD,Business,85,13577,1154045
2024-09-24,DEL-BOM,Economy,177,5717,1011909
2024-09-24,DEL-BOM,Premium,107,8795,941065
2024-09-24,DEL-BOM,Business,124,19041,2361084
2024-09-24,DEL-BLR,Economy,38,4094,155572
2024-09-24,DEL-BLR,Premium,98,8857,867986
2024-09-24,DEL-BLR,Business,199,15605,3105395
2024-09-24,BOM-BLR,Economy,23,5344,122912
2024-09-24,BOM-BLR,Premium,136,9004,1224544
2024-09-24,BOM-BLR,Business,94,14039,1319666
2024-09-24,DEL-HYD,Economy,44,4534,199496
2024-09-24,DEL-HYD,Premium,191,8569,1636679
2024-09-24,DEL-HYD,Business,69,13599,938331
2024-09-24,BLR-HYD,Economy,21,5717,120057
2024-09-24,BLR-HYD,Premium,96,8224,789504
2024-09-24,BLR-HYD,Business,54,16373,884142
2024-09-25,DEL-BOM,Economy,134,4123,552482
2024-09-25,DEL-BOM,Premium,74,8362,618788
2024-09-25,DEL-BOM,Business,51,11281,575331
2024-09-25,DEL-BLR,Economy,104,4925,512200
2024-09-25,DEL-BLR,Premium,55,8604,473220
2024-09-25,DEL-BLR,Business,72,14784,1064448
2024-09-25,BOM-BLR,Economy,149,5058,753642
2024-09-25,BOM-BLR,Premium,182,6910,1257620
2024-09-25,BOM-BLR,Business,50,14507,725350
2024-09-25,DEL-HYD,Economy,172,4235,728420
2024-09-25,DEL-HYD,Premium,94,6954,653676
2024-09-25,DEL-HYD,Business,181,10529,1905749
2024-09-25,BLR-HYD,Economy,96,4266,409536
2024-09-25,BLR-HYD,Premium,146,7597,1109162
2024-09-25,BLR-HYD,Business,51,16141,823191
2024-09-26,DEL-BOM,Economy,185,5742,1062270
2024-09-26,DEL-BOM,Premium,100,7962,796200
2024-09-26,DEL-BOM,Business,183,19082,3492006
2024-09-26,DEL-BLR,Economy,71,4955,351805
2024-09-26,DEL-BLR,Premium,89,8836,786404
2024-09-26,DEL-BLR,Business,95,19511,1853545
2024-09-26,BOM-BLR,Economy,23,5846,134458
2024-09-26,BOM-BLR,Premium,88,7796,686048
2024-09-26,BOM-BLR,Business,110,10782,1186020
2024-09-26,DEL-HYD,Economy,124,3774,467976
2024-09-26,DEL-HYD,Premium,34,9154,311236
2024-09-26,DEL-HYD,Business,76,12686,964136
2024-09-26,BLR-HYD,Economy,178,3842,683876
2024-09-26,BLR-HYD,Premium,126,6578,828828
2024-09-26,BLR-HYD,Business,150,11683,1752450
2024-09-27,DEL-BOM,Economy,112,4877,546224
2024-09-27,DEL-BOM,Premium,98,9849,965202
2024-09-27,DEL-BOM,Business,48,17726,850848
2024-09-27,DEL-BLR,Economy,170,4073,692410
2024-09-27,DEL-BLR,Premium,151,7136,1077536
2024-09-27,DEL-BLR,Business,104,13907,1446328
2024-09-27,BOM-BLR,Economy,98,4080,399840
2024-09-27,BOM-BLR,Premium,154,9755,1502270
2024-09-27,BOM-BLR,Business,84,18875,1585500
2024-09-27,DEL-HYD,Economy,31,3332,103292
2024-09-27,DEL-HYD,Premium,185,8559,1583415
2024-09-27,DEL-HYD,Business,139,18998,2640722
2024-09-27,BLR-HYD,Economy,60,3888,233280
2024-09-27,BLR-HYD,Premium,84,9231,775404
2024-09-27,BLR-HYD,Business,37,11568,428016
2024-09-28,DEL-BOM,Economy,24,4519,108456
2024-09-28,DEL-BOM,Premium,93,8723,811239
2024-09-28,DEL-BOM,Business,170,17959,3053030
2024-09-28,DEL-BLR,Economy,164,5398,885272
2024-09-28,DEL-BLR,Premium,111,6124,679764
2024-09-28,DEL-BLR,Business,120,14593,1751160
2024-09-28,BOM-BLR,Economy,172,3052,524944
2024-09-28,BOM-BLR,Premium,121,9696,1173216
2024-09-28,BOM-BLR,Business,40,14833,593320
2024-09-28,DEL-HYD,Economy,33,5574,183942
2024-09-28,DEL-HYD,Premium,183,8824,1614792
2024-09-28,DEL-HYD,Business,177,18171,3216267
2024-09-28,BLR-HYD,Economy,182,4230,769860
2024-09-28,BLR-HYD,Premium,28,9829,275212
2024-09-28,BLR-HYD,Business,136,18722,2546192
2024-09-29,DEL-BOM,Economy,175,3022,528850
2024-09-29,DEL-BOM,Premium,154,9787,1507198
2024-09-29,DEL-BOM,Business,161,17618,2836498
2024-09-29,DEL-BLR,Economy,34,5354,182036
2024-09-29,DEL-BLR,Premium,27,6574,177498
2024-09-29,DEL-BLR,Business,163,15637,2548831
2024-09-29,BOM-BLR,Economy,176,3578,629728
2024-09-29,BOM-BLR,Premium,133,7967,1059611
2024-09-29,BOM-BLR,Business,52,16283,846716
2024-09-29,DEL-HYD,Economy,63,4036,254268
2024-09-29,DEL-HYD,Premium,76,8447,641972
2024-09-29,DEL-HYD,Business,128,16450,2105600
2024-09-29,BLR-HYD,Economy,40,4083,163320
2024-09-29,BLR-HYD,Premium,126,8292,1044792
2024-09-29,BLR-HYD,Business,95,18581,1765195
2024-09-30,DEL-BOM,Economy,84,5615,471660
2024-09-30,DEL-BOM,Premium,189,7029,1328481
2024-09-30,DEL-BOM,Business,167,13550,2262850
2024-09-30,DEL-BLR,Economy,109,3823,416707
2024-09-30,DEL-BLR,Premium,106,9222,977532
2024-09-30,DEL-BLR,Business,132,19270,2543640
2024-09-30,BOM-BLR,Economy,68,3545,241060
2024-09-30,BOM-BLR,Premium,41,6616,271256
2024-09-30,BOM-BLR,Business,35,10171,355985
2024-09-30,DEL-HYD,Economy,66,3625,239250
2024-09-30,DEL-HYD,Premium,158,6753,1066974
2024-09-30,DEL-HYD,Business,183,16827,3079341
2024-09-30,BLR-HYD,Economy,115,4225,485875
2024-09-30,BLR-HYD,Premium,105,7982,838110
2024-09-30,BLR-HYD,Business,70,18462,1292340
2024-10-01,DEL-BOM,Economy,84,3343,280812
2024-10-01,DEL-BOM,Premium,61,7532,459452
2024-10-01,DEL-BOM,Business,137,18430,2524910
2024-10-01,DEL-BLR,Economy,97,3914,379658
2024-10-01,DEL-BLR,Premium,109,7415,808235
2024-10-01,DEL-BLR,Business,130,10085,1311050
2024-10-01,BOM-BLR,Economy,74,4736,350464
2024-10-01,BOM-BLR,Premium,127,6131,778637
2024-10-01,BOM-BLR,Business,155,16190,2509450
2024-10-01,DEL-HYD,Economy,24,3689,88536
2024-10-01,DEL-HYD,Premium,37,6411,237207
2024-10-01,DEL-HYD,Business,24,19301,463224
2024-10-01,BLR-HYD,Economy,101,3429,346329
2024-10-01,BLR-HYD,Premium,110,6984,768240
2024-10-01,BLR-HYD,Business,146,12996,1897416
2024-10-02,DEL-BOM,Economy,159,4811,764949
2024-10-02,DEL-BOM,Premium,170,6922,1176740
2024-10-02,DEL-BOM,Business,36,15297,550692
2024-10-02,DEL-BLR,Economy,187,3381,632247
2024-10-02,DEL-BLR,Premium,36,6305,226980
2024-10-02,DEL-BLR,Business,109,17222,1877198
2024-10-02,BOM-BLR,Economy,192,3402,653184
2024-10-02,BOM-BLR,Premium,170,9999,1699830
2024-10-02,BOM-BLR,Business,110,18934,2082740
2024-10-02,DEL-HYD,Economy,48,4978,238944
2024-10-02,DEL-HYD,Premium,70,6868,480760
2024-10-02,DEL-HYD,Business,147,12530,1841910
2024-10-02,BLR-HYD,Economy,25,4597,114925
2024-10-02,BLR-HYD,Premium,47,8258,388126
2024-10-02,BLR-HYD,Business,57,19178,1093146
2024-10-03,DEL-BOM,Economy,65,4477,291005
2024-10-03,DEL-BOM,Premium,58,9454,548332
2024-10-03,DEL-BOM,Business,168,12975,2179800
2024-10-03,DEL-BLR,Economy,155,5628,872340
2024-10-03,DEL-BLR,Premium,132,6491,856812
2024-10-03,DEL-BLR,Business,177,17478,3093606
2024-10-03,BOM-BLR,Economy,63,4178,263214
2024-10-03,BOM-BLR,Premium,195,8286,1615770
2024-10-03,BOM-BLR,Business,141,16598,2340318
2024-10-03,DEL-HYD,Economy,131,3758,492298
2024-10-03,DEL-HYD,Premium,64,8422,539008
2024-10-03,DEL-HYD,Business,175,14029,2455075
2024-10-03,BLR-HYD,Economy,129,5866,756714
2024-10-03,BLR-HYD,Premium,115,6700,770500
2024-10-03,BLR-HYD,Business,51,14145,721395
2024-10-04,DEL-BOM,Economy,71,5901,418971
2024-10-04,DEL-BOM,Premium,85,8858,752930
2024-10-04,DEL-BOM,Business,156,19280,3007680
2024-10-04,DEL-BLR,Economy,21,4155,87255
2024-10-04,DEL-BLR,Premium,119,9943,1183217
2024-10-04,DEL-BLR,Business,161,12025,1936025
2024-10-04,BOM-BLR,Economy,68,3987,271116
2024-10-04,BOM-BLR,Premium,168,7439,1249752
2024-10-04,BOM-BLR,Business,35,14378,503230
2024-10-04,DEL-HYD,Economy,123,3360,413280
2024-10-04,DEL-HYD,Premium,132,7934,1047288
2024-10-04,DEL-HYD,Business,110,19584,2154240
2024-10-04,BLR-HYD,Economy,50,3703,185150
2024-10-04,BLR-HYD,Premium,117,7266,850122
2024-10-04,BLR-HYD,Business,78,18493,1442454
2024-10-05,DEL-BOM,Economy,185,5850,1082250
2024-10-05,DEL-BOM,Premium,176,6316,1111616
2024-10-05,DEL-BOM,Business,175,17518,3065650
2024-10-05,DEL-BLR,Economy,174,4529,788046
2024-10-05,DEL-BLR,Premium,169,8059,1361971
2024-10-05,DEL-BLR,Business,198,13266,2626668
2024-10-05,BOM-BLR,Economy,31,4053,125643
2024-10-05,BOM-BLR,Premium,73,8752,638896
2024-10-05,BOM-BLR,Business,98,14091,1380918
2024-10-05,DEL-HYD,Economy,98,4498,440804
2024-10-05,DEL-HYD,Premium,130,9037,1174810
2024-10-05,DEL-HYD,Business,101,17402,1757602
2024-10-05,BLR-HYD,Economy,41,3386,138826
2024-10-05,BLR-HYD,Premium,194,7184,1393696
2024-10-05,BLR-HYD,Business,195,18432,3594240
2024-10-06,DEL-BOM,Economy,45,4671,210195
2024-10-06,DEL-BOM,Premium,57,8345,475665
2024-10-06,DEL-BOM,Business,159,11677,1856643
2024-10-06,DEL-BLR,Economy,65,5827,378755
2024-10-06,DEL-BLR,Premium,63,8441,531783
2024-10-06,DEL-BLR,Business,102,16359,1668618
2024-10-06,BOM-BLR,Economy,80,4496,359680
2024-10-06,BOM-BLR,Premium,178,7601,1352978
2024-10-06,BOM-BLR,Business,72,10094,726768
2024-10-06,DEL-HYD,Economy,169,4046,683774
2024-10-06,DEL-HYD,Premium,162,8178,1324836
2024-10-06,DEL-HYD,Business,128,18486,2366208
2024-10-06,BLR-HYD,Economy,139,3455,480245
2024-10-06,BLR-HYD,Premium,174,9214,1603236
2024-10-06,BLR-HYD,Business,24,18070,433680
2024-10-07,DEL-BOM,Economy,60,5057,303420
2024-10-07,DEL-BOM,Premium,97,6400,620800
2024-10-07,DEL-BOM,Business,26,13851,360126
2024-10-07,DEL-BLR,Economy,104,5306,551824
2024-10-07,DEL-BLR,Premium,29,9885,286665
2024-10-07,DEL-BLR,Business,25,18822,470550
2024-10-07,BOM-BLR,Economy,187,3864,722568
2024-10-07,BOM-BLR,Premium,87,9300,809100
2024-10-07,BOM-BLR,Business,79,17121,1352559
2024-10-07,DEL-HYD,Economy,132,3216,424512
2024-10-07,DEL-HYD,Premium,98,9041,886018
2024-10-07,DEL-HYD,Business,137,15153,2075961
2024-10-07,BLR-HYD,Economy,58,4602,266916
2024-10-07,BLR-HYD,Premium,107,9436,1009652
2024-10-07,BLR-HYD,Business,108,11102,1199016
2024-10-08,DEL-BOM,Economy,197,4820,949540
2024-10-08,DEL-BOM,Premium,58,9684,561672
2024-10-08,DEL-BOM,Business,161,17707,2850827
2024-10-08,DEL-BLR,Economy,33,5785,190905
2024-10-08,DEL-BLR,Premium,135,9775,1319625
2024-10-08,DEL-BLR,Business,51,10016,510816
2024-10-08,BOM-BLR,Economy,136,3982,541552
2024-10-08,BOM-BLR,Premium,29,9503,275587
2024-10-08,BOM-BLR,Business,135,19468,2628180
2024-10-08,DEL-HYD,Economy,188,3846,723048
2024-10-08,DEL-HYD,Premium,61,8807,537227
2024-10-08,DEL-HYD,Business,90,17180,1546200
2024-10-08,BLR-HYD,Economy,34,3803,129302
2024-10-08,BLR-HYD,Premium,136,8103,1102008
2024-10-08,BLR-HYD,Business,151,14403,2174853
2024-10-09,DEL-BOM,Economy,157,3221,505697
2024-10-09,DEL-BOM,Premium,48,9892,474816
2024-10-09,DEL-BOM,Business,170,10111,1718870
2024-10-09,DEL-BLR,Economy,190,4161,790590
2024-10-09,DEL-BLR,Premium,49,7330,359170
2024-10-09,DEL-BLR,Business,165,19748,3258420
2024-10-09,BOM-BLR,Economy,148,3496,517408
2024-10-09,BOM-BLR,Premium,66,8773,579018
2024-10-09,BOM-BLR,Business,193,11000,2123000
2024-10-09,DEL-HYD,Economy,186,5326,990636
2024-10-09,DEL-HYD,Premium,21,9827,206367
2024-10-09,DEL-HYD,Business,90,18612,1675080
2024-10-09,BLR-HYD,Economy,132,5275,696300
2024-10-09,BLR-HYD,Premium,50,7841,392050
2024-10-09,BLR-HYD,Business,141,14522,2047602
2024-10-10,DEL-BOM,Economy,34,4967,168878
2024-10-10,DEL-BOM,Premium,191,9603,1834173
2024-10-10,DEL-BOM,Business,27,16834,454518
2024-10-10,DEL-BLR,Economy,23,4643,106789
2024-10-10,DEL-BLR,Premium,74,8851,654974
2024-10-10,DEL-BLR,Business,31,15458,479198
2024-10-10,BOM-BLR,Economy,25,4305,107625
2024-10-10,BOM-BLR,Premium,139,8470,1177330
2024-10-10,BOM-BLR,Business,33,14622,482526
2024-10-10,DEL-HYD,Economy,56,3177,177912
2024-10-10,DEL-HYD,Premium,91,8670,788970
2024-10-10,DEL-HYD,Business,124,19054,2362696
2024-10-10,BLR-HYD,Economy,137,5565,762405
2024-10-10,BLR-HYD,Premium,112,6770,758240
2024-10-10,BLR-HYD,Business,34,17225,585650
2024-10-11,DEL-BOM,Economy,58,4275,247950
2024-10-11,DEL-BOM,Premium,54,7436,401544
2024-10-11,DEL-BOM,Business,71,14251,1011821
2024-10-11,DEL-BLR,Economy,49,4113,201537
2024-10-11,DEL-BLR,Premium,182,9566,1741012
2024-10-11,DEL-BLR,Business,71,18700,1327700
2024-10-11,BOM-BLR,Economy,55,4687,257785
2024-10-11,BOM-BLR,Premium,169,8928,1508832
2024-10-11,BOM-BLR,Business,23,15360,353280
2024-10-11,DEL-HYD,Economy,49,3325,162925
2024-10-11,DEL-HYD,Premium,130,8760,1138800
2024-10-11,DEL-HYD,Business,142,14364,2039688
2024-10-11,BLR-HYD,Economy,174,4220,734280
2024-10-11,BLR-HYD,Premium,50,8845,442250
2024-10-11,BLR-HYD,Business,118,10425,1230150
2024-10-12,DEL-BOM,Economy,179,5914,1058606
2024-10-12,DEL-BOM,Premium,186,9997,1859442
2024-10-12,DEL-BOM,Business,133,11184,1487472
2024-10-12,DEL-BLR,Economy,44,5467,240548
2024-10-12,DEL-BLR,Premium,65,7489,486785
2024-10-12,DEL-BLR,Business,116,10135,1175660
2024-10-12,BOM-BLR,Economy,94,5757,541158
2024-10-12,BOM-BLR,Premium,144,9531,1372464
2024-10-12,BOM-BLR,Business,57,15049,857793
2024-10-12,DEL-HYD,Economy,100,3896,389600
2024-10-12,DEL-HYD,Premium,93,7126,662718
2024-10-12,DEL-HYD,Business,183,10113,1850679
2024-10-12,BLR-HYD,Economy,142,4336,615712
2024-10-12,BLR-HYD,Premium,192,6463,1240896
2024-10-12,BLR-HYD,Business,112,14318,1603616
2024-10-13,DEL-BOM,Economy,100,4289,428900
2024-10-13,DEL-BOM,Premium,162,8283,1341846
2024-10-13,DEL-BOM,Business,77,12427,956879
2024-10-13,DEL-BLR,Economy,45,3613,162585
2024-10-13,DEL-BLR,Premium,71,8866,629486
2024-10-13,DEL-BLR,Business,33,17144,565752
2024-10-13,BOM-BLR,Economy,20,3184,63680
2024-10-13,BOM-BLR,Premium,33,8234,271722
2024-10-13,BOM-BLR,Business,22,10600,233200
2024-10-13,DEL-HYD,Economy,144,3961,570384
2024-10-13,DEL-HYD,Premium,114,8397,957258
2024-10-13,DEL-HYD,Business,44,14488,637472
2024-10-13,BLR-HYD,Economy,122,3701,451522
2024-10-13,BLR-HYD,Premium,35,8379,293265
2024-10-13,BLR-HYD,Business,45,19234,865530
2024-10-14,DEL-BOM,Economy,167,5538,924846
2024-10-14,DEL-BOM,Premium,104,7698,800592
2024-10-14,DEL-BOM,Business,169,12657,2139033
2024-10-14,DEL-BLR,Economy,160,3507,561120
2024-10-14,DEL-BLR,Premium,116,6289,729524
2024-10-14,DEL-BLR,Business,164,15962,2617768
2024-10-14,BOM-BLR,Economy,116,4400,510400
2024-10-14,BOM-BLR,Premium,136,9787,1331032
2024-10-14,BOM-BLR,Business,86,13251,1139586
2024-10-14,DEL-HYD,Economy,37,4204,155548
2024-10-14,DEL-HYD,Premium,46,6474,297804
2024-10-14,DEL-HYD,Business,148,14257,2110036
2024-10-14,BLR-HYD,Economy,37,3020,111740
2024-10-14,BLR-HYD,Premium,176,6951,1223376
2024-10-14,BLR-HYD,Business,174,15952,2775648
2024-10-15,DEL-BOM,Economy,185,3850,712250
2024-10-15,DEL-BOM,Premium,100,9669,966900
2024-10-15,DEL-BOM,Business,67,16339,1094713
2024-10-15,DEL-BLR,Economy,127,3812,484124
2024-10-15,DEL-BLR,Premium,116,6712,778592
2024-10-15,DEL-BLR,Business,99,18366,1818234
2024-10-15,BOM-BLR,Economy,153,4089,625617
2024-10-15,BOM-BLR,Premium,190,7351,1396690
2024-10-15,BOM-BLR,Business,182,17322,3152604
2024-10-15,DEL-HYD,Economy,162,5555,899910
2024-10-15,DEL-HYD,Premium,88,8702,765776
2024-10-15,DEL-HYD,Business,53,19732,1045796
2024-10-15,BLR-HYD,Economy,135,5457,736695
2024-10-15,BLR-HYD,Premium,42,8572,360024
2024-10-15,BLR-HYD,Business,39,13300,518700
2024-10-16,DEL-BOM,Economy,171,5848,1000008
2024-10-16,DEL-BOM,Premium,83,8376,695208
2024-10-16,DEL-BOM,Business,164,18262,2994968
2024-10-16,DEL-BLR,Economy,78,5912,461136
2024-10-16,DEL-BLR,Premium,125,8009,1001125
2024-10-16,DEL-BLR,Business,164,16614,2724696
2024-10-16,BOM-BLR,Economy,193,3215,620495
2024-10-16,BOM-BLR,Premium,185,7564,1399340
2024-10-16,BOM-BLR,Business,110,16050,1765500
2024-10-16,DEL-HYD,Economy,135,3069,414315
2024-10-16,DEL-HYD,Premium,65,7707,500955
2024-10-16,DEL-HYD,Business,199,19025,3785975
2024-10-16,BLR-HYD,Economy,187,5260,983620
2024-10-16,BLR-HYD,Premium,195,7852,1531140
2024-10-16,BLR-HYD,Business,71,18303,1299513
2024-10-17,DEL-BOM,Economy,106,3182,337292
2024-10-17,DEL-BOM,Premium,66,8023,529518
2024-10-17,DEL-BOM,Business,41,10541,432181
2024-10-17,DEL-BLR,Economy,165,4021,663465
2024-10-17,DEL-BLR,Premium,93,9933,923769
2024-10-17,DEL-BLR,Business,90,16189,1457010
2024-10-17,BOM-BLR,Economy,37,4420,163540
2024-10-17,BOM-BLR,Premium,27,9487,256149
2024-10-17,BOM-BLR,Business,121,14670,1775070
2024-10-17,DEL-HYD,Economy,59,4107,242313
2024-10-17,DEL-HYD,Premium,153,8680,1328040
2024-10-17,DEL-HYD,Business,155,10366,1606730
2024-10-17,BLR-HYD,Economy,51,4836,246636
2024-10-17,BLR-HYD,Premium,101,6535,660035
2024-10-17,BLR-HYD,Business,33,19916,657228
2024-10-18,DEL-BOM,Economy,20,5264,105280
2024-10-18,DEL-BOM,Premium,51,8079,412029
2024-10-18,DEL-BOM,Business,171,17446,2983266
2024-10-18,DEL-BLR,Economy,48,3609,173232
2024-10-18,DEL-BLR,Premium,163,9940,1620220
2024-10-18,DEL-BLR,Business,191,10442,1994422
2024-10-18,BOM-BLR,Economy,148,3398,502904
2024-10-18,BOM-BLR,Premium,188,9331,1754228
2024-10-18,BOM-BLR,Business,65,17638,1146470
2024-10-18,DEL-HYD,Economy,180,3339,601020
2024-10-18,DEL-HYD,Premium,125,7498,937250
2024-10-18,DEL-HYD,Business,172,14880,2559360
2024-10-18,BLR-HYD,Economy,168,3130,525840
2024-10-18,BLR-HYD,Premium,26,9849,256074
2024-10-18,BLR-HYD,Business,32,19510,624320
2024-10-19,DEL-BOM,Economy,166,4458,740028
2024-10-19,DEL-BOM,Premium,71,8990,638290
2024-10-19,DEL-BOM,Business,139,18852,2620428
2024-10-19,DEL-BLR,Economy,94,4403,413882
2024-10-19,DEL-BLR,Premium,81,6785,549585
2024-10-19,DEL-BLR,Business,67,12774,855858
2024-10-19,BOM-BLR,Economy,53,3253,172409
2024-10-19,BOM-BLR,Premium,106,7048,747088
2024-10-19,BOM-BLR,Business,151,10937,1651487
2024-10-19,DEL-HYD,Economy,68,5893,400724
2024-10-19,DEL-HYD,Premium,155,8007,1241085
2024-10-19,DEL-HYD,Business,54,13743,742122
2024-10-19,BLR-HYD,Economy,171,3518,601578
2024-10-19,BLR-HYD,Premium,119,7065,840735
2024-10-19,BLR-HYD,Business,178,18011,3205958
2024-10-20,DEL-BOM,Economy,51,3480,177480
2024-10-20,DEL-BOM,Premium,145,9987,1448115
2024-10-20,DEL-BOM,Business,124,13276,1646224
2024-10-20,DEL-BLR,Economy,33,4963,163779
2024-10-20,DEL-BLR,Premium,67,7679,514493
2024-10-20,DEL-BLR,Business,72,13317,958824
2024-10-20,BOM-BLR,Economy,152,4673,710296
2024-10-20,BOM-BLR,Premium,85,8394,713490
2024-10-20,BOM-BLR,Business,184,15152,2787968
2024-10-20,DEL-HYD,Economy,87,5234,455358
2024-10-20,DEL-HYD,Premium,107,7374,789018
2024-10-20,DEL-HYD,Business,196,16704,3273984
2024-10-20,BLR-HYD,Economy,132,3625,478500
2024-10-20,BLR-HYD,Premium,44,6394,281336
2024-10-20,BLR-HYD,Business,127,10968,1392936
2024-10-21,DEL-BOM,Economy,88,3668,322784
2024-10-21,DEL-BOM,Premium,138,6222,858636
2024-10-21,DEL-BOM,Business,27,16716,451332
2024-10-21,DEL-BLR,Economy,175,3470,607250
2024-10-21,DEL-BLR,Premium,144,8572,1234368
2024-10-21,DEL-BLR,Business,26,11343,294918
2024-10-21,BOM-BLR,Economy,197,3920,772240
2024-10-21,BOM-BLR,Premium,103,7986,822558
2024-10-21,BOM-BLR,Business,162,16311,2642382
2024-10-21,DEL-HYD,Economy,140,4774,668360
2024-10-21,DEL-HYD,Premium,88,7010,616880
2024-10-21,DEL-HYD,Business,81,13857,1122417
2024-10-21,BLR-HYD,Economy,67,4672,313024
2024-10-21,BLR-HYD,Premium,170,8553,1454010
2024-10-21,BLR-HYD,Business,59,19231,1134629
2024-10-22,DEL-BOM,Economy,146,3884,567064
2024-10-22,DEL-BOM,Premium,153,9597,1468341
2024-10-22,DEL-BOM,Business,85,10458,888930
2024-10-22,DEL-BLR,Economy,105,3625,380625
2024-10-22,DEL-BLR,Premium,148,9598,1420504
2024-10-22,DEL-BLR,Business,174,15146,2635404
2024-10-22,BOM-BLR,Economy,31,5114,158534
2024-10-22,BOM-BLR,Premium,154,9615,1480710
2024-10-22,BOM-BLR,Business,58,14301,829458
2024-10-22,DEL-HYD,Economy,150,3941,591150
2024-10-22,DEL-HYD,Premium,100,6770,677000
2024-10-22,DEL-HYD,Business,93,12926,1202118
2024-10-22,BLR-HYD,Economy,59,3834,226206
2024-10-22,BLR-HYD,Premium,157,8504,1335128
2024-10-22,BLR-HYD,Business,193,15091,2912563
2024-10-23,DEL-BOM,Economy,45,5458,245610
2024-10-23,DEL-BOM,Premium,45,8466,380970
2024-10-23,DEL-BOM,Business,134,18081,2422854
2024-10-23,DEL-BLR,Economy,190,4538,862220
2024-10-23,DEL-BLR,Premium,154,9884,1522136
2024-10-23,DEL-BLR,Business,105,19650,2063250
2024-10-23,BOM-BLR,Economy,28,4250,119000
2024-10-23,BOM-BLR,Premium,135,7853,1060155
2024-10-23,BOM-BLR,Business,123,10181,1252263
2024-10-23,DEL-HYD,Economy,154,4142,637868
2024-10-23,DEL-HYD,Premium,43,7506,322758
2024-10-23,DEL-HYD,Business,111,14244,1581084
2024-10-23,BLR-HYD,Economy,136,5505,748680
2024-10-23,BLR-HYD,Premium,25,8036,200900
2024-10-23,BLR-HYD,Business,101,16168,1632968
2024-10-24,DEL-BOM,Economy,158,3713,586654
2024-10-24,DEL-BOM,Premium,115,7211,829265
2024-10-24,DEL-BOM,Business,20,18129,362580
2024-10-24,DEL-BLR,Economy,70,5638,394660
2024-10-24,DEL-BLR,Premium,81,7010,567810
2024-10-24,DEL-BLR,Business,61,18291,1115751
2024-10-24,BOM-BLR,Economy,58,5310,307980
2024-10-24,BOM-BLR,Premium,64,7143,457152
2024-10-24,BOM-BLR,Business,157,14682,2305074
2024-10-24,DEL-HYD,Economy,25,5237,130925
2024-10-24,DEL-HYD,Premium,118,6829,805822
2024-10-24,DEL-HYD,Business,102,19917,2031534
2024-10-24,BLR-HYD,Economy,181,4045,732145
2024-10-24,BLR-HYD,Premium,29,8311,241019
2024-10-24,BLR-HYD,Business,142,16266,2309772
2024-10-25,DEL-BOM,Economy,81,5348,433188
2024-10-25,DEL-BOM,Premium,157,9641,1513637
2024-10-25,DEL-BOM,Business,168,17512,2942016
2024-10-25,DEL-BLR,Economy,83,5224,433592
2024-10-25,DEL-BLR,Premium,92,6581,605452
2024-10-25,DEL-BLR,Business,40,19190,767600
2024-10-25,BOM-BLR,Economy,46,4742,218132
2024-10-25,BOM-BLR,Premium,105,7393,776265
2024-10-25,BOM-BLR,Business,154,16059,2473086
2024-10-25,DEL-HYD,Economy,65,3060,198900
2024-10-25,DEL-HYD,Premium,35,8180,286300
2024-10-25,DEL-HYD,Business,57,15990,911430
2024-10-25,BLR-HYD,Economy,75,4342,325650
2024-10-25,BLR-HYD,Premium,78,7963,621114
2024-10-25,BLR-HYD,Business,74,19603,1450622
2024-10-26,DEL-BOM,Economy,104,4533,471432
2024-10-26,DEL-BOM,Premium,77,9120,702240
2024-10-26,DEL-BOM,Business,38,13190,501220
2024-10-26,DEL-BLR,Economy,199,4960,987040
2024-10-26,DEL-BLR,Premium,153,8581,1312893
2024-10-26,DEL-BLR,Business,23,17103,393369
2024-10-26,BOM-BLR,Economy,184,5974,1099216
2024-10-26,BOM-BLR,Premium,64,8727,558528
2024-10-26,BOM-BLR,Business,112,11104,1243648
2024-10-26,DEL-HYD,Economy,106,5540,587240
2024-10-26,DEL-HYD,Premium,82,7330,601060
2024-10-26,DEL-HYD,Business,132,19145,2527140
2024-10-26,BLR-HYD,Economy,22,4842,106524
2024-10-26,BLR-HYD,Premium,92,7596,698832
2024-10-26,BLR-HYD,Business,194,13037,2529178
2024-10-27,DEL-BOM,Economy,57,5749,327693
2024-10-27,DEL-BOM,Premium,101,8114,819514
2024-10-27,DEL-BOM,Business,146,15616,2279936
2024-10-27,DEL-BLR,Economy,59,5768,340312
2024-10-27,DEL-BLR,Premium,60,9036,542160
2024-10-27,DEL-BLR,Business,119,18330,2181270
2024-10-27,BOM-BLR,Economy,79,5371,424309
2024-10-27,BOM-BLR,Premium,36,6073,218628
2024-10-27,BOM-BLR,Business,35,11896,416360
2024-10-27,DEL-HYD,Economy,23,5972,137356
2024-10-27,DEL-HYD,Premium,25,6510,162750
2024-10-27,DEL-HYD,Business,148,19150,2834200
2024-10-27,BLR-HYD,Economy,76,3064,232864
2024-10-27,BLR-HYD,Premium,40,9741,389640
2024-10-27,BLR-HYD,Business,195,19909,3882255
2024-10-28,DEL-BOM,Economy,129,5563,717627
2024-10-28,DEL-BOM,Premium,191,8443,1612613
2024-10-28,DEL-BOM,Business,93,18284,1700412
2024-10-28,DEL-BLR,Economy,84,5368,450912
2024-10-28,DEL-BLR,Premium,68,7621,518228
2024-10-28,DEL-BLR,Business,156,15054,2348424
2024-10-28,BOM-BLR,Economy,126,4413,556038
2024-10-28,BOM-BLR,Premium,180,6663,1199340
2024-10-28,BOM-BLR,Business,139,16194,2250966
2024-10-28,DEL-HYD,Economy,149,4166,620734
2024-10-28,DEL-HYD,Premium,137,9238,1265606
2024-10-28,DEL-HYD,Business,23,16301,374923
2024-10-28,BLR-HYD,Economy,129,3098,399642
2024-10-28,BLR-HYD,Premium,141,6489,914949
2024-10-28,BLR-HYD,Business,139,15338,2131982
2024-10-29,DEL-BOM,Economy,37,3452,127724
2024-10-29,DEL-BOM,Premium,177,6430,1138110
2024-10-29,DEL-BOM,Business,146,11946,1744116
2024-10-29,DEL-BLR,Economy,103,3191,328673
2024-10-29,DEL-BLR,Premium,72,7813,562536
2024-10-29,DEL-BLR,Business,65,17524,1139060
2024-10-29,BOM-BLR,Economy,163,5126,835538
2024-10-29,BOM-BLR,Premium,93,7942,738606
2024-10-29,BOM-BLR,Business,44,11878,522632
2024-10-29,DEL-HYD,Economy,91,3605,328055
2024-10-29,DEL-HYD,Premium,106,7756,822136
2024-10-29,DEL-HYD,Business,116,18107,2100412
2024-10-29,BLR-HYD,Economy,116,3347,388252
2024-10-29,BLR-HYD,Premium,186,8078,1502508
2024-10-29,BLR-HYD,Business,140,11234,1572760
2024-10-30,DEL-BOM,Economy,180,4278,770040
2024-10-30,DEL-BOM,Premium,180,6954,1251720
2024-10-30,DEL-BOM,Business,120,10968,1316160
2024-10-30,DEL-BLR,Economy,138,3138,433044
2024-10-30,DEL-BLR,Premium,76,8913,677388
2024-10-30,DEL-BLR,Business,199,15257,3036143
2024-10-30,BOM-BLR,Economy,124,5951,737924
2024-10-30,BOM-BLR,Premium,94,6403,601882
2024-10-30,BOM-BLR,Business,167,11735,1959745
2024-10-30,DEL-HYD,Economy,34,5273,179282
2024-10-30,DEL-HYD,Premium,124,8540,1058960
2024-10-30,DEL-HYD,Business,40,18098,723920
2024-10-30,BLR-HYD,Economy,104,5499,571896
2024-10-30,BLR-HYD,Premium,135,9781,1320435
2024-10-30,BLR-HYD,Business,40,12025,481000
2024-10-31,DEL-BOM,Economy,140,5446,762440
2024-10-31,DEL-BOM,Premium,75,8651,648825
2024-10-31,DEL-BOM,Business,119,15959,1899121
2024-10-31,DEL-BLR,Economy,84,5610,471240
2024-10-31,DEL-BLR,Premium,31,7895,244745
2024-10-31,DEL-BLR,Business,146,10047,1466862
2024-10-31,BOM-BLR,Economy,80,5256,420480
2024-10-31,BOM-BLR,Premium,55,8802,484110
2024-10-31,BOM-BLR,Business,126,16155,2035530
2024-10-31,DEL-HYD,Economy,102,5990,610980
2024-10-31,DEL-HYD,Premium,82,9153,750546
2024-10-31,DEL-HYD,Business,70,10751,752570
2024-10-31,BLR-HYD,Economy,116,3048,353568
2024-10-31,BLR-HYD,Premium,76,7540,573040
2024-10-31,BLR-HYD,Business,43,18506,795758
2024-11-01,DEL-BOM,Economy,57,4700,267900
2024-11-01,DEL-BOM,Premium,145,9863,1430135
2024-11-01,DEL-BOM,Business,40,13800,552000
2024-11-01,DEL-BLR,Economy,194,4775,926350
2024-11-01,DEL-BLR,Premium,191,9815,1874665
2024-11-01,DEL-BLR,Business,153,17115,2618595
2024-11-01,BOM-BLR,Economy,141,5435,766335
2024-11-01,BOM-BLR,Premium,178,9368,1667504
2024-11-01,BOM-BLR,Business,20,19444,388880
2024-11-01,DEL-HYD,Economy,138,5487,757206
2024-11-01,DEL-HYD,Premium,55,6421,353155
2024-11-01,DEL-HYD,Business,197,10019,1973743
2024-11-01,BLR-HYD,Economy,183,3381,618723
2024-11-01,BLR-HYD,Premium,81,8285,671085
2024-11-01,BLR-HYD,Business,112,15242,1707104
2024-11-02,DEL-BOM,Economy,178,5389,959242
2024-11-02,DEL-BOM,Premium,45,7024,316080
2024-11-02,DEL-BOM,Business,106,16940,1795640
2024-11-02,DEL-BLR,Economy,114,3785,431490
2024-11-02,DEL-BLR,Premium,60,9775,586500
2024-11-02,DEL-BLR,Business,41,10129,415289
2024-11-02,BOM-BLR,Economy,55,3275,180125
2024-11-02,BOM-BLR,Premium,139,6054,841506
2024-11-02,BOM-BLR,Business,45,18833,847485
2024-11-02,DEL-HYD,Economy,75,3723,279225
2024-11-02,DEL-HYD,Premium,75,7299,547425
2024-11-02,DEL-HYD,Business,103,19613,2020139
2024-11-02,BLR-HYD,Economy,130,3426,445380
2024-11-02,BLR-HYD,Premium,131,9329,1222099
2024-11-02,BLR-HYD,Business,35,17082,597870
2024-11-03,DEL-BOM,Economy,185,5941,1099085
2024-11-03,DEL-BOM,Premium,43,9741,418863
2024-11-03,DEL-BOM,Business,142,17142,2434164
2024-11-03,DEL-BLR,Economy,158,5125,809750
2024-11-03,DEL-BLR,Premium,99,8132,805068
2024-11-03,DEL-BLR,Business,80,15970,1277600
2024-11-03,BOM-BLR,Economy,152,5659,860168
2024-11-03,BOM-BLR,Premium,191,8166,1559706
2024-11-03,BOM-BLR,Business,168,12755,2142840
2024-11-03,DEL-HYD,Economy,60,5732,343920
2024-11-03,DEL-HYD,Premium,177,9811,1736547
2024-11-03,DEL-HYD,Business,123,14691,1806993
2024-11-03,BLR-HYD,Economy,192,4156,797952
2024-11-03,BLR-HYD,Premium,143,7797,1114971
2024-11-03,BLR-HYD,Business,45,19752,888840
2024-11-04,DEL-BOM,Economy,160,3983,637280
2024-11-04,DEL-BOM,Premium,91,7736,703976
2024-11-04,DEL-BOM,Business,45,10394,467730
2024-11-04,DEL-BLR,Economy,184,3522,648048
2024-11-04,DEL-BLR,Premium,106,6386,676916
2024-11-04,DEL-BLR,Business,161,17108,2754388
2024-11-04,BOM-BLR,Economy,132,5702,752664
2024-11-04,BOM-BLR,Premium,161,7466,1202026
2024-11-04,BOM-BLR,Business,27,14426,389502
2024-11-04,DEL-HYD,Economy,64,4804,307456
2024-11-04,DEL-HYD,Premium,38,8226,312588
2024-11-04,DEL-HYD,Business,156,15855,2473380
2024-11-04,BLR-HYD,Economy,199,5290,1052710
2024-11-04,BLR-HYD,Premium,155,6631,1027805
2024-11-04,BLR-HYD,Business,171,13655,2335005
2024-11-05,DEL-BOM,Economy,198,5217,1032966
2024-11-05,DEL-BOM,Premium,173,7017,1213941
2024-11-05,DEL-BOM,Business,26,19019,494494
2024-11-05,DEL-BLR,Economy,52,5551,288652
2024-11-05,DEL-BLR,Premium,22,9843,216546
2024-11-05,DEL-BLR,Business,28,13680,383040
2024-11-05,BOM-BLR,Economy,39,3789,147771
2024-11-05,BOM-BLR,Premium,150,7543,1131450
2024-11-05,BOM-BLR,Business,157,15031,2359867
2024-11-05,DEL-HYD,Economy,40,3998,159920
2024-11-05,DEL-HYD,Premium,173,9731,1683463
2024-11-05,DEL-HYD,Business,55,13221,727155
2024-11-05,BLR-HYD,Economy,20,3968,79360
2024-11-05,BLR-HYD,Premium,91,8922,811902
2024-11-05,BLR-HYD,Business,160,13819,2211040
2024-11-06,DEL-BOM,Economy,56,4757,266392
2024-11-06,DEL-BOM,Premium,44,9287,408628
2024-11-06,DEL-BOM,Business,168,10425,1751400
2024-11-06,DEL-BLR,Economy,61,3769,229909
2024-11-06,DEL-BLR,Premium,115,8573,985895
2024-11-06,DEL-BLR,Business,40,18657,746280
2024-11-06,BOM-BLR,Economy,192,4471,858432
2024-11-06,BOM-BLR,Premium,76,8039,610964
2024-11-06,BOM-BLR,Business,71,18172,1290212
2024-11-06,DEL-HYD,Economy,29,5798,168142
2024-11-06,DEL-HYD,Premium,186,9708,1805688
2024-11-06,DEL-HYD,Business,62,11897,737614
2024-11-06,BLR-HYD,Economy,139,4872,677208
2024-11-06,BLR-HYD,Premium,147,9365,1376655
2024-11-06,BLR-HYD,Business,149,19925,2968825
2024-11-07,DEL-BOM,Economy,129,4351,561279
2024-11-07,DEL-BOM,Premium,129,8210,1059090
2024-11-07,DEL-BOM,Business,162,17660,2860920
2024-11-07,DEL-BLR,Economy,153,3238,495414
2024-11-07,DEL-BLR,Premium,51,7557,385407
2024-11-07,DEL-BLR,Business,134,10248,1373232
2024-11-07,BOM-BLR,Economy,28,3033,84924
2024-11-07,BOM-BLR,Premium,64,8631,552384
2024-11-07,BOM-BLR,Business,134,16671,2233914
2024-11-07,DEL-HYD,Economy,94,4641,436254
2024-11-07,DEL-HYD,Premium,93,9089,845277
2024-11-07,DEL-HYD,Business,62,14671,909602
2024-11-07,BLR-HYD,Economy,89,4165,370685
2024-11-07,BLR-HYD,Premium,125,7104,888000
2024-11-07,BLR-HYD,Business,70,15465,1082550
2024-11-08,DEL-BOM,Economy,44,4576,201344
2024-11-08,DEL-BOM,Premium,124,7054,874696
2024-11-08,DEL-BOM,Business,109,18123,1975407
2024-11-08,DEL-BLR,Economy,85,3343,284155
2024-11-08,DEL-BLR,Premium,118,6982,823876
2024-11-08,DEL-BLR,Business,79,10526,831554
2024-11-08,BOM-BLR,Economy,104,3930,408720
2024-11-08,BOM-BLR,Premium,174,9077,1579398
2024-11-08,BOM-BLR,Business,77,15469,1191113
2024-11-08,DEL-HYD,Economy,187,3965,741455
2024-11-08,DEL-HYD,Premium,98,6622,648956
2024-11-08,DEL-HYD,Business,182,13299,2420418
2024-11-08,BLR-HYD,Economy,164,5355,878220
2024-11-08,BLR-HYD,Premium,123,6796,835908
2024-11-08,BLR-HYD,Business,198,18772,3716856
2024-11-09,DEL-BOM,Economy,72,4247,305784
2024-11-09,DEL-BOM,Premium,31,7158,221898
2024-11-09,DEL-BOM,Business,190,11210,2129900
2024-11-09,DEL-BLR,Economy,22,4308,94776
2024-11-09,DEL-BLR,Premium,126,6497,818622
2024-11-09,DEL-BLR,Business,170,17413,2960210
2024-11-09,BOM-BLR,Economy,66,5452,359832
2024-11-09,BOM-BLR,Premium,168,6256,1051008
2024-11-09,BOM-BLR,Business,70,10594,741580
2024-11-09,DEL-HYD,Economy,69,3635,250815
2024-11-09,DEL-HYD,Premium,25,7141,178525
2024-11-09,DEL-HYD,Business,26,19856,516256
2024-11-09,BLR-HYD,Economy,160,5730,916800
2024-11-09,BLR-HYD,Premium,150,6528,979200
2024-11-09,BLR-HYD,Business,120,18117,2174040
2024-11-10,DEL-BOM,Economy,48,3101,148848
2024-11-10,DEL-BOM,Premium,121,6615,800415
2024-11-10,DEL-BOM,Business,183,19508,3569964
2024-11-10,DEL-BLR,Economy,55,3260,179300
2024-11-10,DEL-BLR,Premium,68,6378,433704
2024-11-10,DEL-BLR,Business,137,11007,1507959
2024-11-10,BOM-BLR,Economy,164,3109,509876
2024-11-10,BOM-BLR,Premium,60,9243,554580
2024-11-10,BOM-BLR,Business,69,10958,756102
2024-11-10,DEL-HYD,Economy,170,5668,963560
2024-11-10,DEL-HYD,Premium,114,8603,980742
2024-11-10,DEL-HYD,Business,175,19906,3483550
2024-11-10,BLR-HYD,Economy,79,5045,398555
2024-11-10,BLR-HYD,Premium,34,8632,293488
2024-11-10,BLR-HYD,Business,162,10112,1638144
2024-11-11,DEL-BOM,Economy,148,4926,729048
2024-11-11,DEL-BOM,Premium,37,7839,290043
2024-11-11,DEL-BOM,Business,26,12154,316004
2024-11-11,DEL-BLR,Economy,82,4381,359242
2024-11-11,DEL-BLR,Premium,190,6858,1303020
2024-11-11,DEL-BLR,Business,165,13191,2176515
2024-11-11,BOM-BLR,Economy,80,4561,364880
2024-11-11,BOM-BLR,Premium,59,8675,511825
2024-11-11,BOM-BLR,Business,40,18066,722640
2024-11-11,DEL-HYD,Economy,50,3246,162300
2024-11-11,DEL-HYD,Premium,180,8523,1534140
2024-11-11,DEL-HYD,Business,62,13520,838240
2024-11-11,BLR-HYD,Economy,95,3400,323000
2024-11-11,BLR-HYD,Premium,99,6097,603603
2024-11-11,BLR-HYD,Business,47,18464,867808
2024-11-12,DEL-BOM,Economy,77,4150,319550
2024-11-12,DEL-BOM,Premium,107,7616,814912
2024-11-12,DEL-BOM,Business,74,12671,937654
2024-11-12,DEL-BLR,Economy,142,5545,787390
2024-11-12,DEL-BLR,Premium,84,6514,547176
2024-11-12,DEL-BLR,Business,199,11828,2353772
2024-11-12,BOM-BLR,Economy,34,5765,196010
2024-11-12,BOM-BLR,Premium,139,9883,1373737
2024-11-12,BOM-BLR,Business,152,19848,3016896
2024-11-12,DEL-HYD,Economy,109,4343,473387
2024-11-12,DEL-HYD,Premium,108,8123,877284
2024-11-12,DEL-HYD,Business,29,16626,482154
2024-11-12,BLR-HYD,Economy,79,5666,447614
2024-11-12,BLR-HYD,Premium,162,9886,1601532
2024-11-12,BLR-HYD,Business,152,14545,2210840
2024-11-13,DEL-BOM,Economy,81,3043,246483
2024-11-13,DEL-BOM,Premium,103,9930,1022790
2024-11-13,DEL-BOM,Business,108,11691,1262628
2024-11-13,DEL-BLR,Economy,197,4855,956435
2024-11-13,DEL-BLR,Premium,75,6437,482775
2024-11-13,DEL-BLR,Business,189,18677,3529953
2024-11-13,BOM-BLR,Economy,66,5507,363462
2024-11-13,BOM-BLR,Premium,121,9086,1099406
2024-11-13,BOM-BLR,Business,70,19851,1389570
2024-11-13,DEL-HYD,Economy,96,4927,472992
2024-11-13,DEL-HYD,Premium,89,8155,725795
2024-11-13,DEL-HYD,Business,154,18598,2864092
2024-11-13,BLR-HYD,Economy,71,3101,220171
2024-11-13,BLR-HYD,Premium,165,6813,1124145
2024-11-13,BLR-HYD,Business,138,13262,1830156
2024-11-14,DEL-BOM,Economy,22,5989,131758
2024-11-14,DEL-BOM,Premium,130,7280,946400
2024-11-14,DEL-BOM,Business,41,15615,640215
2024-11-14,DEL-BLR,Economy,192,5783,1110336
2024-11-14,DEL-BLR,Premium,23,9184,211232
2024-11-14,DEL-BLR,Business,50,13091,654550
2024-11-14,BOM-BLR,Economy,73,4274,312002
2024-11-14,BOM-BLR,Premium,172,9478,1630216
2024-11-14,BOM-BLR,Business,76,17147,1303172
2024-11-14,DEL-HYD,Economy,182,4737,862134
2024-11-14,DEL-HYD,Premium,33,6032,199056
2024-11-14,DEL-HYD,Business,20,14073,281460
2024-11-14,BLR-HYD,Economy,23,5636,129628
2024-11-14,BLR-HYD,Premium,156,9791,1527396
2024-11-14,BLR-HYD,Business,167,12297,2053599
2024-11-15,DEL-BOM,Economy,41,3111,127551
2024-11-15,DEL-BOM,Premium,195,6968,1358760
2024-11-15,DEL-BOM,Business,86,13307,1144402
2024-11-15,DEL-BLR,Economy,40,5600,224000
2024-11-15,DEL-BLR,Premium,38,9887,375706
2024-11-15,DEL-BLR,Business,82,11054,906428
2024-11-15,BOM-BLR,Economy,93,5154,479322
2024-11-15,BOM-BLR,Premium,39,7621,297219
2024-11-15,BOM-BLR,Business,83,18000,1494000
2024-11-15,DEL-HYD,Economy,74,3585,265290
2024-11-15,DEL-HYD,Premium,185,9568,1770080
2024-11-15,DEL-HYD,Business,164,13556,2223184
2024-11-15,BLR-HYD,Economy,71,5193,368703
2024-11-15,BLR-HYD,Premium,23,6842,157366
2024-11-15,BLR-HYD,Business,49,19092,935508
2024-11-16,DEL-BOM,Economy,95,5494,521930
2024-11-16,DEL-BOM,Premium,108,8981,969948
2024-11-16,DEL-BOM,Business,147,16716,2457252
2024-11-16,DEL-BLR,Economy,142,5626,798892
2024-11-16,DEL-BLR,Premium,102,7390,753780
2024-11-16,DEL-BLR,Business,58,16932,982056
2024-11-16,BOM-BLR,Economy,188,5863,1102244
2024-11-16,BOM-BLR,Premium,55,7919,435545
2024-11-16,BOM-BLR,Business,168,19349,3250632
2024-11-16,DEL-HYD,Economy,190,4438,843220
2024-11-16,DEL-HYD,Premium,176,9024,1588224
2024-11-16,DEL-HYD,Business,107,11251,1203857
2024-11-16,BLR-HYD,Economy,50,4326,216300
2024-11-16,BLR-HYD,Premium,125,6605,825625
2024-11-16,BLR-HYD,Business,71,14443,1025453
2024-11-17,DEL-BOM,Economy,162,4357,705834
2024-11-17,DEL-BOM,Premium,161,7585,1221185
2024-11-17,DEL-BOM,Business,73,15965,1165445
2024-11-17,DEL-BLR,Economy,97,4043,392171
2024-11-17,DEL-BLR,Premium,118,7212,851016
2024-11-17,DEL-BLR,Business,21,10535,221235
2024-11-17,BOM-BLR,Economy,176,5627,990352
2024-11-17,BOM-BLR,Premium,68,9900,673200
2024-11-17,BOM-BLR,Business,121,12246,1481766
2024-11-17,DEL-HYD,Economy,64,3076,196864
2024-11-17,DEL-HYD,Premium,33,6505,214665
2024-11-17,DEL-HYD,Business,43,12185,523955
2024-11-17,BLR-HYD,Economy,32,5659,181088
2024-11-17,BLR-HYD,Premium,118,7854,926772
2024-11-17,BLR-HYD,Business,118,17496,2064528
2024-11-18,DEL-BOM,Economy,66,5896,389136
2024-11-18,DEL-BOM,Premium,71,9790,695090
2024-11-18,DEL-BOM,Business,42,13325,559650
2024-11-18,DEL-BLR,Economy,83,4241,352003
2024-11-18,DEL-BLR,Premium,181,8628,1561668
2024-11-18,DEL-BLR,Business,87,17148,1491876
2024-11-18,BOM-BLR,Economy,166,3106,515596
2024-11-18,BOM-BLR,Premium,122,8624,1052128
2024-11-18,BOM-BLR,Business,131,17649,2312019
2024-11-18,DEL-HYD,Economy,140,4023,563220
2024-11-18,DEL-HYD,Premium,107,8883,950481
2024-11-18,DEL-HYD,Business,120,15413,1849560
2024-11-18,BLR-HYD,Economy,157,4845,760665
2024-11-18,BLR-HYD,Premium,153,7925,1212525
2024-11-18,BLR-HYD,Business,131,18198,2383938
2024-11-19,DEL-BOM,Economy,70,3825,267750
2024-11-19,DEL-BOM,Premium,128,7627,976256
2024-11-19,DEL-BOM,Business,165,18906,3119490
2024-11-19,DEL-BLR,Economy,160,5162,825920
2024-11-19,DEL-BLR,Premium,76,7180,545680
2024-11-19,DEL-BLR,Business,152,19910,3026320
2024-11-19,BOM-BLR,Economy,96,4860,466560
2024-11-19,BOM-BLR,Premium,57,6533,372381
2024-11-19,BOM-BLR,Business,187,11244,2102628
2024-11-19,DEL-HYD,Economy,73,4200,306600
2024-11-19,DEL-HYD,Premium,161,7933,1277213
2024-11-19,DEL-HYD,Business,92,16827,1548084
2024-11-19,BLR-HYD,Economy,144,4088,588672
2024-11-19,BLR-HYD,Premium,34,8512,289408
2024-11-19,BLR-HYD,Business,56,11648,652288
2024-11-20,DEL-BOM,Economy,185,5816,1075960
2024-11-20,DEL-BOM,Premium,137,9434,1292458
2024-11-20,DEL-BOM,Business,33,19754,651882
2024-11-20,DEL-BLR,Economy,108,5952,642816
2024-11-20,DEL-BLR,Premium,157,6241,979837
2024-11-20,DEL-BLR,Business,25,15129,378225
2024-11-20,BOM-BLR,Economy,157,3753,589221
2024-11-20,BOM-BLR,Premium,175,8834,1545950
2024-11-20,BOM-BLR,Business,87,15253,1327011
2024-11-20,DEL-HYD,Economy,72,4889,352008
2024-11-20,DEL-HYD,Premium,28,8337,233436
2024-11-20,DEL-HYD,Business,107,16878,1805946
2024-11-20,BLR-HYD,Economy,196,3456,677376
2024-11-20,BLR-HYD,Premium,65,9965,647725
2024-11-20,BLR-HYD,Business,85,11146,947410
2024-11-21,DEL-BOM,Economy,144,3111,447984
2024-11-21,DEL-BOM,Premium,110,8439,928290
2024-11-21,DEL-BOM,Business,115,13598,1563770
2024-11-21,DEL-BLR,Economy,197,3951,778347
2024-11-21,DEL-BLR,Premium,28,6109,171052
2024-11-21,DEL-BLR,Business,50,10098,504900
2024-11-21,BOM-BLR,Economy,102,3810,388620
2024-11-21,BOM-BLR,Premium,159,7821,1243539
2024-11-21,BOM-BLR,Business,51,15578,794478
2024-11-21,DEL-HYD,Economy,93,5865,545445
2024-11-21,DEL-HYD,Premium,48,9066,435168
2024-11-21,DEL-HYD,Business,109,13731,1496679
2024-11-21,BLR-HYD,Economy,97,4388,425636
2024-11-21,BLR-HYD,Premium,67,6791,454997
2024-11-21,BLR-HYD,Business,181,18935,3427235
2024-11-22,DEL-BOM,Economy,22,5431,119482
2024-11-22,DEL-BOM,Premium,77,9452,727804
2024-11-22,DEL-BOM,Business,132,16775,2214300
2024-11-22,DEL-BLR,Economy,99,4065,402435
2024-11-22,DEL-BLR,Premium,76,7335,557460
2024-11-22,DEL-BLR,Business,105,15294,1605870
2024-11-22,BOM-BLR,Economy,73,4325,315725
2024-11-22,BOM-BLR,Premium,190,6995,1329050
2024-11-22,BOM-BLR,Business,143,13156,1881308
2024-11-22,DEL-HYD,Economy,23,4655,107065
2024-11-22,DEL-HYD,Premium,156,6440,1004640
2024-11-22,DEL-HYD,Business,165,15112,2493480
2024-11-22,BLR-HYD,Economy,61,3808,232288
2024-11-22,BLR-HYD,Premium,61,9493,579073
2024-11-22,BLR-HYD,Business,69,19671,1357299
2024-11-23,DEL-BOM,Economy,98,3300,323400
2024-11-23,DEL-BOM,Premium,125,9776,1222000
2024-11-23,DEL-BOM,Business,141,11705,1650405
2024-11-23,DEL-BLR,Economy,25,4220,105500
2024-11-23,DEL-BLR,Premium,92,7191,661572
2024-11-23,DEL-BLR,Business,32,15168,485376
2024-11-23,BOM-BLR,Economy,119,5897,701743
2024-11-23,BOM-BLR,Premium,85,8906,757010
2024-11-23,BOM-BLR,Business,72,13742,989424
2024-11-23,DEL-HYD,Economy,34,3120,106080
2024-11-23,DEL-HYD,Premium,154,9185,1414490
2024-11-23,DEL-HYD,Business,192,12049,2313408
2024-11-23,BLR-HYD,Economy,87,4663,405681
2024-11-23,BLR-HYD,Premium,131,6505,852155
2024-11-23,BLR-HYD,Business,195,13513,2635035
2024-11-24,DEL-BOM,Economy,55,3513,193215
2024-11-24,DEL-BOM,Premium,37,9335,345395
2024-11-24,DEL-BOM,Business,164,11372,1865008
2024-11-24,DEL-BLR,Economy,174,4444,773256
2024-11-24,DEL-BLR,Premium,37,9945,367965
2024-11-24,DEL-BLR,Business,121,13088,1583648
2024-11-24,BOM-BLR,Economy,160,4331,692960
2024-11-24,BOM-BLR,Premium,83,6449,535267
2024-11-24,BOM-BLR,Business,106,16079,1704374
2024-11-24,DEL-HYD,Economy,180,3392,610560
2024-11-24,DEL-HYD,Premium,69,7318,504942
2024-11-24,DEL-HYD,Business,157,19182,3011574
2024-11-24,BLR-HYD,Economy,34,3027,102918
2024-11-24,BLR-HYD,Premium,117,7360,861120
2024-11-24,BLR-HYD,Business,198,11305,2238390
2024-11-25,DEL-BOM,Economy,183,3452,631716
2024-11-25,DEL-BOM,Premium,25,7793,194825
2024-11-25,DEL-BOM,Business,142,17848,2534416
2024-11-25,DEL-BLR,Economy,198,5548,1098504
2024-11-25,DEL-BLR,Premium,88,6058,533104
2024-11-25,DEL-BLR,Business,136,14313,1946568
2024-11-25,BOM-BLR,Economy,34,4837,164458
2024-11-25,BOM-BLR,Premium,169,7671,1296399
2024-11-25,BOM-BLR,Business,169,11836,2000284
2024-11-25,DEL-HYD,Economy,110,4905,539550
2024-11-25,DEL-HYD,Premium,92,9618,884856
2024-11-25,DEL-HYD,Business,152,17101,2599352
2024-11-25,BLR-HYD,Economy,51,3647,185997
2024-11-25,BLR-HYD,Premium,104,8190,851760
2024-11-25,BLR-HYD,Business,63,18219,1147797
2024-11-26,DEL-BOM,Economy,186,5538,1030068
2024-11-26,DEL-BOM,Premium,37,9653,357161
2024-11-26,DEL-BOM,Business,158,14999,2369842
2024-11-26,DEL-BLR,Economy,54,3836,207144
2024-11-26,DEL-BLR,Premium,168,7431,1248408
2024-11-26,DEL-BLR,Business,181,18396,3329676
2024-11-26,BOM-BLR,Economy,178,4176,743328
2024-11-26,BOM-BLR,Premium,43,9736,418648
2024-11-26,BOM-BLR,Business,101,19282,1947482
2024-11-26,DEL-HYD,Economy,91,4839,440349
2024-11-26,DEL-HYD,Premium,89,6066,539874
2024-11-26,DEL-HYD,Business,191,19005,3629955
2024-11-26,BLR-HYD,Economy,166,5239,869674
2024-11-26,BLR-HYD,Premium,129,8993,1160097
2024-11-26,BLR-HYD,Business,60,10771,646260
2024-11-27,DEL-BOM,Economy,108,4669,504252
2024-11-27,DEL-BOM,Premium,40,7151,286040
2024-11-27,DEL-BOM,Business,124,16303,2021572
2024-11-27,DEL-BLR,Economy,129,5972,770388
2024-11-27,DEL-BLR,Premium,46,6422,295412
2024-11-27,DEL-BLR,Business,110,13805,1518550
2024-11-27,BOM-BLR,Economy,174,3097,538878
2024-11-27,BOM-BLR,Premium,60,7051,423060
2024-11-27,BOM-BLR,Business,87,15577,1355199
2024-11-27,DEL-HYD,Economy,121,5223,631983
2024-11-27,DEL-HYD,Premium,186,8034,1494324
2024-11-27,DEL-HYD,Business,143,17485,2500355
2024-11-27,BLR-HYD,Economy,160,3739,598240
2024-11-27,BLR-HYD,Premium,136,9460,1286560
2024-11-27,BLR-HYD,Business,165,17444,2878260
2024-11-28,DEL-BOM,Economy,69,3505,241845
2024-11-28,DEL-BOM,Premium,134,7720,1034480
2024-11-28,DEL-BOM,Business,184,12066,2220144
2024-11-28,DEL-BLR,Economy,65,3450,224250
2024-11-28,DEL-BLR,Premium,164,6736,1104704
2024-11-28,DEL-BLR,Business,169,15435,2608515
2024-11-28,BOM-BLR,Economy,128,5002,640256
2024-11-28,BOM-BLR,Premium,139,8515,1183585
2024-11-28,BOM-BLR,Business,104,10116,1052064
2024-11-28,DEL-HYD,Economy,173,5411,936103
2024-11-28,DEL-HYD,Premium,164,7798,1278872
2024-11-28,DEL-HYD,Business,167,11586,1934862
2024-11-28,BLR-HYD,Economy,94,5703,536082
2024-11-28,BLR-HYD,Premium,95,9879,938505
2024-11-28,BLR-HYD,Business,149,15527,2313523
2024-11-29,DEL-BOM,Economy,112,4518,506016
2024-11-29,DEL-BOM,Premium,21,7320,153720
2024-11-29,DEL-BOM,Business,42,14930,627060
2024-11-29,DEL-BLR,Economy,81,3907,316467
2024-11-29,DEL-BLR,Premium,188,9189,1727532
2024-11-29,DEL-BLR,Business,94,19308,1814952
2024-11-29,BOM-BLR,Economy,29,3860,111940
2024-11-29,BOM-BLR,Premium,155,9685,1501175
2024-11-29,BOM-BLR,Business,102,17310,1765620
2024-11-29,DEL-HYD,Economy,50,5324,266200
2024-11-29,DEL-HYD,Premium,54,8703,469962
2024-11-29,DEL-HYD,Business,64,18148,1161472
2024-11-29,BLR-HYD,Economy,31,3475,107725
2024-11-29,BLR-HYD,Premium,52,6999,363948
2024-11-29,BLR-HYD,Business,40,15557,622280
2024-11-30,DEL-BOM,Economy,186,4256,791616
2024-11-30,DEL-BOM,Premium,173,8694,1504062
2024-11-30,DEL-BOM,Business,107,16895,1807765
2024-11-30,DEL-BLR,Economy,95,5990,569050
2024-11-30,DEL-BLR,Premium,195,9795,1910025
2024-11-30,DEL-BLR,Business,126,11162,1406412
2024-11-30,BOM-BLR,Economy,176,3846,676896
2024-11-30,BOM-BLR,Premium,34,9283,315622
2024-11-30,BOM-BLR,Business,21,18210,382410
2024-11-30,DEL-HYD,Economy,68,3471,236028
2024-11-30,DEL-HYD,Premium,115,6944,798560
2024-11-30,DEL-HYD,Business,195,16172,3153540
2024-11-30,BLR-HYD,Economy,176,3825,673200
2024-11-30,BLR-HYD,Premium,46,7542,346932
2024-11-30,BLR-HYD,Business,128,17354,2221312
2024-12-01,DEL-BOM,Economy,191,5529,1056039
2024-12-01,DEL-BOM,Premium,92,7892,726064
2024-12-01,DEL-BOM,Business,154,15617,2405018
2024-12-01,DEL-BLR,Economy,191,5133,980403
2024-12-01,DEL-BLR,Premium,175,9981,1746675
2024-12-01,DEL-BLR,Business,94,15921,1496574
2024-12-01,BOM-BLR,Economy,166,3294,546804
2024-12-01,BOM-BLR,Premium,152,9449,1436248
2024-12-01,BOM-BLR,Business,131,19678,2577818
2024-12-01,DEL-HYD,Economy,76,3768,286368
2024-12-01,DEL-HYD,Premium,81,8381,678861
2024-12-01,DEL-HYD,Business,178,14356,2555368
2024-12-01,BLR-HYD,Economy,50,4316,215800
2024-12-01,BLR-HYD,Premium,158,9525,1504950
2024-12-01,BLR-HYD,Business,59,18654,1100586
2024-12-02,DEL-BOM,Economy,106,3584,379904
2024-12-02,DEL-BOM,Premium,35,9309,325815
2024-12-02,DEL-BOM,Business,135,12106,1634310
2024-12-02,DEL-BLR,Economy,121,3703,448063
2024-12-02,DEL-BLR,Premium,199,8906,1772294
2024-12-02,DEL-BLR,Business,77,12348,950796
2024-12-02,BOM-BLR,Economy,119,5147,612493
2024-12-02,BOM-BLR,Premium,178,7935,1412430
2024-12-02,BOM-BLR,Business,65,18764,1219660
2024-12-02,DEL-HYD,Economy,65,3178,206570
2024-12-02,DEL-HYD,Premium,100,9241,924100
2024-12-02,DEL-HYD,Business,137,14142,1937454
2024-12-02,BLR-HYD,Economy,177,3407,603039
2024-12-02,BLR-HYD,Premium,181,7502,1357862
2024-12-02,BLR-HYD,Business,32,14358,459456
2024-12-03,DEL-BOM,Economy,189,5213,985257
2024-12-03,DEL-BOM,Premium,160,6795,1087200
2024-12-03,DEL-BOM,Business,117,13570,1587690
2024-12-03,DEL-BLR,Economy,20,3042,60840
2024-12-03,DEL-BLR,Premium,114,7789,887946
2024-12-03,DEL-BLR,Business,70,12134,849380
2024-12-03,BOM-BLR,Economy,72,5536,398592
2024-12-03,BOM-BLR,Premium,108,6517,703836
2024-12-03,BOM-BLR,Business,59,16278,960402
2024-12-03,DEL-HYD,Economy,32,3003,96096
2024-12-03,DEL-HYD,Premium,22,9136,200992
2024-12-03,DEL-HYD,Business,126,15392,1939392
2024-12-03,BLR-HYD,Economy,53,3802,201506
2024-12-03,BLR-HYD,Premium,171,7169,1225899
2024-12-03,BLR-HYD,Business,122,19174,2339228
2024-12-04,DEL-BOM,Economy,108,4434,478872
2024-12-04,DEL-BOM,Premium,78,6222,485316
2024-12-04,DEL-BOM,Business,76,17279,1313204
2024-12-04,DEL-BLR,Economy,34,3411,115974
2024-12-04,DEL-BLR,Premium,137,9697,1328489
2024-12-04,DEL-BLR,Business,31,19549,606019
2024-12-04,BOM-BLR,Economy,72,4391,316152
2024-12-04,BOM-BLR,Premium,61,9759,595299
2024-12-04,BOM-BLR,Business,102,10399,1060698
2024-12-04,DEL-HYD,Economy,50,5233,261650
2024-12-04,DEL-HYD,Premium,157,6236,979052
2024-12-04,DEL-HYD,Business,66,16051,1059366
2024-12-04,BLR-HYD,Economy,28,3419,95732
2024-12-04,BLR-HYD,Premium,168,9950,1671600
2024-12-04,BLR-HYD,Business,143,19442,2780206
2024-12-05,DEL-BOM,Economy,137,5459,747883
2024-12-05,DEL-BOM,Premium,50,6726,336300
2024-12-05,DEL-BOM,Business,188,15999,3007812
2024-12-05,DEL-BLR,Economy,46,5520,253920
2024-12-05,DEL-BLR,Premium,107,8507,910249
2024-12-05,DEL-BLR,Business,51,11094,565794
2024-12-05,BOM-BLR,Economy,147,4220,620340
2024-12-05,BOM-BLR,Premium,131,7458,976998
2024-12-05,BOM-BLR,Business,130,11354,1476020
2024-12-05,DEL-HYD,Economy,93,4144,385392
2024-12-05,DEL-HYD,Premium,60,8848,530880
2024-12-05,DEL-HYD,Business,53,16930,897290
2024-12-05,BLR-HYD,Economy,190,4732,899080
2024-12-05,BLR-HYD,Premium,29,9706,281474
2024-12-05,BLR-HYD,Business,123,14868,1828764
2024-12-06,DEL-BOM,Economy,77,4151,319627
2024-12-06,DEL-BOM,Premium,105,8190,859950
2024-12-06,DEL-BOM,Business,148,19524,2889552
2024-12-06,DEL-BLR,Economy,71,5048,358408
2024-12-06,DEL-BLR,Premium,147,8018,1178646
2024-12-06,DEL-BLR,Business,63,11438,720594
2024-12-06,BOM-BLR,Economy,27,5052,136404
2024-12-06,BOM-BLR,Premium,36,8312,299232
2024-12-06,BOM-BLR,Business,97,11244,1090668
2024-12-06,DEL-HYD,Economy,132,5394,712008
2024-12-06,DEL-HYD,Premium,183,6416,1174128
2024-12-06,DEL-HYD,Business,158,15009,2371422
2024-12-06,BLR-HYD,Economy,66,5024,331584
2024-12-06,BLR-HYD,Premium,69,6412,442428
2024-12-06,BLR-HYD,Business,109,14353,1564477
2024-12-07,DEL-BOM,Economy,172,4279,735988
2024-12-07,DEL-BOM,Premium,21,8237,172977
2024-12-07,DEL-BOM,Business,192,12675,2433600
2024-12-07,DEL-BLR,Economy,68,4250,289000
2024-12-07,DEL-BLR,Premium,151,6637,1002187
2024-12-07,DEL-BLR,Business,72,14757,1062504
2024-12-07,BOM-BLR,Economy,158,5465,863470
2024-12-07,BOM-BLR,Premium,133,8697,1156701
2024-12-07,BOM-BLR,Business,67,19835,1328945
2024-12-07,DEL-HYD,Economy,47,5718,268746
2024-12-07,DEL-HYD,Premium,141,6271,884211
2024-12-07,DEL-HYD,Business,57,15985,911145
2024-12-07,BLR-HYD,Economy,134,5282,707788
2024-12-07,BLR-HYD,Premium,163,7105,1158115
2024-12-07,BLR-HYD,Business,78,15985,1246830
2024-12-08,DEL-BOM,Economy,158,4804,759032
2024-12-08,DEL-BOM,Premium,37,8700,321900
2024-12-08,DEL-BOM,Business,69,11258,776802
2024-12-08,DEL-BLR,Economy,50,5866,293300
2024-12-08,DEL-BLR,Premium,52,6126,318552
2024-12-08,DEL-BLR,Business,60,14392,863520
2024-12-08,BOM-BLR,Economy,104,3041,316264
2024-12-08,BOM-BLR,Premium,172,6947,1194884
2024-12-08,BOM-BLR,Business,179,19923,3566217
2024-12-08,DEL-HYD,Economy,162,4842,784404
2024-12-08,DEL-HYD,Premium,88,9490,835120
2024-12-08,DEL-HYD,Business,181,14328,2593368
2024-12-08,BLR-HYD,Economy,134,3921,525414
2024-12-08,BLR-HYD,Premium,130,7596,987480
2024-12-08,BLR-HYD,Business,97,10724,1040228
2024-12-09,DEL-BOM,Economy,67,3711,248637
2024-12-09,DEL-BOM,Premium,53,7158,379374
2024-12-09,DEL-BOM,Business,66,18116,1195656
2024-12-09,DEL-BLR,Economy,111,3933,436563
2024-12-09,DEL-BLR,Premium,119,8754,1041726
2024-12-09,DEL-BLR,Business,108,16773,1811484
2024-12-09,BOM-BLR,Economy,78,5242,408876
2024-12-09,BOM-BLR,Premium,59,8144,480496
2024-12-09,BOM-BLR,Business,106,19931,2112686
2024-12-09,DEL-HYD,Economy,165,3660,603900
2024-12-09,DEL-HYD,Premium,148,8725,1291300
2024-12-09,DEL-HYD,Business,189,15642,2956338
2024-12-09,BLR-HYD,Economy,90,3670,330300
2024-12-09,BLR-HYD,Premium,49,6429,315021
2024-12-09,BLR-HYD,Business,88,11746,1033648
2024-12-10,DEL-BOM,Economy,185,5620,1039700
2024-12-10,DEL-BOM,Premium,132,9906,1307592
2024-12-10,DEL-BOM,Business,180,12500,2250000
2024-12-10,DEL-BLR,Economy,140,3850,539000
2024-12-10,DEL-BLR,Premium,76,6768,514368
2024-12-10,DEL-BLR,Business,88,13873,1220824
2024-12-10,BOM-BLR,Economy,120,4120,494400
2024-12-10,BOM-BLR,Premium,48,8712,418176
2024-12-10,BOM-BLR,Business,142,16030,2276260
2024-12-10,DEL-HYD,Economy,23,5796,133308
2024-12-10,DEL-HYD,Premium,130,9576,1244880
2024-12-10,DEL-HYD,Business,64,14373,919872
2024-12-10,BLR-HYD,Economy,152,3749,569848
2024-12-10,BLR-HYD,Premium,36,8609,309924
2024-12-10,BLR-HYD,Business,137,16203,2219811
2024-12-11,DEL-BOM,Economy,144,3466,499104
2024-12-11,DEL-BOM,Premium,187,7210,1348270
2024-12-11,DEL-BOM,Business,107,11846,1267522
2024-12-11,DEL-BLR,Economy,83,5496,456168
2024-12-11,DEL-BLR,Premium,187,8177,1529099
2024-12-11,DEL-BLR,Business,168,11744,1972992
2024-12-11,BOM-BLR,Economy,130,5995,779350
2024-12-11,BOM-BLR,Premium,118,9282,1095276
2024-12-11,BOM-BLR,Business,103,14779,1522237
2024-12-11,DEL-HYD,Economy,176,5627,990352
2024-12-11,DEL-HYD,Premium,116,7627,884732
2024-12-11,DEL-HYD,Business,69,19127,1319763
2024-12-11,BLR-HYD,Economy,65,4714,306410
2024-12-11,BLR-HYD,Premium,83,9547,792401
2024-12-11,BLR-HYD,Business,97,12305,1193585
2024-12-12,DEL-BOM,Economy,195,3389,660855
2024-12-12,DEL-BOM,Premium,150,6682,1002300
2024-12-12,DEL-BOM,Business,33,10027,330891
2024-12-12,DEL-BLR,Economy,168,5327,894936
2024-12-12,DEL-BLR,Premium,169,7068,1194492
2024-12-12,DEL-BLR,Business,158,19514,3083212
2024-12-12,BOM-BLR,Economy,178,4647,827166
2024-12-12,BOM-BLR,Premium,119,9801,1166319
2024-12-12,BOM-BLR,Business,34,10899,370566
2024-12-12,DEL-HYD,Economy,169,4744,801736
2024-12-12,DEL-HYD,Premium,97,8375,812375
2024-12-12,DEL-HYD,Business,109,18149,1978241
2024-12-12,BLR-HYD,Economy,99,3605,356895
2024-12-12,BLR-HYD,Premium,171,9205,1574055
2024-12-12,BLR-HYD,Business,153,14901,2279853
2024-12-13,DEL-BOM,Economy,102,3948,402696
2024-12-13,DEL-BOM,Premium,75,9250,693750
2024-12-13,DEL-BOM,Business,151,11096,1675496
2024-12-13,DEL-BLR,Economy,34,5401,183634
2024-12-13,DEL-BLR,Premium,135,9348,1261980
2024-12-13,DEL-BLR,Business,164,12369,2028516
2024-12-13,BOM-BLR,Economy,198,4066,805068
2024-12-13,BOM-BLR,Premium,56,6887,385672
2024-12-13,BOM-BLR,Business,75,10419,781425
2024-12-13,DEL-HYD,Economy,178,5614,999292
2024-12-13,DEL-HYD,Premium,34,8124,276216
2024-12-13,DEL-HYD,Business,72,11208,806976
2024-12-13,BLR-HYD,Economy,74,4331,320494
2024-12-13,BLR-HYD,Premium,59,9448,557432
2024-12-13,BLR-HYD,Business,122,13543,1652246
2024-12-14,DEL-BOM,Economy,186,3419,635934
2024-12-14,DEL-BOM,Premium,115,7766,893090
2024-12-14,DEL-BOM,Business,109,11194,1220146
2024-12-14,DEL-BLR,Economy,145,3810,552450
2024-12-14,DEL-BLR,Premium,119,9680,1151920
2024-12-14,DEL-BLR,Business,192,14624,2807808
2024-12-14,BOM-BLR,Economy,159,3277,521043
2024-12-14,BOM-BLR,Premium,159,6579,1046061
2024-12-14,BOM-BLR,Business,198,16141,3195918
2024-12-14,DEL-HYD,Economy,74,4873,360602
2024-12-14,DEL-HYD,Premium,191,6941,1325731
2024-12-14,DEL-HYD,Business,121,12451,1506571
2024-12-14,BLR-HYD,Economy,44,4866,214104
2024-12-14,BLR-HYD,Premium,80,7520,601600
2024-12-14,BLR-HYD,Business,58,14089,817162
2024-12-15,DEL-BOM,Economy,132,5472,722304
2024-12-15,DEL-BOM,Premium,168,6154,1033872
2024-12-15,DEL-BOM,Business,156,18703,2917668
2024-12-15,DEL-BLR,Economy,183,5313,972279
2024-12-15,DEL-BLR,Premium,186,7283,1354638
2024-12-15,DEL-BLR,Business,195,13400,2613000
2024-12-15,BOM-BLR,Economy,182,4223,768586
2024-12-15,BOM-BLR,Premium,38,7350,279300
2024-12-15,BOM-BLR,Business,191,15177,2898807
2024-12-15,DEL-HYD,Economy,172,3476,597872
2024-12-15,DEL-HYD,Premium,130,9915,1288950
2024-12-15,DEL-HYD,Business,89,11432,1017448
2024-12-15,BLR-HYD,Economy,106,3239,343334
2024-12-15,BLR-HYD,Premium,68,8162,555016
2024-12-15,BLR-HYD,Business,26,11168,290368
2024-12-16,DEL-BOM,Economy,179,5713,1022627
2024-12-16,DEL-BOM,Premium,169,8428,1424332
2024-12-16,DEL-BOM,Business,90,19613,1765170
2024-12-16,DEL-BLR,Economy,130,5807,754910
2024-12-16,DEL-BLR,Premium,134,6552,877968
2024-12-16,DEL-BLR,Business,107,10599,1134093
2024-12-16,BOM-BLR,Economy,98,5512,540176
2024-12-16,BOM-BLR,Premium,118,6686,788948
2024-12-16,BOM-BLR,Business,20,17023,340460
2024-12-16,DEL-HYD,Economy,93,5112,475416
2024-12-16,DEL-HYD,Premium,196,9380,1838480
2024-12-16,DEL-HYD,Business,134,19745,2645830
2024-12-16,BLR-HYD,Economy,35,5689,199115
2024-12-16,BLR-HYD,Premium,192,8249,1583808
2024-12-16,BLR-HYD,Business,178,11608,2066224
2024-12-17,DEL-BOM,Economy,67,4041,270747
2024-12-17,DEL-BOM,Premium,30,6339,190170
2024-12-17,DEL-BOM,Business,119,14169,1686111
2024-12-17,DEL-BLR,Economy,43,5163,222009
2024-12-17,DEL-BLR,Premium,176,7245,1275120
2024-12-17,DEL-BLR,Business,164,12711,2084604
2024-12-17,BOM-BLR,Economy,138,3990,550620
2024-12-17,BOM-BLR,Premium,104,7406,770224
2024-12-17,BOM-BLR,Business,25,15024,375600
2024-12-17,DEL-HYD,Economy,135,4031,544185
2024-12-17,DEL-HYD,Premium,97,8451,819747
2024-12-17,DEL-HYD,Business,107,16577,1773739
2024-12-17,BLR-HYD,Economy,53,3163,167639
2024-12-17,BLR-HYD,Premium,163,8065,1314595
2024-12-17,BLR-HYD,Business,51,18103,923253
2024-12-18,DEL-BOM,Economy,182,4348,791336
2024-12-18,DEL-BOM,Premium,104,9922,1031888
2024-12-18,DEL-BOM,Business,196,17715,3472140
2024-12-18,DEL-BLR,Economy,73,4070,297110
2024-12-18,DEL-BLR,Premium,179,6994,1251926
2024-12-18,DEL-BLR,Business,143,14767,2111681
2024-12-18,BOM-BLR,Economy,184,3095,569480
2024-12-18,BOM-BLR,Premium,120,7949,953880
2024-12-18,BOM-BLR,Business,51,14874,758574
2024-12-18,DEL-HYD,Economy,167,3548,592516
2024-12-18,DEL-HYD,Premium,38,7703,292714
2024-12-18,DEL-HYD,Business,152,18535,2817320
2024-12-18,BLR-HYD,Economy,195,5058,986310
2024-12-18,BLR-HYD,Premium,177,9285,1643445
2024-12-18,BLR-HYD,Business,51,19979,1018929
2024-12-19,DEL-BOM,Economy,167,5156,861052
2024-12-19,DEL-BOM,Premium,171,9020,1542420
2024-12-19,DEL-BOM,Business,131,17356,2273636
2024-12-19,DEL-BLR,Economy,95,5112,485640
2024-12-19,DEL-BLR,Premium,141,7524,1060884
2024-12-19,DEL-BLR,Business,59,16171,954089
2024-12-19,BOM-BLR,Economy,99,5110,505890
2024-12-19,BOM-BLR,Premium,60,7564,453840
2024-12-19,BOM-BLR,Business,99,17257,1708443
2024-12-19,DEL-HYD,Economy,169,4778,807482
2024-12-19,DEL-HYD,Premium,34,9433,320722
2024-12-19,DEL-HYD,Business,109,13947,1520223
2024-12-19,BLR-HYD,Economy,80,3818,305440
2024-12-19,BLR-HYD,Premium,96,6577,631392
2024-12-19,BLR-HYD,Business,186,13176,2450736
2024-12-20,DEL-BOM,Economy,195,3722,725790
2024-12-20,DEL-BOM,Premium,172,9569,1645868
2024-12-20,DEL-BOM,Business,32,11533,369056
2024-12-20,DEL-BLR,Economy,189,4020,759780
2024-12-20,DEL-BLR,Premium,99,9303,920997
2024-12-20,DEL-BLR,Business,122,17877,2180994
2024-12-20,BOM-BLR,Economy,46,4502,207092
2024-12-20,BOM-BLR,Premium,152,6915,1051080
2024-12-20,BOM-BLR,Business,101,15447,1560147
2024-12-20,DEL-HYD,Economy,117,3584,419328
2024-12-20,DEL-HYD,Premium,144,9855,1419120
2024-12-20,DEL-HYD,Business,152,11892,1807584
2024-12-20,BLR-HYD,Economy,126,5429,684054
2024-12-20,BLR-HYD,Premium,102,8519,868938
2024-12-20,BLR-HYD,Business,79,15689,1239431
2024-12-21,DEL-BOM,Economy,22,5348,117656
2024-12-21,DEL-BOM,Premium,34,9214,313276
2024-12-21,DEL-BOM,Business,115,17903,2058845
2024-12-21,DEL-BLR,Economy,130,5739,746070
2024-12-21,DEL-BLR,Premium,56,9368,524608
2024-12-21,DEL-BLR,Business,44,12599,554356
2024-12-21,BOM-BLR,Economy,104,4837,503048
2024-12-21,BOM-BLR,Premium,121,7377,892617
2024-12-21,BOM-BLR,Business,110,15380,1691800
2024-12-21,DEL-HYD,Economy,173,4426,765698
2024-12-21,DEL-HYD,Premium,67,6655,445885
2024-12-21,DEL-HYD,Business,37,12846,475302
2024-12-21,BLR-HYD,Economy,148,5526,817848
2024-12-21,BLR-HYD,Premium,27,7341,198207
2024-12-21,BLR-HYD,Business,26,17056,443456
2024-12-22,DEL-BOM,Economy,158,5736,906288
2024-12-22,DEL-BOM,Premium,60,9185,551100
2024-12-22,DEL-BOM,Business,111,15442,1714062
2024-12-22,DEL-BLR,Economy,187,4796,896852
2024-12-22,DEL-BLR,Premium,169,9236,1560884
2024-12-22,DEL-BLR,Business,63,14723,927549
2024-12-22,BOM-BLR,Economy,86,4548,391128
2024-12-22,BOM-BLR,Premium,30,7876,236280
2024-12-22,BOM-BLR,Business,104,13375,1391000
2024-12-22,DEL-HYD,Economy,161,5750,925750
2024-12-22,DEL-HYD,Premium,181,6895,1247995
2024-12-22,DEL-HYD,Business,188,12182,2290216
2024-12-22,BLR-HYD,Economy,161,4583,737863
2024-12-22,BLR-HYD,Premium,53,7522,398666
2024-12-22,BLR-HYD,Business,65,14887,967655
2024-12-23,DEL-BOM,Economy,86,5048,434128
2024-12-23,DEL-BOM,Premium,28,8313,232764
2024-12-23,DEL-BOM,Business,137,15078,2065686
2024-12-23,DEL-BLR,Economy,25,5775,144375
2024-12-23,DEL-BLR,Premium,114,7977,909378
2024-12-23,DEL-BLR,Business,83,18401,1527283
2024-12-23,BOM-BLR,Economy,159,3930,624870
2024-12-23,BOM-BLR,Premium,108,6877,742716
2024-12-23,BOM-BLR,Business,131,12523,1640513
2024-12-23,DEL-HYD,Economy,169,5174,874406
2024-12-23,DEL-HYD,Premium,160,8449,1351840
2024-12-23,DEL-HYD,Business,96,15333,1471968
2024-12-23,BLR-HYD,Economy,36,3223,116028
2024-12-23,BLR-HYD,Premium,112,7464,835968
2024-12-23,BLR-HYD,Business,158,16518,2609844
2024-12-24,DEL-BOM,Economy,111,3610,400710
2024-12-24,DEL-BOM,Premium,133,6916,919828
2024-12-24,DEL-BOM,Business,171,12146,2076966
2024-12-24,DEL-BLR,Economy,103,3440,354320
2024-12-24,DEL-BLR,Premium,164,6767,1109788
2024-12-24,DEL-BLR,Business,42,13894,583548
2024-12-24,BOM-BLR,Economy,26,4271,111046
2024-12-24,BOM-BLR,Premium,117,7083,828711
2024-12-24,BOM-BLR,Business,71,19355,1374205
2024-12-24,DEL-HYD,Economy,160,4351,696160
2024-12-24,DEL-HYD,Premium,144,8210,1182240
2024-12-24,DEL-HYD,Business,176,10189,1793264
2024-12-24,BLR-HYD,Economy,140,3295,461300
2024-12-24,BLR-HYD,Premium,51,8907,454257
2024-12-24,BLR-HYD,Business,107,19909,2130263
2024-12-25,DEL-BOM,Economy,95,3127,297065
2024-12-25,DEL-BOM,Premium,129,8395,1082955
2024-12-25,DEL-BOM,Business,164,13513,2216132
2024-12-25,DEL-BLR,Economy,53,4714,249842
2024-12-25,DEL-BLR,Premium,157,8247,1294779
2024-12-25,DEL-BLR,Business,184,11548,2124832
2024-12-25,BOM-BLR,Economy,99,5333,527967
2024-12-25,BOM-BLR,Premium,179,7006,1254074
2024-12-25,BOM-BLR,Business,191,17210,3287110
2024-12-25,DEL-HYD,Economy,82,3526,289132
2024-12-25,DEL-HYD,Premium,156,8786,1370616
2024-12-25,DEL-HYD,Business,131,19059,2496729
2024-12-25,BLR-HYD,Economy,25,5130,128250
2024-12-25,BLR-HYD,Premium,37,8299,307063
2024-12-25,BLR-HYD,Business,133,17873,2377109
2024-12-26,DEL-BOM,Economy,199,4955,986045
2024-12-26,DEL-BOM,Premium,125,7098,887250
2024-12-26,DEL-BOM,Business,161,16549,2664389
2024-12-26,DEL-BLR,Economy,79,3227,254933
2024-12-26,DEL-BLR,Premium,186,6877,1279122
2024-12-26,DEL-BLR,Business,81,11986,970866
2024-12-26,BOM-BLR,Economy,130,4607,598910
2024-12-26,BOM-BLR,Premium,90,6305,567450
2024-12-26,BOM-BLR,Business,91,12121,1103011
2024-12-26,DEL-HYD,Economy,161,4608,741888
2024-12-26,DEL-HYD,Premium,88,9000,792000
2024-12-26,DEL-HYD,Business,39,18645,727155
2024-12-26,BLR-HYD,Economy,81,3618,293058
2024-12-26,BLR-HYD,Premium,30,9036,271080
2024-12-26,BLR-HYD,Business,131,17265,2261715
2024-12-27,DEL-BOM,Economy,24,4071,97704
2024-12-27,DEL-BOM,Premium,35,9556,334460
2024-12-27,DEL-BOM,Business,48,13094,628512
2024-12-27,DEL-BLR,Economy,181,3962,717122
2024-12-27,DEL-BLR,Premium,53,6372,337716
2024-12-27,DEL-BLR,Business,28,19796,554288
2024-12-27,BOM-BLR,Economy,155,3095,479725
2024-12-27,BOM-BLR,Premium,121,8897,1076537
2024-12-27,BOM-BLR,Business,124,15396,1909104
2024-12-27,DEL-HYD,Economy,157,3131,491567
2024-12-27,DEL-HYD,Premium,155,8420,1305100
2024-12-27,DEL-HYD,Business,38,10807,410666
2024-12-27,BLR-HYD,Economy,70,4181,292670
2024-12-27,BLR-HYD,Premium,191,7934,1515394
2024-12-27,BLR-HYD,Business,89,10079,897031
2024-12-28,DEL-BOM,Economy,140,5966,835240
2024-12-28,DEL-BOM,Premium,145,6218,901610
2024-12-28,DEL-BOM,Business,41,10140,415740
2024-12-28,DEL-BLR,Economy,97,4630,449110
2024-12-28,DEL-BLR,Premium,71,9725,690475
2024-12-28,DEL-BLR,Business,82,12552,1029264
2024-12-28,BOM-BLR,Economy,47,4537,213239
2024-12-28,BOM-BLR,Premium,78,9025,703950
2024-12-28,BOM-BLR,Business,134,14807,1984138
2024-12-28,DEL-HYD,Economy,54,4537,244998
2024-12-28,DEL-HYD,Premium,105,9920,1041600
2024-12-28,DEL-HYD,Business,62,17738,1099756
2024-12-28,BLR-HYD,Economy,28,3332,93296
2024-12-28,BLR-HYD,Premium,71,7565,537115
2024-12-28,BLR-HYD,Business,40,11158,446320
2024-12-29,DEL-BOM,Economy,35,3534,123690
2024-12-29,DEL-BOM,Premium,88,9008,792704
2024-12-29,DEL-BOM,Business,175,19644,3437700
2024-12-29,DEL-BLR,Economy,105,4039,424095
2024-12-29,DEL-BLR,Premium,137,9466,1296842
2024-12-29,DEL-BLR,Business,106,17271,1830726
2024-12-29,BOM-BLR,Economy,160,3166,506560
2024-12-29,BOM-BLR,Premium,187,8930,1669910
2024-12-29,BOM-BLR,Business,87,19743,1717641
2024-12-29,DEL-HYD,Economy,72,3560,256320
2024-12-29,DEL-HYD,Premium,103,6311,650033
2024-12-29,DEL-HYD,Business,109,16728,1823352
2024-12-29,BLR-HYD,Economy,88,3976,349888
2024-12-29,BLR-HYD,Premium,21,6118,128478
2024-12-29,BLR-HYD,Business,167,10586,1767862
2024-12-30,DEL-BOM,Economy,114,4529,516306
2024-12-30,DEL-BOM,Premium,22,7870,173140
2024-12-30,DEL-BOM,Business,131,16276,2132156
2024-12-30,DEL-BLR,Economy,73,4596,335508
2024-12-30,DEL-BLR,Premium,66,7770,512820
2024-12-30,DEL-BLR,Business,83,11479,952757
2024-12-30,BOM-BLR,Economy,41,3370,138170
2024-12-30,BOM-BLR,Premium,164,6230,1021720
2024-12-30,BOM-BLR,Business,111,16421,1822731
2024-12-30,DEL-HYD,Economy,195,5100,994500
2024-12-30,DEL-HYD,Premium,68,8205,557940
2024-12-30,DEL-HYD,Business,74,17188,1271912
2024-12-30,BLR-HYD,Economy,45,5808,261360
2024-12-30,BLR-HYD,Premium,39,9913,386607
2024-12-30,BLR-HYD,Business,139,19752,2745528
