route,fare_class,price
DEL-BOM,Economy,3860
DEL-BOM,Premium,8169
DEL-BOM,Business,18322
DEL-BLR,Economy,3769
DEL-BLR,Premium,6955
DEL-BLR,Business,16396
BOM-BLR,Economy,3474
BOM-BLR,Premium,9547
BOM-BLR,Business,12734
DEL-HYD,Economy,4899
DEL-HYD,Premium,9202
DEL-HYD,Business,15393
BLR-HYD,Economy,3600
BLR-HYD,Premium,8945
BLR-HYD,Business,19670
DEL-BOM,Economy,5556
DEL-BOM,Premium,7585
DEL-BOM,Business,13843
DEL-BLR,Economy,4500
DEL-BLR,Premium,6201
DEL-BLR,Business,17629
BOM-BLR,Economy,5767
BOM-BLR,Premium,6791
BOM-BLR,Business,15276
DEL-HYD,Economy,3064
DEL-HYD,Premium,7152
DEL-HYD,Business,15258
BLR-HYD,Economy,3391
BLR-HYD,Premium,6200
BLR-HYD,Business,18996
DEL-BOM,Economy,5731
DEL-BOM,Premium,9810
DEL-BOM,Business,10502
DEL-BLR,Economy,3870
DEL-BLR,Premium,9625
DEL-BLR,Business,17408
BOM-BLR,Economy,4020
BOM-BLR,Premium,8796
BOM-BLR,Business,16668
DEL-HYD,Economy,4722
DEL-HYD,Premium,8729
DEL-HYD,Business,13627
BLR-HYD,Economy,4981
BLR-HYD,Premium,9302
BLR-HYD,Business,16776
DEL-BOM,Economy,3972
DEL-BOM,Premium,7479
DEL-BOM,Business,10663
DEL-BLR,Economy,4631
DEL-BLR,Premium,7853
DEL-BLR,Business,17554
BOM-BLR,Economy,4636
BOM-BLR,Premium,6641
BOM-BLR,Business,15172
DEL-HYD,Economy,5777
DEL-HYD,Premium,6835
DEL-HYD,Business,14389
BLR-HYD,Economy,5931
BLR-HYD,Premium,8191
BLR-HYD,Business,12511
DEL-BOM,Economy,4794
DEL-BOM,Premium,7369
DEL-BOM,Business,11843
DEL-BLR,Economy,4959
DEL-BLR,Premium,6640
DEL-BLR,Business,14061
BOM-BLR,Economy,4634
BOM-BLR,Premium,7016
BOM-BLR,Business,14548
DEL-HYD,Economy,4183
DEL-HYD,Premium,8863
DEL-HYD,Business,16197
BLR-HYD,Economy,4696
BLR-HYD,Premium,6103
BLR-HYD,Business,10098
DEL-BOM,Economy,4884
DEL-BOM,Premium,9234
DEL-BOM,Business,16944
DEL-BLR,Economy,4300
DEL-BLR,Premium,7158
DEL-BLR,Business,14555
BOM-BLR,Economy,3469
BOM-BLR,Premium,8277
BOM-BLR,Business,13354
DEL-HYD,Economy,3225
DEL-HYD,Premium,8926
DEL-HYD,Business,17683
BLR-HYD,Economy,4215
BLR-HYD,Premium,8205
BLR-HYD,Business,11060
DEL-BOM,Economy,5544
DEL-BOM,Premium,6992
DEL-BOM,Business,13327
DEL-BLR,Economy,3127
DEL-BLR,Premium,7346
DEL-BLR,Business,14014
BOM-BLR,Economy,4686
BOM-BLR,Premium,7409
BOM-BLR,Business,17206
DEL-HYD,Economy,5806
DEL-HYD,Premium,8455
DEL-HYD,Business,17992
BLR-HYD,Economy,3684
BLR-HYD,Premium,6399
BLR-HYD,Business,15919
DEL-BOM,Economy,3050
DEL-BOM,Premium,8197
DEL-BOM,Business,14777
DEL-BLR,Economy,4077
DEL-BLR,Premium,9124
DEL-BLR,Business,15315
BOM-BLR,Economy,3876
BOM-BLR,Premium,8914
BOM-BLR,Business,14465
DEL-HYD,Economy,4129
DEL-HYD,Premium,6830
DEL-HYD,Business,18308
BLR-HYD,Economy,5838
BLR-HYD,Premium,7664
BLR-HYD,Business,17805
DEL-BOM,Economy,3559
DEL-BOM,Premium,9343
DEL-BOM,Business,18130
DEL-BLR,Economy,3153
DEL-BLR,Premium,9356
DEL-BLR,Business,16617
BOM-BLR,Economy,5388
BOM-BLR,Premium,6356
BOM-BLR,Business,12849
DEL-HYD,Economy,5809
DEL-HYD,Premium,7015
DEL-HYD,Business,15878
BLR-HYD,Economy,3496
BLR-HYD,Premium,7931
BLR-HYD,Business,14000
DEL-BOM,Economy,4636
DEL-BOM,Premium,7191
DEL-BOM,Business,14107
DEL-BLR,Economy,5546
DEL-BLR,Premium,6775
DEL-BLR,Business,10417
BOM-BLR,Economy,3616
BOM-BLR,Premium,7516
BOM-BLR,Business,17164
DEL-HYD,Economy,4892
DEL-HYD,Premium,7571
DEL-HYD,Business,17357
BLR-HYD,Economy,4548
BLR-HYD,Premium,7296
BLR-HYD,Business,14492
DEL-BOM,Economy,5224
DEL-BOM,Premium,6264
DEL-BOM,Business,14946
DEL-BLR,Economy,3143
DEL-BLR,Premium,8938
DEL-BLR,Business,11062
BOM-BLR,Economy,4065
BOM-BLR,Premium,9234
BOM-BLR,Business,16731
DEL-HYD,Economy,3953
DEL-HYD,Premium,7676
DEL-HYD,Business,16938
BLR-HYD,Economy,4217
BLR-HYD,Premium,8386
BLR-HYD,Business,19872
DEL-BOM,Economy,3216
DEL-BOM,Premium,8492
DEL-BOM,Business,15977
DEL-BLR,Economy,3038
DEL-BLR,Premium,7243
DEL-BLR,Business,18647
BOM-BLR,Economy,3894
BOM-BLR,Premium,8395
BOM-BLR,Business,15029
DEL-HYD,Economy,3133
DEL-HYD,Premium,8220
DEL-HYD,Business,15348
BLR-HYD,Economy,4250
BLR-HYD,Premium,7166
BLR-HYD,Business,18053
DEL-BOM,Economy,5703
DEL-BOM,Premium,8783
DEL-BOM,Business,19337
DEL-BLR,Economy,5723
DEL-BLR,Premium,8779
DEL-BLR,Business,16042
BOM-BLR,Economy,4224
BOM-BLR,Premium,7581
BOM-BLR,Business,10255
DEL-HYD,Economy,4944
DEL-HYD,Premium,9313
DEL-HYD,Business,11015
BLR-HYD,Economy,3373
BLR-HYD,Premium,6852
BLR-HYD,Business,16970
DEL-BOM,Economy,3688
DEL-BOM,Premium,9170
DEL-BOM,Business,12000
DEL-BLR,Economy,4668
DEL-BLR,Premium,6713
DEL-BLR,Business,12048
BOM-BLR,Economy,3684
BOM-BLR,Premium,7823
BOM-BLR,Business,10249
DEL-HYD,Economy,3437
DEL-HYD,Premium,7984
DEL-HYD,Business,16544
BLR-HYD,Economy,5814
BLR-HYD,Premium,8122
BLR-HYD,Business,16949
DEL-BOM,Economy,5145
DEL-BOM,Premium,8482
DEL-BOM,Business,14637
DEL-BLR,Economy,5128
DEL-BLR,Premium,8231
DEL-BLR,Business,15971
BOM-BLR,Economy,5593
BOM-BLR,Premium,9823
BOM-BLR,Business,17350
DEL-HYD,Economy,5142
DEL-HYD,Premium,6359
DEL-HYD,Business,10666
BLR-HYD,Economy,3671
BLR-HYD,Premium,7489
BLR-HYD,Business,16981
DEL-BOM,Economy,5692
DEL-BOM,Premium,7968
DEL-BOM,Business,16190
DEL-BLR,Economy,5261
DEL-BLR,Premium,6047
DEL-BLR,Business,11276
BOM-BLR,Economy,5766
BOM-BLR,Premium,6525
BOM-BLR,Business,14621
DEL-HYD,Economy,3882
DEL-HYD,Premium,8797
DEL-HYD,Business,11906
BLR-HYD,Business,16288
DEL-BOM,Economy,5072
DEL-BOM,Premium,8156
DEL-BOM,Business,19685
DEL-BLR,Economy,3622
DEL-BLR,Premium,8660
DEL-BLR,Business,10876
BOM-BLR,Economy,4312
BOM-BLR,Premium,8671
BOM-BLR,Business,13735
DEL-HYD,Economy,4160
DEL-HYD,Premium,6228
DEL-HYD,Business,18195
BLR-HYD,Economy,3645
BLR-HYD,Premium,7464
BLR-HYD,Business,16316
DEL-BOM,Economy,4668
DEL-BOM,Premium,6723
DEL-BOM,Business,12048
DEL-BLR,Economy,3653
DEL-BLR,Premium,6138
DEL-BLR,Business,10009
BOM-BLR,Economy,4942
BOM-BLR,Premium,7191
BOM-BLR,Business,12832
DEL-HYD,Economy,4994
DEL-HYD,Premium,9888
DEL-HYD,Business,11908
BLR-HYD,Economy,4160
BLR-HYD,Premium,7319
BLR-HYD,Business,18007
DEL-BOM,Economy,3872
DEL-BOM,Premium,7314
DEL-BOM,Business,17546
DEL-BLR,Economy,5621
DEL-BLR,Premium,8449
DEL-BLR,Business,17804
BOM-BLR,Economy,4888
BOM-BLR,Premium,8712
BOM-BLR,Business,11970
DEL-HYD,Economy,5626
DEL-HYD,Premium,9571
DEL-HYD,Business,18669
BLR-HYD,Economy,3419
BLR-HYD,Premium,8336
BLR-HYD,Business,14612
DEL-BOM,Economy,4865
DEL-BOM,Premium,8275
DEL-BOM,Business,13719
DEL-BLR,Economy,5094
DEL-BLR,Premium,9482
DEL-BLR,Business,10793
BOM-BLR,Economy,5116
BOM-BLR,Premium,8349
BOM-BLR,Business,17783
DEL-HYD,Economy,4639
DEL-HYD,Premium,9204
DEL-HYD,Business,18795
BLR-HYD,Economy,4928
BLR-HYD,Premium,7430
BLR-HYD,Business,13417
DEL-BOM,Economy,5467
DEL-BOM,Premium,6566
DEL-BOM,Business,17112
DEL-BLR,Economy,3201
DEL-BLR,Premium,9874
DEL-BLR,Business,17973
BOM-BLR,Premium,6938
BOM-BLR,Business,11205
DEL-HYD,Economy,3024
DEL-HYD,Premium,8224
DEL-HYD,Business,12713
BLR-HYD,Economy,4492
BLR-HYD,Premium,9432
BLR-HYD,Business,15182
DEL-BOM,Economy,5608
DEL-BOM,Premium,8262
DEL-BOM,Business,12079
DEL-BLR,Economy,5332
DEL-BLR,Premium,6768
DEL-BLR,Business,15083
BOM-BLR,Economy,5161
BOM-BLR,Premium,9715
BOM-BLR,Business,18038
DEL-HYD,Economy,3799
DEL-HYD,Premium,9451
DEL-HYD,Business,10832
BLR-HYD,Economy,5806
BLR-HYD,Premium,9310
BLR-HYD,Business,17970
DEL-BOM,Economy,4111
DEL-BOM,Premium,8538
DEL-BOM,Business,15005
DEL-BLR,Economy,3943
DEL-BLR,Premium,9744
DEL-BLR,Business,13452
BOM-BLR,Economy,4571
BOM-BLR,Premium,8862
BOM-BLR,Business,11409
DEL-HYD,Economy,3395
DEL-HYD,Premium,7757
DEL-HYD,Business,11387
BLR-HYD,Economy,3592
BLR-HYD,Premium,6735
BLR-HYD,Business,12599
DEL-BOM,Economy,4781
DEL-BOM,Premium,6441
DEL-BOM,Business,15475
DEL-BLR,Economy,5981
DEL-BLR,Premium,6587
DEL-BLR,Business,17992
BOM-BLR,Economy,3645
BOM-BLR,Premium,7772
BOM-BLR,Business,19900
DEL-HYD,Economy,5969
DEL-HYD,Premium,6129
DEL-HYD,Business,12866
BLR-HYD,Economy,4394
BLR-HYD,Premium,8058
BLR-HYD,Business,19442
DEL-BOM,Economy,3097
DEL-BOM,Premium,6405
DEL-BOM,Business,17715
DEL-BLR,Economy,4762
DEL-BLR,Premium,6481
DEL-BLR,Business,15136
BOM-BLR,Economy,4240
BOM-BLR,Premium,6024
BOM-BLR,Business,18363
DEL-HYD,Economy,3101
DEL-HYD,Premium,9115
DEL-HYD,Business,13640
BLR-HYD,Economy,4520
BLR-HYD,Premium,6338
BLR-HYD,Business,12421
DEL-BOM,Economy,5513
DEL-BOM,Premium,9948
DEL-BOM,Business,14806
DEL-BLR,Economy,4817
DEL-BLR,Premium,6628
DEL-BLR,Business,18007
BOM-BLR,Economy,3726
BOM-BLR,Premium,9042
BOM-BLR,Business,19374
DEL-HYD,Economy,5667
DEL-HYD,Premium,8852
DEL-HYD,Business,16640
BLR-HYD,Economy,4372
BLR-HYD,Premium,9232
BLR-HYD,Business,18502
DEL-BOM,Economy,3545
DEL-BOM,Premium,9487
DEL-BOM,Business,12032
DEL-BLR,Economy,3244
DEL-BLR,Premium,8973
DEL-BLR,Business,13760
BOM-BLR,Economy,4165
BOM-BLR,Premium,7981
BOM-BLR,Business,18173
DEL-HYD,Economy,3398
DEL-HYD,Premium,9211
DEL-HYD,Business,14805
BLR-HYD,Economy,4463
BLR-HYD,Premium,8273
BLR-HYD,Business,17827
DEL-BOM,Economy,4333
DEL-BOM,Premium,6824
DEL-BOM,Business,16402
DEL-BLR,Economy,4796
DEL-BLR,Premium,9170
DEL-BLR,Business,12466
BOM-BLR,Economy,3849
BOM-BLR,Premium,9810
BOM-BLR,Business,14675
DEL-HYD,Economy,4380
DEL-HYD,Premium,9394
DEL-HYD,Business,16881
BLR-HYD,Economy,3169
BLR-HYD,Premium,6954
BLR-HYD,Business,15370
DEL-BOM,Economy,4199
DEL-BOM,Premium,9020
DEL-BOM,Business,19516
DEL-BLR,Economy,5396
DEL-BLR,Premium,9111
DEL-BLR,Business,11312
BOM-BLR,Economy,3215
BOM-BLR,Premium,8400
BOM-BLR,Business,19908
DEL-HYD,Economy,3355
DEL-HYD,Premium,8054
DEL-HYD,Business,17561
BLR-HYD,Economy,5410
BLR-HYD,Premium,8403
BLR-HYD,Business,15343
DEL-BOM,Economy,4690
DEL-BOM,Premium,6699
DEL-BOM,Business,11007
DEL-BLR,Economy,5514
DEL-BLR,Premium,6571
DEL-BLR,Business,17059
BOM-BLR,Economy,3483
BOM-BLR,Premium,6917
BOM-BLR,Business,14569
DEL-HYD,Economy,5257
DEL-HYD,Premium,6715
DEL-HYD,Business,15126
BLR-HYD,Economy,3906
BLR-HYD,Premium,9999
BLR-HYD,Business,17266
DEL-BOM,Economy,3038
DEL-BOM,Premium,7098
DEL-BOM,Business,13155
DEL-BLR,Economy,4562
DEL-BLR,Premium,9511
DEL-BLR,Business,14179
BOM-BLR,Economy,4682
BOM-BLR,Premium,9963
BOM-BLR,Business,13056
DEL-HYD,Economy,3791
DEL-HYD,Premium,7083
DEL-HYD,Business,11050
BLR-HYD,Economy,5035
BLR-HYD,Premium,7559
BLR-HYD,Business,10526
DEL-BOM,Economy,5781
DEL-BOM,Premium,7016
DEL-BOM,Business,16644
DEL-BLR,Economy,5433
DEL-BLR,Premium,9788
DEL-BLR,Business,11389
BOM-BLR,Economy,3165
BOM-BLR,Premium,8848
BOM-BLR,Business,10213
DEL-HYD,Economy,4111
DEL-HYD,Premium,9534
DEL-HYD,Business,12720
BLR-HYD,Economy,4951
BLR-HYD,Premium,8848
BLR-HYD,Business,17833
DEL-BOM,Economy,5241
DEL-BOM,Business,11895
DEL-BLR,Economy,4986
DEL-BLR,Premium,9144
DEL-BLR,Business,13911
BOM-BLR,Economy,4883
BOM-BLR,Premium,6250
BOM-BLR,Business,10207
DEL-HYD,Economy,3021
DEL-HYD,Premium,9771
DEL-HYD,Business,11560
BLR-HYD,Economy,4266
BLR-HYD,Premium,7927
BLR-HYD,Business,13665
DEL-BOM,Economy,3661
DEL-BOM,Premium,9714
DEL-BOM,Business,16078
DEL-BLR,Economy,3902
DEL-BLR,Premium,6956
DEL-BLR,Business,19579
BOM-BLR,Economy,5579
BOM-BLR,Premium,8994
BOM-BLR,Business,15631
DEL-HYD,Economy,5382
DEL-HYD,Premium,7394
DEL-HYD,Business,10529
BLR-HYD,Economy,5068
BLR-HYD,Premium,9591
BLR-HYD,Business,16477
DEL-BOM,Economy,3374
DEL-BOM,Premium,7851
DEL-BLR,Economy,3837
DEL-BLR,Premium,6260
DEL-BLR,Business,13374
BOM-BLR,Economy,3629
BOM-BLR,Premium,6861
BOM-BLR,Business,15895
DEL-HYD,Economy,5560
DEL-HYD,Premium,7307
DEL-HYD,Business,16116
BLR-HYD,Economy,5352
BLR-HYD,Premium,8203
BLR-HYD,Business,10956
DEL-BOM,Economy,5381
DEL-BOM,Premium,6281
DEL-BOM,Business,15178
DEL-BLR,Economy,4184
DEL-BLR,Premium,6275
DEL-BLR,Business,17473
BOM-BLR,Economy,4208
BOM-BLR,Premium,9499
BOM-BLR,Business,11969
DEL-HYD,Economy,3374
DEL-HYD,Premium,7799
DEL-HYD,Business,19710
BLR-HYD,Economy,4198
BLR-HYD,Premium,9485
BLR-HYD,Business,10986
DEL-BOM,Economy,3344
DEL-BOM,Premium,7999
DEL-BOM,Business,18125
DEL-BLR,Economy,4608
DEL-BLR,Premium,8828
DEL-BLR,Business,19539
BOM-BLR,Economy,3493
BOM-BLR,Premium,7000
BOM-BLR,Business,11367
DEL-HYD,Economy,3454
DEL-HYD,Premium,8190
DEL-HYD,Business,15592
BLR-HYD,Economy,3304
BLR-HYD,Premium,9338
BLR-HYD,Business,12989
DEL-BOM,Economy,4026
DEL-BOM,Premium,8501
DEL-BOM,Business,14399
DEL-BLR,Economy,4763
DEL-BLR,Premium,7349
DEL-BLR,Business,19206
BOM-BLR,Economy,4838
BOM-BLR,Premium,7827
BOM-BLR,Business,10140
DEL-HYD,Economy,4825
DEL-HYD,Premium,9610
DEL-HYD,Business,17311
BLR-HYD,Economy,4443
BLR-HYD,Premium,8691
BLR-HYD,Business,11286
DEL-BOM,Economy,4062
DEL-BOM,Premium,8345
DEL-BOM,Business,11798
DEL-BLR,Economy,4408
DEL-BLR,Premium,8606
DEL-BLR,Business,19435
BOM-BLR,Economy,3520
BOM-BLR,Premium,7660
BOM-BLR,Business,15699
DEL-HYD,Economy,5711
DEL-HYD,Premium,6145
DEL-HYD,Business,19776
BLR-HYD,Economy,4249
BLR-HYD,Premium,9503
BLR-HYD,Business,17622
DEL-BOM,Economy,4546
DEL-BOM,Premium,8556
DEL-BOM,Business,14358
DEL-BLR,Economy,4577
DEL-BLR,Premium,6998
DEL-BLR,Business,11125
BOM-BLR,Economy,5335
BOM-BLR,Premium,7764
BOM-BLR,Business,15472
DEL-HYD,Economy,4093
DEL-HYD,Premium,8875
DEL-HYD,Business,14255
BLR-HYD,Economy,5823
BLR-HYD,Premium,9061
BLR-HYD,Business,18533
DEL-BOM,Economy,4153
DEL-BOM,Premium,7232
DEL-BOM,Business,14211
DEL-BLR,Economy,3661
DEL-BLR,Premium,8665
DEL-BLR,Business,13083
BOM-BLR,Economy,4423
BOM-BLR,Premium,9613
BOM-BLR,Business,19732
DEL-HYD,Economy,4271
DEL-HYD,Premium,6148
DEL-HYD,Business,14895
BLR-HYD,Economy,4012
BLR-HYD,Premium,7686
BLR-HYD,Business,12817
DEL-BOM,Economy,3834
DEL-BOM,Premium,9267
DEL-BOM,Business,14437
DEL-BLR,Economy,3243
DEL-BLR,Premium,8725
BOM-BLR,Economy,3947
BOM-BLR,Premium,9746
BOM-BLR,Business,17373
DEL-HYD,Economy,5001
DEL-HYD,Premium,8869
DEL-HYD,Business,19325
BLR-HYD,Economy,3821
BLR-HYD,Premium,7048
BLR-HYD,Business,12964
DEL-BOM,Economy,4603
DEL-BOM,Premium,9679
DEL-BOM,Business,15947
DEL-BLR,Economy,5719
DEL-BLR,Premium,8710
DEL-BLR,Business,16488
BOM-BLR,Economy,5429
BOM-BLR,Premium,7486
BOM-BLR,Business,15448
DEL-HYD,Economy,3189
DEL-HYD,Premium,8811
DEL-HYD,Business,15671
BLR-HYD,Economy,5148
BLR-HYD,Premium,6419
BLR-HYD,Business,17870
DEL-BOM,Economy,3767
DEL-BOM,Premium,7206
DEL-BOM,Business,14837
DEL-BLR,Economy,5708
DEL-BLR,Premium,7446
DEL-BLR,Business,18433
BOM-BLR,Economy,5020
BOM-BLR,Business,12355
DEL-HYD,Economy,5557
DEL-HYD,Premium,9835
DEL-HYD,Business,16164
BLR-HYD,Economy,5444
BLR-HYD,Premium,6424
BLR-HYD,Business,16172
DEL-BOM,Economy,3241
DEL-BOM,Premium,6758
DEL-BOM,Business,17099
DEL-BLR,Economy,3855
DEL-BLR,Premium,7031
DEL-BLR,Business,17788
BOM-BLR,Economy,3407
BOM-BLR,Premium,6147
BOM-BLR,Business,19866
DEL-HYD,Premium,9562
DEL-HYD,Business,15439
BLR-HYD,Economy,4573
BLR-HYD,Premium,9719
BLR-HYD,Business,13009
DEL-BOM,Economy,3962
DEL-BOM,Premium,7613
DEL-BOM,Business,14285
DEL-BLR,Economy,4801
DEL-BLR,Premium,7511
DEL-BLR,Business,16303
BOM-BLR,Economy,4311
BOM-BLR,Premium,8320
BOM-BLR,Business,14583
DEL-HYD,Economy,3845
DEL-HYD,Premium,8461
DEL-HYD,Business,19759
BLR-HYD,Economy,3038
BLR-HYD,Premium,9468
BLR-HYD,Business,17527
DEL-BOM,Economy,3662
DEL-BOM,Premium,6234
DEL-BOM,Business,13537
DEL-BLR,Economy,5588
DEL-BLR,Premium,9633
DEL-BLR,Business,18652
BOM-BLR,Economy,5468
BOM-BLR,Premium,7653
BOM-BLR,Business,15926
DEL-HYD,Economy,4304
DEL-HYD,Premium,6361
DEL-HYD,Business,19476
BLR-HYD,Economy,3448
BLR-HYD,Premium,9937
BLR-HYD,Business,16445
DEL-BOM,Economy,5984
DEL-BOM,Premium,8979
DEL-BOM,Business,11037
DEL-BLR,Economy,5634
DEL-BLR,Premium,6697
DEL-BLR,Business,19235
BOM-BLR,Economy,5583
BOM-BLR,Premium,9813
BOM-BLR,Business,15891
DEL-HYD,Economy,3940
DEL-HYD,Premium,8745
DEL-HYD,Business,10161
BLR-HYD,Economy,3593
BLR-HYD,Premium,6405
BLR-HYD,Business,15433
DEL-BOM,Economy,5974
DEL-BOM,Premium,7373
DEL-BOM,Business,11136
DEL-BLR,Economy,3970
DEL-BLR,Premium,6160
DEL-BLR,Business,12010
BOM-BLR,Economy,4733
BOM-BLR,Premium,9942
BOM-BLR,Business,18329
DEL-HYD,Economy,4794
DEL-HYD,Premium,8757
DEL-HYD,Business,11449
BLR-HYD,Economy,3921
BLR-HYD,Premium,8096
BLR-HYD,Business,19817
DEL-BOM,Economy,3637
DEL-BOM,Premium,8839
DEL-BOM,Business,10685
DEL-BLR,Economy,3187
DEL-BLR,Premium,6984
DEL-BLR,Business,14713
BOM-BLR,Economy,4365
BOM-BLR,Premium,9291
BOM-BLR,Business,12014
DEL-HYD,Economy,3204
DEL-HYD,Premium,7251
DEL-HYD,Business,12297
BLR-HYD,Economy,4464
BLR-HYD,Premium,9590
BLR-HYD,Business,19135
DEL-BOM,Economy,4449
DEL-BOM,Premium,8189
DEL-BOM,Business,13670
DEL-BLR,Economy,5352
DEL-BLR,Premium,6383
DEL-BLR,Business,17875
BOM-BLR,Economy,5537
BOM-BLR,Premium,7687
BOM-BLR,Business,12090
DEL-HYD,Economy,5470
DEL-HYD,Premium,7517
DEL-HYD,Business,11537
BLR-HYD,Economy,4080
BLR-HYD,Premium,6434
BLR-HYD,Business,18174
DEL-BOM,Economy,4317
DEL-BOM,Premium,7727
DEL-BOM,Business,12324
DEL-BLR,Economy,4177
DEL-BLR,Premium,8261
DEL-BLR,Business,11749
BOM-BLR,Economy,5651
BOM-BLR,Premium,9867
BOM-BLR,Business,15879
DEL-HYD,Economy,4991
DEL-HYD,Premium,8274
DEL-HYD,Business,12426
BLR-HYD,Economy,4450
BLR-HYD,Premium,8551
BLR-HYD,Business,12555
DEL-BOM,Economy,5211
DEL-BOM,Premium,6558
DEL-BOM,Business,16971
DEL-BLR,Premium,6258
DEL-BLR,Business,16629
BOM-BLR,Economy,5267
BOM-BLR,Premium,8975
BOM-BLR,Business,17133
DEL-HYD,Economy,4781
DEL-HYD,Premium,7930
DEL-HYD,Business,15108
BLR-HYD,Economy,3669
BLR-HYD,Premium,7125
BLR-HYD,Business,18004
DEL-BOM,Economy,5178
DEL-BOM,Premium,9737
DEL-BOM,Business,10645
DEL-BLR,Economy,4418
DEL-BLR,Premium,8504
DEL-BLR,Business,19177
BOM-BLR,Economy,5203
BOM-BLR,Premium,7698
BOM-BLR,Business,15433
DEL-HYD,Economy,5326
DEL-HYD,Premium,8884
DEL-HYD,Business,19122
BLR-HYD,Economy,3723
BLR-HYD,Premium,6935
BLR-HYD,Business,16344
DEL-BOM,Economy,3123
DEL-BOM,Premium,8238
DEL-BOM,Business,15925
DEL-BLR,Economy,3532
DEL-BLR,Premium,9373
DEL-BLR,Business,17568
BOM-BLR,Economy,3392
BOM-BLR,Premium,7138
BOM-BLR,Business,11377
DEL-HYD,Economy,5605
DEL-HYD,Premium,6839
DEL-HYD,Business,18472
BLR-HYD,Economy,5903
BLR-HYD,Premium,6661
BLR-HYD,Business,19641
DEL-BOM,Economy,5331
DEL-BOM,Premium,7659
DEL-BOM,Business,14493
DEL-BLR,Economy,3933
DEL-BLR,Premium,6285
DEL-BLR,Business,11762
BOM-BLR,Economy,5269
BOM-BLR,Premium,7799
BOM-BLR,Business,13198
DEL-HYD,Economy,5524
DEL-HYD,Premium,7058
DEL-HYD,Business,11492
BLR-HYD,Economy,4348
BLR-HYD,Premium,9755
BLR-HYD,Business,19168
DEL-BOM,Economy,4031
DEL-BOM,Premium,8379
DEL-BOM,Business,10526
DEL-BLR,Economy,3658
DEL-BLR,Premium,8580
DEL-BLR,Business,13740
BOM-BLR,Economy,3131
BOM-BLR,Premium,6771
BOM-BLR,Business,10193
DEL-HYD,Economy,5394
DEL-HYD,Premium,9333
DEL-HYD,Business,14875
BLR-HYD,Economy,3729
BLR-HYD,Premium,9520
BLR-HYD,Business,15410
DEL-BOM,Economy,5796
DEL-BOM,Premium,6997
DEL-BOM,Business,14650
DEL-BLR,Economy,3891
DEL-BLR,Premium,9828
DEL-BLR,Business,16376
BOM-BLR,Economy,4367
BOM-BLR,Premium,7812
BOM-BLR,Business,15670
DEL-HYD,Economy,4727
DEL-HYD,Premium,7356
DEL-HYD,Business,18210
BLR-HYD,Economy,3583
BLR-HYD,Premium,9311
BLR-HYD,Business,10987
DEL-BOM,Economy,3858
DEL-BOM,Premium,9760
DEL-BOM,Business,14033
DEL-BLR,Economy,3989
DEL-BLR,Premium,9730
DEL-BLR,Business,13808
BOM-BLR,Economy,5702
BOM-BLR,Premium,6201
BOM-BLR,Business,19101
DEL-HYD,Economy,5760
DEL-HYD,Premium,9155
DEL-HYD,Business,16439
BLR-HYD,Economy,4104
BLR-HYD,Premium,9033
BLR-HYD,Business,14318
DEL-BOM,Economy,4431
DEL-BOM,Premium,7461
DEL-BOM,Business,13500
DEL-BLR,Economy,5120
DEL-BLR,Premium,7823
DEL-BLR,Business,13134
BOM-BLR,Economy,3359
BOM-BLR,Premium,7943
BOM-BLR,Business,13267
DEL-HYD,Economy,4591
DEL-HYD,Premium,9740
DEL-HYD,Business,15546
BLR-HYD,Economy,5442
BLR-HYD,Premium,7415
BLR-HYD,Business,11054
DEL-BOM,Economy,4648
DEL-BOM,Premium,7399
DEL-BOM,Business,17939
DEL-BLR,Economy,4178
DEL-BLR,Premium,8309
DEL-BLR,Business,14009
BOM-BLR,Economy,5172
BOM-BLR,Premium,7731
BOM-BLR,Business,14154
DEL-HYD,Economy,5685
DEL-HYD,Premium,6067
DEL-HYD,Business,18556
BLR-HYD,Economy,3820
BLR-HYD,Premium,7377
BLR-HYD,Business,10340
DEL-BOM,Economy,3382
DEL-BOM,Premium,6358
DEL-BOM,Business,19495
DEL-BLR,Economy,5530
DEL-BLR,Premium,6995
DEL-BLR,Business,16905
BOM-BLR,Economy,3164
BOM-BLR,Premium,6656
BOM-BLR,Business,16207
DEL-HYD,Economy,4140
DEL-HYD,Premium,9630
DEL-HYD,Business,10475
BLR-HYD,Economy,3976
BLR-HYD,Premium,9595
BLR-HYD,Business,15867
DEL-BOM,Economy,3863
DEL-BOM,Premium,9488
DEL-BOM,Business,12808
DEL-BLR,Economy,4972
DEL-BLR,Premium,7970
DEL-BLR,Business,14258
BOM-BLR,Economy,5558
BOM-BLR,Premium,9920
BOM-BLR,Business,17742
DEL-HYD,Economy,4346
DEL-HYD,Premium,9565
DEL-HYD,Business,14117
BLR-HYD,Economy,4749
BLR-HYD,Premium,7833
BLR-HYD,Business,14152
DEL-BOM,Economy,3018
DEL-BOM,Premium,8694
DEL-BOM,Business,16144
DEL-BLR,Economy,4572
DEL-BLR,Premium,9199
DEL-BLR,Business,13175
BOM-BLR,Economy,3801
BOM-BLR,Premium,7381
BOM-BLR,Business,15409
DEL-HYD,Economy,5130
DEL-HYD,Premium,8983
DEL-HYD,Business,17547
BLR-HYD,Economy,5369
BLR-HYD,Premium,8158
BLR-HYD,Business,12951
DEL-BOM,Economy,4590
DEL-BOM,Premium,8960
DEL-BOM,Business,17480
DEL-BLR,Economy,5773
DEL-BLR,Premium,7469
DEL-BLR,Business,19779
BOM-BLR,Economy,3159
BOM-BLR,Premium,6052
BOM-BLR,Business,15590
DEL-HYD,Economy,4489
DEL-HYD,Premium,9831
DEL-HYD,Business,19456
BLR-HYD,Economy,4809
BLR-HYD,Premium,6817
BLR-HYD,Business,19080
DEL-BOM,Economy,4180
DEL-BOM,Premium,7642
DEL-BOM,Business,15571
DEL-BLR,Economy,5958
DEL-BLR,Premium,8671
DEL-BLR,Business,18662
BOM-BLR,Economy,3928
BOM-BLR,Premium,6022
BOM-BLR,Business,19120
DEL-HYD,Economy,3522
DEL-HYD,Premium,6532
DEL-HYD,Business,11124
BLR-HYD,Economy,5918
BLR-HYD,Premium,9374
BLR-HYD,Business,15355
DEL-BOM,Economy,3891
DEL-BOM,Premium,8788
DEL-BOM,Business,14424
DEL-BLR,Economy,4482
DEL-BLR,Premium,7878
DEL-BLR,Business,17430
BOM-BLR,Economy,5321
BOM-BLR,Premium,8535
BOM-BLR,Business,10234
DEL-HYD,Economy,5096
DEL-HYD,Premium,9886
DEL-HYD,Business,13748
BLR-HYD,Economy,4815
BLR-HYD,Premium,9209
BLR-HYD,Business,12661
DEL-BOM,Economy,3883
DEL-BOM,Premium,8277
DEL-BOM,Business,12745
DEL-BLR,Economy,4705
DEL-BLR,Premium,9205
DEL-BLR,Business,14025
BOM-BLR,Economy,5803
BOM-BLR,Premium,6719
BOM-BLR,Business,14552
DEL-HYD,Economy,3330
DEL-HYD,Premium,9996
DEL-HYD,Business,13276
BLR-HYD,Economy,4147
BLR-HYD,Premium,7127
BLR-HYD,Business,19171
DEL-BOM,Economy,5587
DEL-BOM,Premium,7113
DEL-BOM,Business,17468
DEL-BLR,Economy,5314
DEL-BLR,Premium,7006
DEL-BLR,Business,11072
BOM-BLR,Economy,5611
BOM-BLR,Premium,6158
BOM-BLR,Business,17763
DEL-HYD,Economy,5408
DEL-HYD,Premium,8993
DEL-HYD,Business,15241
BLR-HYD,Economy,4581
BLR-HYD,Premium,8493
BLR-HYD,Business,11932
DEL-BOM,Economy,3989
DEL-BOM,Premium,9306
DEL-BOM,Business,19738
DEL-BLR,Economy,4691
DEL-BLR,Premium,6579
DEL-BLR,Business,17866
BOM-BLR,Economy,5493
BOM-BLR,Premium,7624
BOM-BLR,Business,19475
DEL-HYD,Premium,6618
DEL-HYD,Business,15366
BLR-HYD,Economy,5409
BLR-HYD,Premium,9498
BLR-HYD,Business,15973
DEL-BOM,Economy,3085
DEL-BOM,Premium,9583
DEL-BOM,Business,14967
DEL-BLR,Economy,5503
DEL-BLR,Premium,9226
DEL-BLR,Business,12787
BOM-BLR,Economy,4461
BOM-BLR,Premium,7522
BOM-BLR,Business,14422
DEL-HYD,Economy,3979
DEL-HYD,Premium,9088
DEL-HYD,Business,10692
BLR-HYD,Economy,4105
BLR-HYD,Premium,9129
BLR-HYD,Business,13786
DEL-BOM,Economy,3104
DEL-BOM,Premium,9063
DEL-BOM,Business,17423
DEL-BLR,Economy,5871
DEL-BLR,Premium,8329
DEL-BLR,Business,16297
BOM-BLR,Economy,3404
BOM-BLR,Premium,6083
BOM-BLR,Business,16696
DEL-HYD,Economy,3111
DEL-HYD,Premium,6270
DEL-HYD,Business,13607
BLR-HYD,Economy,3289
BLR-HYD,Premium,8924
BLR-HYD,Business,17997
DEL-BOM,Economy,3824
DEL-BOM,Premium,7380
DEL-BOM,Business,13156
DEL-BLR,Economy,3211
DEL-BLR,Premium,7838
DEL-BLR,Business,16028
BOM-BLR,Economy,4849
BOM-BLR,Premium,7135
BOM-BLR,Business,17214
DEL-HYD,Economy,5551
DEL-HYD,Premium,8800
DEL-HYD,Business,13273
BLR-HYD,Economy,3442
BLR-HYD,Premium,8773
BLR-HYD,Business,10152
DEL-BOM,Economy,5964
DEL-BOM,Premium,7752
DEL-BOM,Business,17361
DEL-BLR,Economy,4914
DEL-BLR,Premium,6166
DEL-BLR,Business,13489
BOM-BLR,Economy,5524
BOM-BLR,Premium,7363
BOM-BLR,Business,11903
DEL-HYD,Economy,5156
DEL-HYD,Premium,9854
DEL-HYD,Business,17619
BLR-HYD,Economy,3368
BLR-HYD,Premium,6077
BLR-HYD,Business,16871
DEL-BOM,Economy,5972
DEL-BOM,Business,11855
DEL-BLR,Economy,5763
DEL-BLR,Premium,9160
DEL-BLR,Business,19729
BOM-BLR,Economy,3882
BOM-BLR,Premium,9277
BOM-BLR,Business,14595
DEL-HYD,Economy,3112
DEL-HYD,Premium,7924
DEL-HYD,Business,18708
BLR-HYD,Economy,4947
BLR-HYD,Premium,9130
BLR-HYD,Business,13560
DEL-BOM,Economy,3725
DEL-BOM,Premium,8336
DEL-BOM,Business,16358
DEL-BLR,Premium,8385
DEL-BLR,Business,16361
BOM-BLR,Economy,4692
BOM-BLR,Premium,9641
BOM-BLR,Business,13802
DEL-HYD,Economy,5434
DEL-HYD,Premium,6207
BLR-HYD,Economy,4962
BLR-HYD,Premium,6949
BLR-HYD,Business,13554
DEL-BOM,Economy,4437
DEL-BOM,Premium,7742
DEL-BOM,Business,17519
DEL-BLR,Economy,3744
DEL-BLR,Premium,8305
DEL-BLR,Business,16409
BOM-BLR,Economy,3661
BOM-BLR,Premium,7271
BOM-BLR,Business,14120
DEL-HYD,Economy,4472
DEL-HYD,Premium,6816
DEL-HYD,Business,17817
BLR-HYD,Economy,5093
BLR-HYD,Premium,6175
BLR-HYD,Business,11818
DEL-BOM,Economy,3689
DEL-BOM,Premium,9995
DEL-BOM,Business,18089
DEL-BLR,Economy,4271
DEL-BLR,Premium,8217
DEL-BLR,Business,18342
BOM-BLR,Economy,4503
BOM-BLR,Premium,8040
BOM-BLR,Business,14897
DEL-HYD,Economy,5250
DEL-HYD,Premium,7184
DEL-HYD,Business,19519
BLR-HYD,Economy,4361
BLR-HYD,Premium,8636
BLR-HYD,Business,10602
DEL-BOM,Economy,3690
DEL-BOM,Premium,6389
DEL-BOM,Business,14027
DEL-BLR,Economy,5912
DEL-BLR,Premium,9258
DEL-BLR,Business,15307
BOM-BLR,Economy,5467
BOM-BLR,Premium,8139
BOM-BLR,Business,17352
DEL-HYD,Economy,3255
DEL-HYD,Premium,8135
DEL-HYD,Business,18312
BLR-HYD,Economy,4637
BLR-HYD,Premium,8032
BLR-HYD,Business,12668
DEL-BOM,Economy,4619
DEL-BOM,Premium,6195
DEL-BOM,Business,13606
DEL-BLR,Economy,3276
DEL-BLR,Premium,7334
DEL-BLR,Business,16121
BOM-BLR,Economy,3313
BOM-BLR,Premium,7029
BOM-BLR,Business,10086
DEL-HYD,Economy,5518
DEL-HYD,Premium,8504
DEL-HYD,Business,11647
BLR-HYD,Economy,4068
BLR-HYD,Premium,6484
BLR-HYD,Business,14384
DEL-BOM,Economy,3720
DEL-BOM,Premium,8030
DEL-BOM,Business,17178
DEL-BLR,Economy,5294
DEL-BLR,Premium,7687
DEL-BLR,Business,13360
BOM-BLR,Economy,5242
BOM-BLR,Premium,7377
BOM-BLR,Business,14188
DEL-HYD,Economy,3238
DEL-HYD,Premium,6294
DEL-HYD,Business,15388
BLR-HYD,Premium,7126
BLR-HYD,Business,18442
DEL-BOM,Economy,5588
DEL-BOM,Premium,7096
DEL-BOM,Business,19579
DEL-BLR,Economy,5677
DEL-BLR,Premium,6658
DEL-BLR,Business,14994
BOM-BLR,Economy,5989
BOM-BLR,Premium,6383
BOM-BLR,Business,12763
DEL-HYD,Economy,5339
DEL-HYD,Premium,9120
DEL-HYD,Business,12604
BLR-HYD,Economy,3531
BLR-HYD,Premium,6002
BLR-HYD,Business,15626
DEL-BOM,Economy,4907
DEL-BOM,Premium,7085
DEL-BOM,Business,10670
DEL-BLR,Economy,4505
DEL-BLR,Premium,7159
DEL-BLR,Business,12854
BOM-BLR,Economy,5532
BOM-BLR,Premium,6582
BOM-BLR,Business,11925
DEL-HYD,Economy,5448
DEL-HYD,Premium,9647
DEL-HYD,Business,19897
BLR-HYD,Economy,5314
BLR-HYD,Premium,7082
BLR-HYD,Business,11629
DEL-BOM,Economy,5347
DEL-BOM,Premium,9801
DEL-BOM,Business,10857
DEL-BLR,Economy,3657
DEL-BLR,Premium,6238
DEL-BLR,Business,16111
BOM-BLR,Economy,3922
BOM-BLR,Premium,7230
BOM-BLR,Business,19555
DEL-HYD,Economy,5387
DEL-HYD,Premium,6768
DEL-HYD,Business,14500
BLR-HYD,Economy,4614
BLR-HYD,Premium,6689
BLR-HYD,Business,10365
DEL-BOM,Economy,3454
DEL-BOM,Premium,7205
DEL-BOM,Business,19867
DEL-BLR,Economy,3956
DEL-BLR,Premium,7474
BOM-BLR,Economy,4904
BOM-BLR,Premium,6507
BOM-BLR,Business,10919
DEL-HYD,Economy,3991
DEL-HYD,Premium,7231
DEL-HYD,Business,10067
BLR-HYD,Economy,4564
BLR-HYD,Premium,6572
BLR-HYD,Business,12258
DEL-BOM,Economy,4943
DEL-BOM,Premium,6900
DEL-BOM,Business,15232
DEL-BLR,Economy,4944
DEL-BLR,Premium,8961
DEL-BLR,Business,17031
BOM-BLR,Economy,5324
BOM-BLR,Premium,6570
BOM-BLR,Business,16982
DEL-HYD,Economy,5240
DEL-HYD,Premium,9825
DEL-HYD,Business,13505
BLR-HYD,Economy,3433
BLR-HYD,Premium,6206
BLR-HYD,Business,17389
DEL-BOM,Economy,5690
DEL-BOM,Premium,6012
DEL-BOM,Business,12789
DEL-BLR,Economy,4610
DEL-BLR,Premium,9079
DEL-BLR,Business,16582
BOM-BLR,Economy,3941
BOM-BLR,Premium,9116
BOM-BLR,Business,17382
DEL-HYD,Economy,4534
DEL-HYD,Premium,6464
DEL-HYD,Business,11230
BLR-HYD,Economy,3884
BLR-HYD,Premium,7654
BLR-HYD,Business,19116
DEL-BOM,Economy,3493
DEL-BOM,Premium,8617
DEL-BOM,Business,12775
DEL-BLR,Economy,5975
DEL-BLR,Premium,7831
DEL-BLR,Business,11942
BOM-BLR,Economy,4930
BOM-BLR,Business,17587
DEL-HYD,Economy,4036
DEL-HYD,Premium,7983
DEL-HYD,Business,17542
BLR-HYD,Economy,5011
BLR-HYD,Premium,9199
BLR-HYD,Business,15462
DEL-BOM,Economy,5782
DEL-BOM,Premium,8153
DEL-BOM,Business,15208
DEL-BLR,Economy,3529
DEL-BLR,Premium,8153
DEL-BLR,Business,17692
BOM-BLR,Economy,5440
BOM-BLR,Premium,7743
BOM-BLR,Business,10226
DEL-HYD,Economy,5959
DEL-HYD,Premium,8877
DEL-HYD,Business,12032
BLR-HYD,Economy,3978
BLR-HYD,Premium,6309
BLR-HYD,Business,11695
DEL-BOM,Economy,5167
DEL-BOM,Premium,7260
DEL-BOM,Business,16855
DEL-BLR,Economy,4853
DEL-BLR,Premium,6386
DEL-BLR,Business,15918
BOM-BLR,Economy,4278
BOM-BLR,Premium,7960
BOM-BLR,Business,16531
DEL-HYD,Economy,5686
DEL-HYD,Premium,8764
DEL-HYD,Business,10910
BLR-HYD,Economy,4351
BLR-HYD,Premium,7799
BLR-HYD,Business,18102
DEL-BOM,Economy,4496
DEL-BOM,Premium,6721
DEL-BOM,Business,16751
DEL-BLR,Economy,5828
DEL-BLR,Premium,8983
DEL-BLR,Business,12761
BOM-BLR,Economy,5526
BOM-BLR,Premium,8355
BOM-BLR,Business,13791
DEL-HYD,Economy,4806
DEL-HYD,Premium,7690
DEL-HYD,Business,17850
BLR-HYD,Economy,5320
BLR-HYD,Premium,9478
BLR-HYD,Business,18100
DEL-BOM,Economy,4735
DEL-BOM,Premium,8903
DEL-BOM,Business,11874
DEL-BLR,Economy,3667
DEL-BLR,Premium,7051
DEL-BLR,Business,17411
BOM-BLR,Economy,5224
BOM-BLR,Business,11517
DEL-HYD,Economy,4209
DEL-HYD,Premium,8042
DEL-HYD,Business,12863
BLR-HYD,Economy,5656
BLR-HYD,Premium,9563
BLR-HYD,Business,10183
DEL-BOM,Economy,5519
DEL-BOM,Premium,7602
DEL-BOM,Business,11096
DEL-BLR,Economy,3915
DEL-BLR,Premium,7218
DEL-BLR,Business,16305
BOM-BLR,Economy,3433
BOM-BLR,Premium,8230
BOM-BLR,Business,19793
DEL-HYD,Economy,3148
DEL-HYD,Premium,8493
DEL-HYD,Business,18185
BLR-HYD,Economy,3947
BLR-HYD,Premium,6983
BLR-HYD,Business,17279
DEL-BOM,Economy,4326
DEL-BOM,Premium,6660
DEL-BOM,Business,17409
DEL-BLR,Economy,3344
DEL-BLR,Premium,8052
DEL-BLR,Business,14538
BOM-BLR,Economy,3584
BOM-BLR,Premium,8866
BOM-BLR,Business,10890
DEL-HYD,Economy,4461
DEL-HYD,Premium,6614
DEL-HYD,Business,11587
BLR-HYD,Economy,4611
BLR-HYD,Premium,7636
BLR-HYD,Business,16837
DEL-BOM,Economy,3404
DEL-BOM,Premium,8658
DEL-BOM,Business,15904
DEL-BLR,Economy,5037
DEL-BLR,Premium,6495
DEL-BLR,Business,16509
BOM-BLR,Economy,4262
BOM-BLR,Premium,7776
BOM-BLR,Business,17984
DEL-HYD,Economy,4953
DEL-HYD,Premium,9603
DEL-HYD,Business,16289
BLR-HYD,Economy,5832
BLR-HYD,Premium,8431
BLR-HYD,Business,11003
DEL-BOM,Economy,5466
DEL-BOM,Premium,9999
DEL-BOM,Business,16524
DEL-BLR,Economy,5410
DEL-BLR,Premium,9235
DEL-BLR,Business,13907
BOM-BLR,Economy,3186
BOM-BLR,Premium,7411
BOM-BLR,Business,12284
DEL-HYD,Economy,3770
DEL-HYD,Premium,8206
DEL-HYD,Business,16726
BLR-HYD,Economy,5418
BLR-HYD,Premium,7481
BLR-HYD,Business,10422
DEL-BOM,Economy,3170
DEL-BOM,Premium,8397
DEL-BOM,Business,13075
DEL-BLR,Economy,5966
DEL-BLR,Premium,7913
DEL-BLR,Business,13962
BOM-BLR,Economy,3810
BOM-BLR,Premium,7475
BOM-BLR,Business,17701
DEL-HYD,Economy,4903
DEL-HYD,Premium,9387
DEL-HYD,Business,19032
BLR-HYD,Economy,3713
BLR-HYD,Premium,9118
BLR-HYD,Business,12017
DEL-BOM,Economy,3494
DEL-BOM,Premium,6374
DEL-BOM,Business,18307
DEL-BLR,Premium,8452
DEL-BLR,Business,13792
BOM-BLR,Economy,4599
BOM-BLR,Premium,6783
BOM-BLR,Business,18378
DEL-HYD,Economy,5703
DEL-HYD,Premium,8351
DEL-HYD,Business,15877
BLR-HYD,Economy,3826
BLR-HYD,Premium,9334
BLR-HYD,Business,12059
DEL-BOM,Economy,4789
DEL-BOM,Premium,6464
DEL-BOM,Business,10089
DEL-BLR,Economy,5843
DEL-BLR,Premium,7805
DEL-BLR,Business,13195
BOM-BLR,Economy,5844
BOM-BLR,Premium,9858
BOM-BLR,Business,17478
DEL-HYD,Economy,4683
DEL-HYD,Premium,9969
DEL-HYD,Business,10044
BLR-HYD,Economy,3470
BLR-HYD,Premium,7891
BLR-HYD,Business,17910
DEL-BOM,Economy,4573
DEL-BOM,Premium,6147
DEL-BOM,Business,11873
DEL-BLR,Premium,7977
DEL-BLR,Business,15929
BOM-BLR,Economy,3617
BOM-BLR,Premium,8525
BOM-BLR,Business,15308
DEL-HYD,Economy,4362
DEL-HYD,Premium,7907
DEL-HYD,Business,18151
BLR-HYD,Economy,4887
BLR-HYD,Premium,6244
BLR-HYD,Business,10886
DEL-BOM,Economy,5051
DEL-BOM,Premium,9792
DEL-BOM,Business,15300
DEL-BLR,Economy,5758
DEL-BLR,Premium,9367
DEL-BLR,Business,10011
BOM-BLR,Economy,5928
BOM-BLR,Premium,7921
BOM-BLR,Business,14873
DEL-HYD,Economy,3807
DEL-HYD,Premium,6553
DEL-HYD,Business,11260
BLR-HYD,Economy,3184
BLR-HYD,Premium,7576
BLR-HYD,Business,17240
DEL-BOM,Economy,4881
DEL-BOM,Premium,9809
DEL-BOM,Business,11409
DEL-BLR,Economy,3568
DEL-BLR,Business,13977
BOM-BLR,Economy,5893
BOM-BLR,Premium,7151
BOM-BLR,Business,14131
DEL-HYD,Economy,4443
DEL-HYD,Premium,6163
DEL-HYD,Business,18671
BLR-HYD,Economy,3122
BLR-HYD,Premium,7485
BLR-HYD,Business,17148
DEL-BOM,Economy,5364
DEL-BOM,Premium,9472
DEL-BOM,Business,10609
DEL-BLR,Economy,5156
DEL-BLR,Premium,8815
DEL-BLR,Business,11268
BOM-BLR,Economy,4378
BOM-BLR,Premium,8237
BOM-BLR,Business,16394
DEL-HYD,Economy,4668
DEL-HYD,Premium,7964
DEL-HYD,Business,18832
BLR-HYD,Economy,4878
BLR-HYD,Premium,7367
BLR-HYD,Business,12575
DEL-BOM,Economy,4581
DEL-BOM,Premium,9508
DEL-BOM,Business,19043
DEL-BLR,Economy,3007
DEL-BLR,Premium,8235
DEL-BLR,Business,13144
BOM-BLR,Economy,4795
BOM-BLR,Premium,6170
BOM-BLR,Business,11499
DEL-HYD,Economy,5158
DEL-HYD,Premium,9823
DEL-HYD,Business,10923
BLR-HYD,Economy,4043
BLR-HYD,Premium,6779
BLR-HYD,Business,12657
DEL-BOM,Economy,4471
DEL-BOM,Premium,7392
DEL-BOM,Business,11466
DEL-BLR,Economy,4966
DEL-BLR,Premium,9388
DEL-BLR,Business,18106
BOM-BLR,Economy,4652
BOM-BLR,Premium,7912
BOM-BLR,Business,13637
DEL-HYD,Economy,3259
DEL-HYD,Premium,6365
DEL-HYD,Business,17707
BLR-HYD,Economy,3312
BLR-HYD,Premium,8912
BLR-HYD,Business,10272
DEL-BOM,Economy,5547
DEL-BOM,Premium,8039
DEL-BOM,Business,16719
DEL-BLR,Economy,5264
DEL-BLR,Premium,9793
DEL-BLR,Business,10390
BOM-BLR,Economy,3741
BOM-BLR,Premium,8996
BOM-BLR,Business,10643
DEL-HYD,Economy,3501
DEL-HYD,Premium,8525
DEL-HYD,Business,18947
BLR-HYD,Economy,4834
BLR-HYD,Premium,9729
BLR-HYD,Business,18750
DEL-BOM,Economy,5307
DEL-BOM,Premium,9110
DEL-BOM,Business,15185
DEL-BLR,Economy,5315
DEL-BLR,Premium,6441
DEL-BLR,Business,17211
BOM-BLR,Economy,5645
BOM-BLR,Premium,9837
BOM-BLR,Business,17396
DEL-HYD,Economy,3861
DEL-HYD,Premium,6404
DEL-HYD,Business,11725
BLR-HYD,Economy,3270
BLR-HYD,Premium,6273
BLR-HYD,Business,19963
DEL-BOM,Economy,4444
DEL-BOM,Business,12181
DEL-BLR,Economy,5550
DEL-BLR,Premium,9981
DEL-BLR,Business,19846
BOM-BLR,Economy,3264
BOM-BLR,Premium,9524
BOM-BLR,Business,11353
DEL-HYD,Economy,3889
DEL-HYD,Premium,7902
DEL-HYD,Business,18220
BLR-HYD,Economy,4419
BLR-HYD,Premium,8567
BLR-HYD,Business,16019
DEL-BOM,Economy,3596
DEL-BOM,Premium,9266
DEL-BOM,Business,11016
DEL-BLR,Economy,5062
DEL-BLR,Premium,9479
DEL-BLR,Business,19706
BOM-BLR,Economy,4735
BOM-BLR,Premium,9416
BOM-BLR,Business,13917
DEL-HYD,Economy,3419
DEL-HYD,Premium,8030
DEL-HYD,Business,19356
BLR-HYD,Economy,4869
BLR-HYD,Premium,7079
BLR-HYD,Business,17235
DEL-BOM,Economy,4272
DEL-BOM,Premium,6903
DEL-BOM,Business,13340
DEL-BLR,Economy,3147
DEL-BLR,Premium,7089
DEL-BLR,Business,14683
BOM-BLR,Economy,4784
BOM-BLR,Premium,6998
BOM-BLR,Business,19643
DEL-HYD,Economy,5986
DEL-HYD,Premium,8123
DEL-HYD,Business,11312
BLR-HYD,Economy,4563
BLR-HYD,Premium,7634
BLR-HYD,Business,11366
DEL-BOM,Economy,5709
DEL-BOM,Premium,6684
DEL-BOM,Business,16040
DEL-BLR,Economy,4669
DEL-BLR,Premium,9946
DEL-BLR,Business,10490
BOM-BLR,Economy,4878
BOM-BLR,Premium,8662
BOM-BLR,Business,15585
DEL-HYD,Economy,4326
DEL-HYD,Premium,7073
DEL-HYD,Business,14340
BLR-HYD,Economy,5580
BLR-HYD,Premium,9248
BLR-HYD,Business,11985
DEL-BOM,Economy,3057
DEL-BOM,Premium,9068
DEL-BOM,Business,11677
DEL-BLR,Economy,4191
DEL-BLR,Premium,7248
DEL-BLR,Business,17036
BOM-BLR,Economy,4772
BOM-BLR,Business,10220
DEL-HYD,Economy,4942
DEL-HYD,Premium,8888
DEL-HYD,Business,11871
BLR-HYD,Economy,4462
BLR-HYD,Premium,9717
BLR-HYD,Business,16191
DEL-BOM,Economy,5334
DEL-BOM,Premium,8803
DEL-BOM,Business,10478
DEL-BLR,Economy,3515
DEL-BLR,Premium,7160
DEL-BLR,Business,17778
BOM-BLR,Economy,4092
BOM-BLR,Premium,7681
BOM-BLR,Business,15033
DEL-HYD,Economy,4118
DEL-HYD,Premium,6520
DEL-HYD,Business,17465
BLR-HYD,Economy,4187
BLR-HYD,Premium,9579
BLR-HYD,Business,19973
DEL-BOM,Economy,3571
DEL-BOM,Premium,7510
DEL-BOM,Business,14086
DEL-BLR,Economy,3798
DEL-BLR,Premium,9084
DEL-BLR,Business,12933
BOM-BLR,Economy,4215
BOM-BLR,Premium,6893
BOM-BLR,Business,12263
DEL-HYD,Economy,5371
DEL-HYD,Premium,8317
DEL-HYD,Business,11167
BLR-HYD,Economy,4013
BLR-HYD,Premium,9663
BLR-HYD,Business,12220
DEL-BOM,Economy,5593
DEL-BOM,Business,17037
DEL-BLR,Economy,3898
DEL-BLR,Premium,9673
DEL-BLR,Business,11894
BOM-BLR,Economy,4351
BOM-BLR,Premium,8952
BOM-BLR,Business,11335
DEL-HYD,Economy,3378
DEL-HYD,Premium,8330
DEL-HYD,Business,15417
BLR-HYD,Economy,3689
BLR-HYD,Premium,7722
BLR-HYD,Business,16146
DEL-BOM,Economy,4710
DEL-BOM,Premium,7391
DEL-BOM,Business,15969
DEL-BLR,Economy,3717
DEL-BLR,Premium,9098
DEL-BLR,Business,17943
BOM-BLR,Economy,3386
BOM-BLR,Premium,7511
BOM-BLR,Business,11907
DEL-HYD,Economy,4024
DEL-HYD,Premium,9420
DEL-HYD,Business,15596
BLR-HYD,Economy,5812
BLR-HYD,Premium,9418
BLR-HYD,Business,17951
DEL-BOM,Economy,5681
DEL-BOM,Business,11505
DEL-BLR,Economy,5640
DEL-BLR,Premium,7551
DEL-BLR,Business,18042
BOM-BLR,Economy,5879
BOM-BLR,Premium,6156
BOM-BLR,Business,17104
DEL-HYD,Economy,5144
DEL-HYD,Premium,9153
DEL-HYD,Business,11128
BLR-HYD,Economy,5365
BLR-HYD,Premium,8921
BLR-HYD,Business,12741
DEL-BOM,Economy,3228
DEL-BOM,Premium,7102
DEL-BOM,Business,12809
DEL-BLR,Economy,3825
DEL-BLR,Premium,9846
DEL-BLR,Business,18243
BOM-BLR,Economy,5410
BOM-BLR,Premium,7786
BOM-BLR,Business,13199
DEL-HYD,Economy,5007
DEL-HYD,Premium,7407
DEL-HYD,Business,18802
BLR-HYD,Economy,5333
BLR-HYD,Premium,8472
BLR-HYD,Business,17325
DEL-BOM,Economy,5449
DEL-BOM,Premium,6397
DEL-BOM,Business,11910
DEL-BLR,Economy,5616
DEL-BLR,Premium,8944
DEL-BLR,Business,19088
BOM-BLR,Economy,4972
BOM-BLR,Premium,7077
BOM-BLR,Business,10585
DEL-HYD,Economy,3534
DEL-HYD,Premium,7870
DEL-HYD,Business,15325
BLR-HYD,Economy,4039
BLR-HYD,Premium,7033
BLR-HYD,Business,11861
DEL-BOM,Economy,5847
DEL-BOM,Premium,8258
DEL-BOM,Business,15398
DEL-BLR,Economy,4433
DEL-BLR,Premium,8841
DEL-BLR,Business,18895
BOM-BLR,Economy,4590
BOM-BLR,Premium,6805
BOM-BLR,Business,12460
DEL-HYD,Economy,4632
DEL-HYD,Premium,8562
DEL-HYD,Business,13114
BLR-HYD,Economy,3616
BLR-HYD,Premium,7759
BLR-HYD,Business,14321
DEL-BOM,Economy,4763
DEL-BOM,Premium,9698
DEL-BOM,Business,14151
DEL-BLR,Economy,5079
DEL-BLR,Premium,9903
DEL-BLR,Business,16257
BOM-BLR,Economy,5491
BOM-BLR,Premium,6100
BOM-BLR,Business,10343
DEL-HYD,Economy,3365
DEL-HYD,Premium,8276
DEL-HYD,Business,19533
BLR-HYD,Economy,5883
BLR-HYD,Premium,7117
BLR-HYD,Business,10924
DEL-BOM,Economy,3585
DEL-BOM,Premium,6495
DEL-BOM,Business,12120
DEL-BLR,Economy,3156
DEL-BLR,Premium,8154
DEL-BLR,Business,14626
BOM-BLR,Economy,4971
BOM-BLR,Premium,9504
BOM-BLR,Business,10786
DEL-HYD,Economy,5027
DEL-HYD,Premium,7898
DEL-HYD,Business,13783
BLR-HYD,Economy,5915
BLR-HYD,Premium,8349
BLR-HYD,Business,16965
DEL-BOM,Economy,4152
DEL-BOM,Premium,6143
DEL-BOM,Business,16031
DEL-BLR,Economy,4359
DEL-BLR,Premium,6089
DEL-BLR,Business,10300
BOM-BLR,Economy,4459
BOM-BLR,Premium,6619
BOM-BLR,Business,16048
DEL-HYD,Economy,4751
DEL-HYD,Premium,7959
DEL-HYD,Business,16447
BLR-HYD,Economy,5177
BLR-HYD,Premium,7206
BLR-HYD,Business,12721
DEL-BOM,Economy,4532
DEL-BOM,Premium,9089
DEL-BOM,Business,13122
DEL-BLR,Economy,3479
DEL-BLR,Premium,8666
DEL-BLR,Business,16666
BOM-BLR,Economy,3191
BOM-BLR,Premium,9342
BOM-BLR,Business,14500
DEL-HYD,Economy,4172
DEL-HYD,Premium,6471
DEL-HYD,Business,17670
BLR-HYD,Economy,5825
BLR-HYD,Premium,9240
BLR-HYD,Business,19154
DEL-BOM,Economy,5827
DEL-BOM,Premium,6865
DEL-BOM,Business,10018
DEL-BLR,Economy,4104
DEL-BLR,Premium,6636
DEL-BLR,Business,12567
BOM-BLR,Economy,5683
BOM-BLR,Premium,8259
BOM-BLR,Business,19065
DEL-HYD,Economy,3751
DEL-HYD,Premium,7329
DEL-HYD,Business,15413
BLR-HYD,Economy,3085
BLR-HYD,Premium,6377
BLR-HYD,Business,19111
DEL-BOM,Economy,5313
DEL-BOM,Premium,7405
DEL-BOM,Business,14920
DEL-BLR,Economy,4995
DEL-BLR,Premium,6109
DEL-BLR,Business,18216
BOM-BLR,Economy,5838
BOM-BLR,Premium,7917
BOM-BLR,Business,16401
DEL-HYD,Economy,5734
DEL-HYD,Premium,6881
DEL-HYD,Business,12135
BLR-HYD,Economy,4565
BLR-HYD,Premium,6435
BLR-HYD,Business,13235
DEL-BOM,Economy,3942
DEL-BOM,Premium,8257
DEL-BOM,Business,13381
DEL-BLR,Economy,5187
DEL-BLR,Premium,7927
DEL-BLR,Business,15533
BOM-BLR,Economy,4362
BOM-BLR,Premium,8938
BOM-BLR,Business,11131
DEL-HYD,Economy,5641
DEL-HYD,Premium,9033
DEL-HYD,Business,15307
BLR-HYD,Economy,5591
BLR-HYD,Premium,9530
BLR-HYD,Business,10654
DEL-BOM,Economy,3759
DEL-BOM,Premium,6415
DEL-BOM,Business,16154
DEL-BLR,Economy,3025
DEL-BLR,Premium,7876
DEL-BLR,Business,12682
BOM-BLR,Economy,3989
BOM-BLR,Premium,8383
BOM-BLR,Business,14452
DEL-HYD,Economy,4755
DEL-HYD,Premium,6196
DEL-HYD,Business,11388
BLR-HYD,Economy,3569
BLR-HYD,Premium,8883
BLR-HYD,Business,11223
DEL-BOM,Premium,8446
DEL-BOM,Business,12569
DEL-BLR,Economy,4013
DEL-BLR,Premium,9352
DEL-BLR,Business,10572
BOM-BLR,Economy,3657
BOM-BLR,Premium,6225
BOM-BLR,Business,13407
DEL-HYD,Economy,3865
DEL-HYD,Premium,6250
DEL-HYD,Business,18102
BLR-HYD,Economy,3560
BLR-HYD,Premium,9203
BLR-HYD,Business,12262
DEL-BOM,Economy,3471
DEL-BOM,Premium,9310
DEL-BOM,Business,19266
DEL-BLR,Economy,3688
DEL-BLR,Premium,9438
DEL-BLR,Business,13491
BOM-BLR,Economy,5901
BOM-BLR,Premium,6587
BOM-BLR,Business,17211
DEL-HYD,Economy,3206
DEL-HYD,Premium,8964
DEL-HYD,Business,18605
BLR-HYD,Economy,5253
BLR-HYD,Premium,6364
BLR-HYD,Business,10579
DEL-BOM,Economy,4729
DEL-BOM,Premium,7320
DEL-BOM,Business,11381
DEL-BLR,Economy,5738
DEL-BLR,Premium,9814
DEL-BLR,Business,14144
BOM-BLR,Economy,4168
BOM-BLR,Premium,8867
BOM-BLR,Business,13555
DEL-HYD,Economy,4869
DEL-HYD,Premium,9691
DEL-HYD,Business,14025
BLR-HYD,Economy,3091
BLR-HYD,Premium,9443
BLR-HYD,Business,11812
DEL-BOM,Economy,4966
DEL-BOM,Premium,9936
DEL-BOM,Business,10551
DEL-BLR,Economy,4176
DEL-BLR,Premium,7459
DEL-BLR,Business,15490
BOM-BLR,Economy,4520
BOM-BLR,Premium,7345
BOM-BLR,Business,10314
DEL-HYD,Economy,5376
DEL-HYD,Premium,6574
DEL-HYD,Business,15492
BLR-HYD,Economy,4574
BLR-HYD,Premium,9992
BLR-HYD,Business,18498
DEL-BOM,Economy,3013
DEL-BOM,Premium,6528
DEL-BOM,Business,14736
DEL-BLR,Economy,4311
DEL-BLR,Premium,8842
DEL-BLR,Business,13392
BOM-BLR,Economy,5156
BOM-BLR,Premium,7850
BOM-BLR,Business,17194
DEL-HYD,Economy,3678
DEL-HYD,Premium,7607
DEL-HYD,Business,16654
BLR-HYD,Economy,5042
BLR-HYD,Premium,6593
BLR-HYD,Business,16310
DEL-BOM,Premium,6403
DEL-BOM,Business,19350
DEL-BLR,Premium,8857
DEL-BLR,Business,16606
BOM-BLR,Economy,5169
BOM-BLR,Premium,8856
BOM-BLR,Business,13557
DEL-HYD,Economy,3313
DEL-HYD,Business,16658
BLR-HYD,Economy,3073
BLR-HYD,Premium,6656
BLR-HYD,Business,15171
DEL-BOM,Economy,3324
DEL-BOM,Premium,6954
DEL-BOM,Business,10687
DEL-BLR,Economy,5850
DEL-BLR,Business,15904
BOM-BLR,Economy,4767
BOM-BLR,Premium,8817
BOM-BLR,Business,12581
DEL-HYD,Economy,4130
DEL-HYD,Premium,7604
DEL-HYD,Business,18684
BLR-HYD,Premium,9957
BLR-HYD,Business,14354
DEL-BOM,Economy,3516
DEL-BOM,Premium,8164
DEL-BOM,Business,12590
DEL-BLR,Economy,3838
DEL-BLR,Premium,8463
DEL-BLR,Business,16539
BOM-BLR,Economy,4580
BOM-BLR,Premium,6749
BOM-BLR,Business,11875
DEL-HYD,Economy,4787
DEL-HYD,Premium,7075
DEL-HYD,Business,12833
BLR-HYD,Economy,4397
BLR-HYD,Premium,7614
BLR-HYD,Business,18273
DEL-BOM,Economy,5272
DEL-BOM,Premium,9681
DEL-BOM,Business,13446
DEL-BLR,Economy,5228
DEL-BLR,Premium,9933
DEL-BLR,Business,19774
BOM-BLR,Economy,5597
BOM-BLR,Premium,6223
BOM-BLR,Business,11928
DEL-HYD,Economy,3348
DEL-HYD,Premium,8941
DEL-HYD,Business,16240
BLR-HYD,Economy,4465
BLR-HYD,Premium,8650
BLR-HYD,Business,18638
DEL-BOM,Economy,5718
DEL-BOM,Premium,7986
DEL-BOM,Business,13007
DEL-BLR,Economy,5824
DEL-BLR,Premium,9185
DEL-BLR,Business,13055
BOM-BLR,Premium,8283
BOM-BLR,Business,10122
DEL-HYD,Economy,4280
DEL-HYD,Premium,6862
DEL-HYD,Business,10148
BLR-HYD,Economy,3437
BLR-HYD,Premium,9901
BLR-HYD,Business,14551
DEL-BOM,Economy,4632
DEL-BOM,Premium,6370
DEL-BOM,Business,12311
DEL-BLR,Economy,5078
DEL-BLR,Premium,7417
DEL-BLR,Business,10838
BOM-BLR,Economy,4448
BOM-BLR,Premium,8479
BOM-BLR,Business,15192
DEL-HYD,Economy,3215
DEL-HYD,Premium,7962
DEL-HYD,Business,16697
BLR-HYD,Economy,4065
BLR-HYD,Premium,8584
BLR-HYD,Business,10947
DEL-BOM,Economy,4717
DEL-BOM,Premium,6313
DEL-BLR,Economy,5251
DEL-BLR,Premium,7391
DEL-BLR,Business,13549
BOM-BLR,Economy,5542
BOM-BLR,Premium,7239
BOM-BLR,Business,15577
DEL-HYD,Economy,4559
DEL-HYD,Premium,8290
DEL-HYD,Business,19945
BLR-HYD,Economy,4603
BLR-HYD,Premium,7098
BLR-HYD,Business,13787
DEL-BOM,Economy,5096
DEL-BOM,Premium,9662
DEL-BOM,Business,11667
DEL-BLR,Economy,5545
DEL-BLR,Premium,7356
DEL-BLR,Business,17965
BOM-BLR,Economy,5083
BOM-BLR,Premium,8642
BOM-BLR,Business,13799
DEL-HYD,Economy,4132
DEL-HYD,Premium,8739
DEL-HYD,Business,15009
BLR-HYD,Economy,5113
BLR-HYD,Premium,7582
BLR-HYD,Business,17503
DEL-BOM,Economy,4266
DEL-BOM,Premium,8561
DEL-BOM,Business,17226
DEL-BLR,Economy,4122
DEL-BLR,Premium,7537
DEL-BLR,Business,17396
BOM-BLR,Economy,4411
BOM-BLR,Premium,9830
BOM-BLR,Business,13145
DEL-HYD,Economy,4872
DEL-HYD,Premium,6928
DEL-HYD,Business,19244
BLR-HYD,Economy,5509
BLR-HYD,Premium,8204
BLR-HYD,Business,15560
DEL-BOM,Economy,3719
DEL-BOM,Premium,6061
DEL-BOM,Business,19747
DEL-BLR,Economy,3111
DEL-BLR,Premium,7075
DEL-BLR,Business,16379
BOM-BLR,Economy,4604
BOM-BLR,Premium,7055
BOM-BLR,Business,12161
DEL-HYD,Economy,5690
DEL-HYD,Premium,7945
DEL-HYD,Business,15419
BLR-HYD,Economy,5358
BLR-HYD,Premium,9829
BLR-HYD,Business,15073
DEL-BOM,Economy,4645
DEL-BOM,Premium,7353
DEL-BOM,Business,17329
DEL-BLR,Economy,4790
DEL-BLR,Premium,7538
DEL-BLR,Business,15317
BOM-BLR,Economy,5235
BOM-BLR,Business,10615
DEL-HYD,Economy,4581
DEL-HYD,Premium,6254
DEL-HYD,Business,19825
BLR-HYD,Economy,5926
BLR-HYD,Premium,7298
BLR-HYD,Business,14423
DEL-BOM,Economy,3551
DEL-BOM,Premium,8729
DEL-BOM,Business,17776
DEL-BLR,Economy,3527
DEL-BLR,Premium,7668
DEL-BLR,Business,13022
BOM-BLR,Economy,5720
BOM-BLR,Premium,6116
BOM-BLR,Business,13737
DEL-HYD,Economy,3752
DEL-HYD,Premium,8097
DEL-HYD,Business,15544
BLR-HYD,Economy,3987
BLR-HYD,Premium,7997
BLR-HYD,Business,13981
DEL-BOM,Economy,4586
DEL-BOM,Premium,6600
DEL-BOM,Business,10250
DEL-BLR,Economy,3078
DEL-BLR,Premium,6225
DEL-BLR,Business,12178
BOM-BLR,Economy,5885
BOM-BLR,Premium,9281
BOM-BLR,Business,14228
DEL-HYD,Economy,5698
DEL-HYD,Premium,8076
DEL-HYD,Business,15249
BLR-HYD,Economy,4196
BLR-HYD,Premium,6138
BLR-HYD,Business,11013
DEL-BOM,Economy,3827
DEL-BOM,Premium,7865
DEL-BOM,Business,13735
DEL-BLR,Economy,5213
DEL-BLR,Business,11460
BOM-BLR,Economy,5905
BOM-BLR,Premium,6760
BOM-BLR,Business,13071
DEL-HYD,Premium,6679
DEL-HYD,Business,15835
BLR-HYD,Economy,5773
BLR-HYD,Premium,7108
BLR-HYD,Business,15057
DEL-BOM,Economy,3672
DEL-BOM,Premium,8162
DEL-BOM,Business,14071
DEL-BLR,Economy,3538
DEL-BLR,Premium,9604
DEL-BLR,Business,17422
BOM-BLR,Economy,3037
BOM-BLR,Business,10818
DEL-HYD,Economy,3012
DEL-HYD,Premium,8418
DEL-HYD,Business,17957
BLR-HYD,Economy,4228
BLR-HYD,Premium,8515
BLR-HYD,Business,16343
DEL-BOM,Economy,3211
DEL-BOM,Premium,8764
DEL-BOM,Business,10727
DEL-BLR,Economy,5862
DEL-BLR,Premium,7612
DEL-BLR,Business,17492
BOM-BLR,Economy,3977
BOM-BLR,Premium,9161
BOM-BLR,Business,19215
DEL-HYD,Economy,5804
DEL-HYD,Premium,9860
DEL-HYD,Business,12233
BLR-HYD,Economy,3604
BLR-HYD,Business,16944
DEL-BOM,Economy,4096
DEL-BOM,Premium,8778
DEL-BOM,Business,10595
DEL-BLR,Economy,3841
DEL-BLR,Premium,7423
DEL-BLR,Business,19487
BOM-BLR,Economy,4447
BOM-BLR,Premium,9055
BOM-BLR,Business,19281
DEL-HYD,Economy,3436
DEL-HYD,Premium,9638
DEL-HYD,Business,18428
BLR-HYD,Economy,4144
BLR-HYD,Premium,8681
BLR-HYD,Business,12665
DEL-BOM,Economy,5279
DEL-BOM,Premium,8549
DEL-BOM,Business,16033
DEL-BLR,Premium,6915
DEL-BLR,Business,12907
BOM-BLR,Economy,4258
BOM-BLR,Premium,8147
BOM-BLR,Business,10938
DEL-HYD,Economy,5724
DEL-HYD,Premium,9435
DEL-HYD,Business,18405
BLR-HYD,Economy,3058
BLR-HYD,Premium,7729
BLR-HYD,Business,13345
DEL-BOM,Economy,5165
DEL-BOM,Premium,8923
DEL-BOM,Business,18266
DEL-BLR,Economy,3020
DEL-BLR,Premium,7172
DEL-BLR,Business,11174
BOM-BLR,Premium,7442
BOM-BLR,Business,11541
DEL-HYD,Premium,7422
DEL-HYD,Business,12269
BLR-HYD,Economy,3653
BLR-HYD,Business,13959
DEL-BOM,Economy,4893
DEL-BOM,Premium,7738
DEL-BOM,Business,10555
DEL-BLR,Economy,4336
DEL-BLR,Premium,7942
DEL-BLR,Business,13867
BOM-BLR,Economy,5513
BOM-BLR,Premium,8165
BOM-BLR,Business,10992
DEL-HYD,Economy,4377
DEL-HYD,Premium,7305
DEL-HYD,Business,12983
BLR-HYD,Economy,4958
BLR-HYD,Premium,6485
BLR-HYD,Business,19957
DEL-BOM,Economy,4220
DEL-BOM,Premium,8427
DEL-BOM,Business,19110
DEL-BLR,Economy,4313
DEL-BLR,Premium,7327
DEL-BLR,Business,10233
BOM-BLR,Economy,4907
BOM-BLR,Premium,7359
BOM-BLR,Business,10212
DEL-HYD,Economy,4741
DEL-HYD,Premium,7045
DEL-HYD,Business,15578
BLR-HYD,Economy,3769
BLR-HYD,Premium,7959
BLR-HYD,Business,17937
DEL-BOM,Economy,3224
DEL-BOM,Premium,7888
DEL-BOM,Business,13551
DEL-BLR,Economy,5304
DEL-BLR,Premium,7575
DEL-BLR,Business,17777
BOM-BLR,Economy,5423
BOM-BLR,Premium,7304
BOM-BLR,Business,19493
DEL-HYD,Economy,4711
DEL-HYD,Premium,7325
DEL-HYD,Business,11242
BLR-HYD,Economy,4831
BLR-HYD,Business,11824
DEL-BOM,Economy,4228
DEL-BOM,Premium,8825
DEL-BOM,Business,19491
DEL-BLR,Economy,5286
DEL-BLR,Premium,6368
DEL-BLR,Business,11469
BOM-BLR,Economy,3163
BOM-BLR,Premium,6055
BOM-BLR,Business,12892
DEL-HYD,Economy,4438
DEL-HYD,Premium,9891
DEL-HYD,Business,19952
BLR-HYD,Economy,4116
BLR-HYD,Premium,7018
BLR-HYD,Business,18281
DEL-BOM,Economy,4004
DEL-BOM,Premium,8711
DEL-BOM,Business,19308
DEL-BLR,Economy,3283
DEL-BLR,Premium,6743
DEL-BLR,Business,11736
BOM-BLR,Economy,5906
BOM-BLR,Premium,7054
BOM-BLR,Business,19604
DEL-HYD,Economy,3667
DEL-HYD,Premium,8094
DEL-HYD,Business,13650
BLR-HYD,Economy,4132
BLR-HYD,Premium,9453
BLR-HYD,Business,12384
DEL-BOM,Economy,4405
DEL-BOM,Premium,7385
DEL-BOM,Business,18445
DEL-BLR,Economy,5067
DEL-BLR,Premium,9575
DEL-BLR,Business,12908
BOM-BLR,Economy,5659
BOM-BLR,Premium,6912
BOM-BLR,Business,14491
DEL-HYD,Economy,4880
DEL-HYD,Premium,6235
DEL-HYD,Business,18183
BLR-HYD,Economy,3209
BLR-HYD,Premium,7881
BLR-HYD,Business,10393
DEL-BOM,Economy,3843
DEL-BOM,Premium,7939
DEL-BOM,Business,13770
DEL-BLR,Economy,4813
DEL-BLR,Premium,8738
DEL-BLR,Business,18353
BOM-BLR,Economy,4909
BOM-BLR,Premium,7057
BOM-BLR,Business,16461
DEL-HYD,Economy,5871
DEL-HYD,Premium,9184
DEL-HYD,Business,19018
BLR-HYD,Economy,4890
BLR-HYD,Premium,9179
BLR-HYD,Business,16371
DEL-BOM,Economy,3266
DEL-BOM,Premium,6701
DEL-BOM,Business,19063
DEL-BLR,Economy,4810
DEL-BLR,Premium,8350
DEL-BLR,Business,12739
BOM-BLR,Economy,5730
BOM-BLR,Business,10292
DEL-HYD,Economy,3535
DEL-HYD,Premium,6233
DEL-HYD,Business,18226
BLR-HYD,Economy,4558
BLR-HYD,Premium,7103
BLR-HYD,Business,17869
DEL-BOM,Economy,4921
DEL-BOM,Premium,7894
DEL-BOM,Business,16948
DEL-BLR,Economy,5987
DEL-BLR,Premium,9009
DEL-BLR,Business,14050
BOM-BLR,Economy,5922
BOM-BLR,Premium,7721
BOM-BLR,Business,19819
DEL-HYD,Economy,5502
DEL-HYD,Premium,8674
DEL-HYD,Business,18672
BLR-HYD,Economy,5916
BLR-HYD,Premium,8765
BLR-HYD,Business,10604
DEL-BOM,Economy,5969
DEL-BOM,Premium,9224
DEL-BOM,Business,15780
DEL-BLR,Economy,4508
DEL-BLR,Premium,8208
DEL-BLR,Business,15263
BOM-BLR,Economy,3631
BOM-BLR,Premium,8434
BOM-BLR,Business,13273
DEL-HYD,Premium,6729
DEL-HYD,Business,18002
BLR-HYD,Economy,4629
BLR-HYD,Business,13412
DEL-BOM,Economy,4875
DEL-BOM,Premium,6201
DEL-BOM,Business,14311
DEL-BLR,Economy,5934
DEL-BLR,Premium,6320
DEL-BLR,Business,17292
BOM-BLR,Premium,6301
BOM-BLR,Business,13241
DEL-HYD,Economy,4478
DEL-HYD,Premium,7824
DEL-HYD,Business,15783
BLR-HYD,Economy,4310
BLR-HYD,Premium,8433
BLR-HYD,Business,11079
DEL-BOM,Economy,4226
DEL-BOM,Premium,9886
DEL-BOM,Business,19587
DEL-BLR,Economy,3599
DEL-BLR,Premium,9737
DEL-BLR,Business,19280
BOM-BLR,Premium,8196
BOM-BLR,Business,10864
DEL-HYD,Economy,4293
DEL-HYD,Premium,7484
DEL-HYD,Business,17705
BLR-HYD,Economy,3421
BLR-HYD,Premium,7564
BLR-HYD,Business,11308
DEL-BOM,Economy,3386
DEL-BOM,Premium,8478
DEL-BOM,Business,11439
DEL-BLR,Economy,3384
DEL-BLR,Premium,9201
DEL-BLR,Business,10307
BOM-BLR,Premium,6339
BOM-BLR,Business,10556
DEL-HYD,Economy,3104
DEL-HYD,Premium,9238
DEL-HYD,Business,12511
BLR-HYD,Economy,3896
BLR-HYD,Premium,6191
BLR-HYD,Business,10238
DEL-BOM,Economy,5747
DEL-BOM,Premium,7667
DEL-BOM,Business,18023
DEL-BLR,Economy,5592
DEL-BLR,Premium,9708
DEL-BLR,Business,14795
BOM-BLR,Economy,5018
BOM-BLR,Premium,8965
BOM-BLR,Business,17062
DEL-HYD,Economy,4185
DEL-HYD,Premium,6224
DEL-HYD,Business,11465
BLR-HYD,Economy,5211
BLR-HYD,Premium,9631
BLR-HYD,Business,13541
DEL-BOM,Economy,5151
DEL-BOM,Premium,8686
DEL-BOM,Business,16912
DEL-BLR,Business,16523
BOM-BLR,Economy,3544
BOM-BLR,Premium,6332
BOM-BLR,Business,15615
DEL-HYD,Economy,3618
DEL-HYD,Premium,6991
DEL-HYD,Business,19108
BLR-HYD,Economy,5756
BLR-HYD,Premium,6968
BLR-HYD,Business,10889
DEL-BOM,Economy,5312
DEL-BOM,Premium,7609
DEL-BOM,Business,10349
DEL-BLR,Economy,4129
DEL-BLR,Premium,9377
DEL-BLR,Business,13401
BOM-BLR,Economy,4348
BOM-BLR,Premium,8676
BOM-BLR,Business,14945
DEL-HYD,Economy,5225
DEL-HYD,Premium,9272
DEL-HYD,Business,17612
BLR-HYD,Economy,5755
BLR-HYD,Premium,8556
BLR-HYD,Business,14047
DEL-BOM,Economy,4098
DEL-BOM,Premium,7813
DEL-BOM,Business,17593
DEL-BLR,Economy,5070
DEL-BLR,Premium,8191
DEL-BLR,Business,12846
BOM-BLR,Economy,5463
BOM-BLR,Premium,9167
BOM-BLR,Business,16564
DEL-HYD,Economy,4728
DEL-HYD,Premium,6381
DEL-HYD,Business,13621
BLR-HYD,Economy,5960
BLR-HYD,Premium,7308
BLR-HYD,Business,12465
DEL-BOM,Economy,4849
DEL-BOM,Premium,7437
DEL-BOM,Business,15255
DEL-BLR,Economy,4259
DEL-BLR,Premium,6498
BOM-BLR,Economy,4299
BOM-BLR,Premium,6947
BOM-BLR,Business,15166
DEL-HYD,Economy,5987
DEL-HYD,Premium,6435
DEL-HYD,Business,16524
BLR-HYD,Economy,4099
BLR-HYD,Premium,8457
BLR-HYD,Business,12873
DEL-BOM,Economy,5135
DEL-BOM,Premium,8587
DEL-BOM,Business,17737
DEL-BLR,Economy,3892
DEL-BLR,Premium,6544
BOM-BLR,Economy,3655
BOM-BLR,Business,12110
DEL-HYD,Economy,4330
DEL-HYD,Premium,6849
DEL-HYD,Business,19933
BLR-HYD,Economy,5877
BLR-HYD,Premium,9301
BLR-HYD,Business,11725
DEL-BOM,Economy,4336
DEL-BOM,Premium,9911
DEL-BOM,Business,18252
DEL-BLR,Economy,4543
DEL-BLR,Premium,8752
DEL-BLR,Business,19937
BOM-BLR,Economy,3337
BOM-BLR,Premium,8670
BOM-BLR,Business,11648
DEL-HYD,Premium,8934
DEL-HYD,Business,16265
BLR-HYD,Economy,4190
BLR-HYD,Premium,8810
BLR-HYD,Business,15938
DEL-BOM,Economy,4232
DEL-BOM,Premium,9122
DEL-BOM,Business,11645
DEL-BLR,Economy,3663
DEL-BLR,Premium,6147
DEL-BLR,Business,12653
BOM-BLR,Economy,5584
BOM-BLR,Premium,9784
BOM-BLR,Business,14784
DEL-HYD,Premium,6629
DEL-HYD,Business,11409
BLR-HYD,Economy,3256
BLR-HYD,Premium,7230
BLR-HYD,Business,14365
DEL-BOM,Economy,5670
DEL-BOM,Premium,7750
DEL-BOM,Business,10909
DEL-BLR,Economy,3361
DEL-BLR,Premium,6574
DEL-BLR,Business,19407
BOM-BLR,Premium,6663
BOM-BLR,Business,19230
DEL-HYD,Economy,5458
DEL-HYD,Business,13653
BLR-HYD,Economy,3203
BLR-HYD,Premium,7865
BLR-HYD,Business,13129
DEL-BOM,Economy,3252
DEL-BOM,Premium,8678
DEL-BOM,Business,16475
DEL-BLR,Economy,4774
DEL-BLR,Premium,6108
DEL-BLR,Business,14537
BOM-BLR,Economy,4551
BOM-BLR,Premium,6838
BOM-BLR,Business,18221
DEL-HYD,Premium,7800
DEL-HYD,Business,18160
BLR-HYD,Economy,4855
BLR-HYD,Premium,9960
BLR-HYD,Business,14460
DEL-BOM,Premium,9028
DEL-BOM,Business,18298
DEL-BLR,Economy,3782
DEL-BLR,Premium,6467
DEL-BLR,Business,10603
BOM-BLR,Economy,4096
BOM-BLR,Premium,7613
BOM-BLR,Business,19266
DEL-HYD,Premium,9756
DEL-HYD,Business,19116
BLR-HYD,Premium,9420
BLR-HYD,Business,13182
DEL-BOM,Economy,5040
DEL-BOM,Business,15308
DEL-BLR,Economy,5946
DEL-BLR,Premium,9890
DEL-BLR,Business,15769
BOM-BLR,Economy,4357
BOM-BLR,Premium,7284
BOM-BLR,Business,17727
DEL-HYD,Economy,3295
DEL-HYD,Premium,6794
DEL-HYD,Business,10986
BLR-HYD,Economy,3760
BLR-HYD,Business,17939
DEL-BOM,Economy,4069
DEL-BOM,Premium,7691
DEL-BOM,Business,18633
DEL-BLR,Economy,4025
DEL-BLR,Premium,9427
DEL-BLR,Business,18282
BOM-BLR,Economy,3206
BOM-BLR,Premium,7180
BOM-BLR,Business,14490
DEL-HYD,Economy,3186
DEL-HYD,Business,18330
BLR-HYD,Economy,3384
BLR-HYD,Premium,6804
BLR-HYD,Business,18831
DEL-BOM,Premium,8985
DEL-BOM,Business,16203
DEL-BLR,Economy,3256
DEL-BLR,Premium,6460
DEL-BLR,Business,17600
BOM-BLR,Economy,3432
BOM-BLR,Premium,8116
BOM-BLR,Business,10256
DEL-HYD,Economy,3489
DEL-HYD,Premium,8460
DEL-HYD,Business,19581
BLR-HYD,Economy,4596
BLR-HYD,Premium,8963
BLR-HYD,Business,10976
DEL-BOM,Economy,3045
DEL-BOM,Premium,6246
DEL-BOM,Business,12421
DEL-BLR,Economy,3737
DEL-BLR,Premium,7749
DEL-BLR,Business,13644
BOM-BLR,Economy,5586
BOM-BLR,Premium,8059
BOM-BLR,Business,14332
DEL-HYD,Premium,9742
DEL-HYD,Business,17069
BLR-HYD,Economy,4509
BLR-HYD,Premium,7818
BLR-HYD,Business,11359
DEL-BOM,Premium,6080
DEL-BOM,Business,13641
DEL-BLR,Economy,3503
DEL-BLR,Premium,9498
DEL-BLR,Business,16604
BOM-BLR,Economy,5426
BOM-BLR,Premium,7450
BOM-BLR,Business,12022
DEL-HYD,Economy,4011
DEL-HYD,Premium,9026
DEL-HYD,Business,12646
BLR-HYD,Economy,5289
BLR-HYD,Premium,6765
BLR-HYD,Business,12666
DEL-BOM,Economy,4872
DEL-BOM,Premium,9888
DEL-BOM,Business,15899
DEL-BLR,Economy,3565
DEL-BLR,Premium,7794
DEL-BLR,Business,19305
BOM-BLR,Economy,3556
BOM-BLR,Premium,7361
BOM-BLR,Business,10671
DEL-HYD,Economy,3831
DEL-HYD,Premium,8075
DEL-HYD,Business,16763
BLR-HYD,Economy,4001
BLR-HYD,Premium,8338
BLR-HYD,Business,17234
DEL-BOM,Economy,5514
DEL-BOM,Premium,6188
DEL-BOM,Business,15901
DEL-BLR,Economy,5223
DEL-BLR,Premium,6451
DEL-BLR,Business,15241
BOM-BLR,Economy,3599
BOM-BLR,Premium,9520
BOM-BLR,Business,16000
DEL-HYD,Economy,5091
DEL-HYD,Premium,7330
DEL-HYD,Business,15790
BLR-HYD,Economy,3984
BLR-HYD,Premium,8121
BLR-HYD,Business,14659
DEL-BOM,Economy,3466
DEL-BOM,Premium,9041
DEL-BOM,Business,18123
DEL-BLR,Economy,5750
DEL-BLR,Premium,9985
DEL-BLR,Business,16107
BOM-BLR,Economy,5503
BOM-BLR,Premium,9012
BOM-BLR,Business,19697
DEL-HYD,Economy,5944
DEL-HYD,Premium,8247
DEL-HYD,Business,13319
BLR-HYD,Economy,4241
BLR-HYD,Premium,7523
BLR-HYD,Business,12888
DEL-BOM,Economy,4241
DEL-BOM,Premium,7495
DEL-BOM,Business,15873
DEL-BLR,Economy,4676
DEL-BLR,Premium,9092
DEL-BLR,Business,14512
BOM-BLR,Economy,4471
BOM-BLR,Premium,8515
BOM-BLR,Business,16616
DEL-HYD,Economy,3274
DEL-HYD,Premium,6891
DEL-HYD,Business,15969
BLR-HYD,Economy,3439
BLR-HYD,Premium,6734
BLR-HYD,Business,12901
DEL-BOM,Economy,5015
DEL-BOM,Premium,7291
DEL-BOM,Business,12389
DEL-BLR,Economy,4651
DEL-BLR,Premium,9081
DEL-BLR,Business,16780
BOM-BLR,Economy,3096
BOM-BLR,Premium,9336
BOM-BLR,Business,14088
DEL-HYD,Economy,4031
DEL-HYD,Premium,7056
DEL-HYD,Business,18634
BLR-HYD,Economy,3688
BLR-HYD,Premium,9516
BLR-HYD,Business,19910
DEL-BOM,Premium,7169
DEL-BOM,Business,17205
DEL-BLR,Economy,3746
DEL-BLR,Premium,9231
DEL-BLR,Business,10656
BOM-BLR,Economy,4882
BOM-BLR,Premium,8216
BOM-BLR,Business,19777
DEL-HYD,Economy,3488
DEL-HYD,Premium,9930
DEL-HYD,Business,12114
BLR-HYD,Economy,5882
BLR-HYD,Premium,8284
BLR-HYD,Business,12520
DEL-BOM,Economy,3552
DEL-BOM,Premium,8645
DEL-BOM,Business,19695
DEL-BLR,Economy,5804
DEL-BLR,Premium,7728
DEL-BLR,Business,16092
BOM-BLR,Economy,4148
BOM-BLR,Premium,9582
BOM-BLR,Business,16034
DEL-HYD,Economy,3265
DEL-HYD,Business,15539
BLR-HYD,Economy,3414
BLR-HYD,Premium,6982
BLR-HYD,Business,12787
DEL-BOM,Economy,4038
DEL-BOM,Business,11831
DEL-BLR,Economy,3329
DEL-BLR,Premium,8339
DEL-BLR,Business,14722
BOM-BLR,Economy,3089
BOM-BLR,Premium,6672
BOM-BLR,Business,13523
DEL-HYD,Economy,3686
DEL-HYD,Premium,9080
DEL-HYD,Business,19531
BLR-HYD,Economy,5869
BLR-HYD,Premium,9350
BLR-HYD,Business,13772
DEL-BOM,Economy,4329
DEL-BOM,Premium,9951
DEL-BOM,Business,12634
DEL-BLR,Economy,5154
DEL-BLR,Premium,7866
DEL-BLR,Business,15876
BOM-BLR,Economy,4594
BOM-BLR,Premium,6023
BOM-BLR,Business,11960
DEL-HYD,Economy,3883
DEL-HYD,Premium,6960
DEL-HYD,Business,19470
BLR-HYD,Economy,4440
BLR-HYD,Premium,8392
BLR-HYD,Business,10591
DEL-BOM,Economy,5503
DEL-BOM,Business,16037
DEL-BLR,Premium,8877
DEL-BLR,Business,18988
BOM-BLR,Economy,3761
BOM-BLR,Premium,6684
BOM-BLR,Business,10227
DEL-HYD,Economy,5731
DEL-HYD,Premium,7686
DEL-HYD,Business,10768
BLR-HYD,Economy,4938
BLR-HYD,Premium,9305
BLR-HYD,Business,16939
DEL-BOM,Economy,4477
DEL-BOM,Premium,7167
DEL-BOM,Business,11198
DEL-BLR,Economy,5372
DEL-BLR,Premium,6797
DEL-BLR,Business,14080
BOM-BLR,Economy,4851
BOM-BLR,Premium,7892
BOM-BLR,Business,19450
DEL-HYD,Economy,4214
DEL-HYD,Premium,7702
DEL-HYD,Business,12314
BLR-HYD,Economy,4859
BLR-HYD,Premium,8549
BLR-HYD,Business,16884
DEL-BOM,Economy,5367
DEL-BOM,Premium,7273
DEL-BOM,Business,14023
DEL-BLR,Economy,3716
DEL-BLR,Premium,9884
DEL-BLR,Business,13131
BOM-BLR,Economy,5724
BOM-BLR,Premium,7255
BOM-BLR,Business,19911
DEL-HYD,Economy,5744
DEL-HYD,Premium,6201
DEL-HYD,Business,17624
BLR-HYD,Economy,5673
BLR-HYD,Premium,9367
BLR-HYD,Business,17171
DEL-BOM,Economy,3165
DEL-BOM,Premium,7115
DEL-BOM,Business,19422
DEL-BLR,Economy,5926
DEL-BLR,Premium,9994
DEL-BLR,Business,15403
BOM-BLR,Economy,5428
BOM-BLR,Premium,9891
BOM-BLR,Business,12102
DEL-HYD,Economy,5174
DEL-HYD,Premium,9919
DEL-HYD,Business,14330
BLR-HYD,Economy,5186
BLR-HYD,Premium,8048
BLR-HYD,Business,10537
DEL-BOM,Economy,5476
DEL-BOM,Premium,7374
DEL-BOM,Business,11690
DEL-BLR,Economy,3467
DEL-BLR,Premium,9959
DEL-BLR,Business,10444
BOM-BLR,Economy,5198
BOM-BLR,Premium,6496
BOM-BLR,Business,10493
DEL-HYD,Economy,4426
DEL-HYD,Premium,8950
DEL-HYD,Business,14350
BLR-HYD,Economy,4883
BLR-HYD,Premium,6189
BLR-HYD,Business,14931
DEL-BOM,Economy,4628
DEL-BOM,Premium,9282
DEL-BOM,Business,15789
DEL-BLR,Economy,4145
DEL-BLR,Premium,7912
DEL-BLR,Business,17630
BOM-BLR,Economy,3196
BOM-BLR,Premium,6007
BOM-BLR,Business,17358
DEL-HYD,Economy,4698
DEL-HYD,Premium,6552
DEL-HYD,Business,18104
BLR-HYD,Economy,4458
BLR-HYD,Premium,9537
BLR-HYD,Business,14087
DEL-BOM,Economy,3815
DEL-BOM,Premium,6641
DEL-BOM,Business,15355
DEL-BLR,Business,16172
BOM-BLR,Economy,3307
BOM-BLR,Premium,6060
BOM-BLR,Business,16609
DEL-HYD,Economy,3493
DEL-HYD,Premium,7545
DEL-HYD,Business,10761
BLR-HYD,Economy,3025
BLR-HYD,Premium,6228
BLR-HYD,Business,10760
DEL-BOM,Economy,4592
DEL-BOM,Premium,7458
DEL-BOM,Business,14181
DEL-BLR,Economy,4203
DEL-BLR,Premium,9176
DEL-BLR,Business,10144
BOM-BLR,Premium,6928
BOM-BLR,Business,11110
DEL-HYD,Economy,3697
DEL-HYD,Premium,6782
DEL-HYD,Business,15064
BLR-HYD,Economy,4842
BLR-HYD,Premium,7091
BLR-HYD,Business,17933
DEL-BOM,Economy,3409
DEL-BOM,Premium,7660
DEL-BOM,Business,10331
DEL-BLR,Economy,5794
DEL-BLR,Premium,6312
DEL-BLR,Business,12865
BOM-BLR,Economy,4017
BOM-BLR,Premium,8883
BOM-BLR,Business,18594
DEL-HYD,Economy,3408
DEL-HYD,Premium,8698
DEL-HYD,Business,11437
BLR-HYD,Economy,5682
BLR-HYD,Premium,9378
BLR-HYD,Business,14541
DEL-BOM,Economy,4023
DEL-BOM,Business,15097
DEL-BLR,Economy,4596
DEL-BLR,Premium,7136
DEL-BLR,Business,16010
BOM-BLR,Economy,4390
BOM-BLR,Premium,6634
BOM-BLR,Business,14677
DEL-HYD,Economy,4389
DEL-HYD,Premium,9544
DEL-HYD,Business,18245
BLR-HYD,Economy,4426
BLR-HYD,Premium,9611
BLR-HYD,Business,10822
DEL-BOM,Economy,5939
DEL-BOM,Premium,8016
DEL-BOM,Business,17862
DEL-BLR,Economy,4116
DEL-BLR,Premium,9488
DEL-BLR,Business,12939
BOM-BLR,Economy,4339
BOM-BLR,Business,12775
DEL-HYD,Economy,5127
DEL-HYD,Business,11369
BLR-HYD,Economy,5000
BLR-HYD,Premium,7057
BLR-HYD,Business,17991
DEL-BOM,Economy,4700
DEL-BOM,Premium,7839
DEL-BOM,Business,17545
DEL-BLR,Economy,5345
DEL-BLR,Premium,6364
DEL-BLR,Business,15370
BOM-BLR,Economy,3085
BOM-BLR,Premium,8903
BOM-BLR,Business,12911
DEL-HYD,Economy,5106
DEL-HYD,Premium,8833
DEL-HYD,Business,15911
BLR-HYD,Economy,5956
BLR-HYD,Business,13483
DEL-BOM,Economy,5937
DEL-BOM,Premium,9495
DEL-BOM,Business,15492
DEL-BLR,Economy,5685
DEL-BLR,Premium,8667
DEL-BLR,Business,12963
BOM-BLR,Economy,4256
BOM-BLR,Premium,7052
BOM-BLR,Business,18879
DEL-HYD,Economy,4746
DEL-HYD,Premium,8977
DEL-HYD,Business,17910
BLR-HYD,Economy,3625
BLR-HYD,Business,11555
DEL-BOM,Economy,3675
DEL-BOM,Premium,9836
DEL-BOM,Business,18065
DEL-BLR,Economy,4836
DEL-BLR,Premium,7582
DEL-BLR,Business,16386
BOM-BLR,Economy,3414
BOM-BLR,Premium,9450
BOM-BLR,Business,11878
DEL-HYD,Economy,5358
DEL-HYD,Business,12980
BLR-HYD,Economy,4396
BLR-HYD,Premium,9988
BLR-HYD,Business,15373
DEL-BOM,Economy,4900
DEL-BOM,Premium,6983
DEL-BOM,Business,10815
DEL-BLR,Economy,5778
DEL-BLR,Premium,7054
DEL-BLR,Business,19030
BOM-BLR,Economy,4643
BOM-BLR,Premium,9187
BOM-BLR,Business,19029
DEL-HYD,Economy,5282
DEL-HYD,Premium,6570
DEL-HYD,Business,17091
BLR-HYD,Economy,5181
BLR-HYD,Premium,6347
BLR-HYD,Business,18774
DEL-BOM,Economy,4600
DEL-BOM,Premium,8513
DEL-BOM,Business,12274
DEL-BLR,Economy,5290
DEL-BLR,Premium,8418
DEL-BLR,Business,11950
BOM-BLR,Economy,5219
BOM-BLR,Premium,7387
BOM-BLR,Business,18471
DEL-HYD,Economy,4618
DEL-HYD,Premium,7703
DEL-HYD,Business,15289
BLR-HYD,Economy,5428
BLR-HYD,Business,16635
DEL-BOM,Economy,4219
DEL-BOM,Premium,6726
DEL-BOM,Business,12815
DEL-BLR,Economy,5984
DEL-BLR,Premium,8073
DEL-BLR,Business,11074
BOM-BLR,Economy,5052
BOM-BLR,Premium,9838
BOM-BLR,Business,16103
DEL-HYD,Premium,7498
DEL-HYD,Business,13688
BLR-HYD,Economy,3792
BLR-HYD,Premium,8784
BLR-HYD,Business,18640
DEL-BOM,Economy,3081
DEL-BOM,Premium,9314
DEL-BOM,Business,14183
DEL-BLR,Economy,5703
DEL-BLR,Premium,8599
DEL-BLR,Business,11501
BOM-BLR,Economy,3230
BOM-BLR,Premium,6114
BOM-BLR,Business,11041
DEL-HYD,Economy,3011
DEL-HYD,Business,10540
BLR-HYD,Economy,3076
BLR-HYD,Premium,8572
BLR-HYD,Business,18680
DEL-BOM,Economy,5419
DEL-BOM,Premium,8524
DEL-BOM,Business,19664
DEL-BLR,Economy,3306
DEL-BLR,Premium,7797
DEL-BLR,Business,13196
BOM-BLR,Economy,3340
BOM-BLR,Premium,9110
BOM-BLR,Business,15396
DEL-HYD,Economy,4122
DEL-HYD,Premium,8226
DEL-HYD,Business,11478
BLR-HYD,Economy,4513
BLR-HYD,Premium,9998
BLR-HYD,Business,16050
DEL-BOM,Economy,3554
DEL-BOM,Premium,8651
DEL-BOM,Business,18787
DEL-BLR,Economy,5123
DEL-BLR,Premium,7255
DEL-BLR,Business,17822
BOM-BLR,Economy,5966
BOM-BLR,Premium,9932
BOM-BLR,Business,17147
DEL-HYD,Economy,3233
DEL-HYD,Premium,6092
DEL-HYD,Business,15688
BLR-HYD,Economy,5922
BLR-HYD,Premium,8244
BLR-HYD,Business,17043
DEL-BOM,Economy,5029
DEL-BOM,Premium,9921
DEL-BOM,Business,17496
DEL-BLR,Economy,3255
DEL-BLR,Business,15806
BOM-BLR,Economy,3722
BOM-BLR,Business,15493
DEL-HYD,Economy,3386
DEL-HYD,Premium,7814
DEL-HYD,Business,14200
BLR-HYD,Economy,3659
BLR-HYD,Premium,8688
BLR-HYD,Business,16170
DEL-BOM,Economy,3270
DEL-BOM,Premium,7130
DEL-BOM,Business,12611
DEL-BLR,Economy,5593
DEL-BLR,Premium,7945
DEL-BLR,Business,13349
BOM-BLR,Economy,5725
BOM-BLR,Premium,9199
BOM-BLR,Business,18281
DEL-HYD,Economy,4356
DEL-HYD,Premium,6292
DEL-HYD,Business,12196
BLR-HYD,Economy,5091
BLR-HYD,Premium,9149
BLR-HYD,Business,15775
DEL-BOM,Economy,4132
DEL-BOM,Premium,6186
DEL-BOM,Business,15660
DEL-BLR,Economy,3534
DEL-BLR,Premium,9337
DEL-BLR,Business,15698
BOM-BLR,Economy,3054
BOM-BLR,Premium,9340
BOM-BLR,Business,10910
DEL-HYD,Economy,3949
DEL-HYD,Premium,6100
DEL-HYD,Business,15801
BLR-HYD,Economy,3352
BLR-HYD,Premium,9413
BLR-HYD,Business,16855
DEL-BOM,Economy,3738
DEL-BOM,Premium,6952
DEL-BOM,Business,18895
DEL-BLR,Economy,5133
DEL-BLR,Premium,8107
DEL-BLR,Business,14969
BOM-BLR,Economy,3967
BOM-BLR,Premium,6848
BOM-BLR,Business,11760
DEL-HYD,Premium,9827
DEL-HYD,Business,14295
BLR-HYD,Economy,4791
BLR-HYD,Premium,9142
BLR-HYD,Business,14615
DEL-BOM,Economy,3724
DEL-BOM,Premium,8349
DEL-BOM,Business,19330
DEL-BLR,Economy,5552
DEL-BLR,Business,18823
BOM-BLR,Economy,3981
BOM-BLR,Premium,6347
BOM-BLR,Business,10404
DEL-HYD,Economy,3676
DEL-HYD,Premium,9984
DEL-HYD,Business,14799
BLR-HYD,Economy,5868
BLR-HYD,Premium,8733
BLR-HYD,Business,11245
DEL-BOM,Economy,5163
DEL-BOM,Premium,7415
DEL-BOM,Business,13810
DEL-BLR,Economy,3185
DEL-BLR,Premium,8917
DEL-BLR,Business,17635
BOM-BLR,Economy,4536
BOM-BLR,Premium,6561
BOM-BLR,Business,12180
DEL-HYD,Economy,4057
DEL-HYD,Premium,9226
DEL-HYD,Business,17979
BLR-HYD,Premium,7749
BLR-HYD,Business,17894
DEL-BOM,Economy,5853
DEL-BOM,Premium,8876
DEL-BOM,Business,14791
DEL-BLR,Economy,5365
DEL-BLR,Premium,9687
DEL-BLR,Business,10124
BOM-BLR,Economy,5753
BOM-BLR,Premium,6530
BOM-BLR,Business,14756
DEL-HYD,Economy,4060
DEL-HYD,Premium,9728
DEL-HYD,Business,11142
BLR-HYD,Economy,4554
BLR-HYD,Premium,7629
BLR-HYD,Business,13957
DEL-BOM,Economy,4994
DEL-BOM,Premium,7404
DEL-BOM,Business,10510
DEL-BLR,Economy,3686
DEL-BLR,Premium,6714
DEL-BLR,Business,17820
BOM-BLR,Economy,5160
BOM-BLR,Premium,8144
BOM-BLR,Business,18933
DEL-HYD,Premium,9549
DEL-HYD,Business,10883
BLR-HYD,Economy,3702
BLR-HYD,Premium,7622
BLR-HYD,Business,17820
DEL-BOM,Economy,4786
DEL-BOM,Premium,7583
DEL-BOM,Business,18744
DEL-BLR,Economy,4281
DEL-BLR,Premium,7596
DEL-BLR,Business,17919
BOM-BLR,Economy,5142
BOM-BLR,Premium,7189
BOM-BLR,Business,17128
DEL-HYD,Premium,9297
DEL-HYD,Business,15373
BLR-HYD,Economy,3039
BLR-HYD,Premium,8283
BLR-HYD,Business,13093
DEL-BOM,Economy,4196
DEL-BOM,Premium,8398
DEL-BOM,Business,12913
DEL-BLR,Economy,4189
DEL-BLR,Premium,6644
DEL-BLR,Business,17694
BOM-BLR,Economy,4642
BOM-BLR,Premium,9567
BOM-BLR,Business,18112
DEL-HYD,Economy,3782
DEL-HYD,Premium,9360
DEL-HYD,Business,19292
BLR-HYD,Economy,4415
BLR-HYD,Premium,6010
BLR-HYD,Business,13679
DEL-BOM,Economy,4296
DEL-BOM,Premium,7532
DEL-BOM,Business,12366
DEL-BLR,Premium,9251
BOM-BLR,Economy,5416
BOM-BLR,Business,15733
DEL-HYD,Economy,3717
DEL-HYD,Premium,6268
DEL-HYD,Business,18301
BLR-HYD,Economy,3649
BLR-HYD,Premium,7110
BLR-HYD,Business,10730
DEL-BOM,Economy,5785
DEL-BOM,Premium,6111
DEL-BOM,Business,10757
DEL-BLR,Economy,4800
DEL-BLR,Premium,7841
BOM-BLR,Economy,4856
BOM-BLR,Premium,7297
BOM-BLR,Business,11885
DEL-HYD,Economy,4049
DEL-HYD,Premium,6753
DEL-HYD,Business,18272
BLR-HYD,Economy,3869
BLR-HYD,Business,10703
DEL-BOM,Economy,5063
DEL-BOM,Business,18400
DEL-BLR,Economy,5724
DEL-BLR,Premium,8337
DEL-BLR,Business,19592
BOM-BLR,Economy,3854
BOM-BLR,Premium,9298
BOM-BLR,Business,10376
DEL-HYD,Economy,3443
DEL-HYD,Premium,8171
DEL-HYD,Business,18814
BLR-HYD,Economy,4723
BLR-HYD,Premium,8499
BLR-HYD,Business,13881
DEL-BOM,Economy,4999
DEL-BOM,Premium,8628
DEL-BOM,Business,15212
DEL-BLR,Economy,5662
DEL-BLR,Business,15767
BOM-BLR,Economy,3252
BOM-BLR,Premium,6159
BOM-BLR,Business,13514
DEL-HYD,Economy,3759
DEL-HYD,Premium,8355
DEL-HYD,Business,15273
BLR-HYD,Economy,4308
BLR-HYD,Premium,8809
BLR-HYD,Business,19090
DEL-BOM,Economy,4469
DEL-BOM,Premium,6833
DEL-BOM,Business,14649
DEL-BLR,Economy,4091
DEL-BLR,Business,14370
BOM-BLR,Economy,4723
BOM-BLR,Premium,9178
BOM-BLR,Business,13718
DEL-HYD,Economy,5587
DEL-HYD,Premium,7043
DEL-HYD,Business,10306
BLR-HYD,Economy,3135
BLR-HYD,Premium,6872
BLR-HYD,Business,19249
DEL-BOM,Economy,4341
DEL-BOM,Premium,7868
DEL-BOM,Business,14030
DEL-BLR,Economy,3521
DEL-BLR,Premium,9738
DEL-BLR,Business,11858
BOM-BLR,Economy,3585
BOM-BLR,Premium,6642
BOM-BLR,Business,17549
DEL-HYD,Economy,3786
DEL-HYD,Premium,8536
DEL-HYD,Business,11482
BLR-HYD,Economy,3535
BLR-HYD,Business,16339
DEL-BOM,Economy,5764
DEL-BOM,Premium,8827
DEL-BOM,Business,11832
DEL-BLR,Economy,5409
DEL-BLR,Premium,9734
DEL-BLR,Business,15543
BOM-BLR,Economy,3787
BOM-BLR,Premium,6276
BOM-BLR,Business,16702
DEL-HYD,Economy,5452
DEL-HYD,Premium,8596
DEL-HYD,Business,12526
BLR-HYD,Economy,5478
BLR-HYD,Premium,9557
BLR-HYD,Business,17630
DEL-BOM,Economy,3975
DEL-BOM,Premium,9716
DEL-BOM,Business,11945
DEL-BLR,Economy,5116
DEL-BLR,Premium,6868
DEL-BLR,Business,13319
BOM-BLR,Economy,4646
BOM-BLR,Premium,8597
BOM-BLR,Business,13081
DEL-HYD,Economy,5460
DEL-HYD,Premium,9625
DEL-HYD,Business,19389
BLR-HYD,Economy,4487
BLR-HYD,Premium,7765
BLR-HYD,Business,15024
DEL-BOM,Economy,4440
DEL-BOM,Premium,8295
DEL-BOM,Business,10528
DEL-BLR,Economy,4642
DEL-BLR,Premium,7631
DEL-BLR,Business,18884
BOM-BLR,Economy,4360
BOM-BLR,Premium,6819
BOM-BLR,Business,11028
DEL-HYD,Economy,4922
DEL-HYD,Premium,6114
DEL-HYD,Business,14071
BLR-HYD,Economy,5350
BLR-HYD,Premium,9356
BLR-HYD,Business,15563
DEL-BOM,Economy,4093
DEL-BOM,Premium,8615
DEL-BOM,Business,14313
DEL-BLR,Economy,5218
DEL-BLR,Premium,6245
BOM-BLR,Economy,4881
BOM-BLR,Premium,6875
BOM-BLR,Business,19114
DEL-HYD,Business,12612
BLR-HYD,Economy,5153
BLR-HYD,Premium,8089
BLR-HYD,Business,12567
DEL-BOM,Economy,5994
DEL-BOM,Premium,6048
DEL-BOM,Business,17878
DEL-BLR,Premium,6966
DEL-BLR,Business,18888
BOM-BLR,Economy,5295
BOM-BLR,Premium,7904
BOM-BLR,Business,10722
DEL-HYD,Premium,6137
DEL-HYD,Business,11878
BLR-HYD,Economy,3309
BLR-HYD,Business,10605
DEL-BOM,Economy,3812
DEL-BOM,Premium,6413
DEL-BOM,Business,17835
DEL-BLR,Economy,4299
DEL-BLR,Premium,6970
DEL-BLR,Business,18495
BOM-BLR,Economy,4973
BOM-BLR,Premium,6702
BOM-BLR,Business,19771
DEL-HYD,Economy,3159
DEL-HYD,Premium,8424
DEL-HYD,Business,17433
BLR-HYD,Economy,5078
BLR-HYD,Premium,9614
BLR-HYD,Business,10131
DEL-BOM,Economy,3857
DEL-BOM,Premium,9372
DEL-BOM,Business,11558
DEL-BLR,Economy,3996
DEL-BLR,Premium,9460
DEL-BLR,Business,11361
BOM-BLR,Economy,3377
BOM-BLR,Premium,7289
BOM-BLR,Business,13414
DEL-HYD,Economy,4773
DEL-HYD,Premium,7811
DEL-HYD,Business,13291
BLR-HYD,Economy,3806
BLR-HYD,Premium,6404
BLR-HYD,Business,14107
DEL-BOM,Economy,5925
DEL-BOM,Premium,9505
DEL-BOM,Business,14862
DEL-BLR,Economy,4744
DEL-BLR,Premium,9100
DEL-BLR,Business,11451
BOM-BLR,Economy,5138
BOM-BLR,Premium,9275
BOM-BLR,Business,10824
DEL-HYD,Economy,5849
DEL-HYD,Premium,6668
DEL-HYD,Business,18562
BLR-HYD,Economy,3328
BLR-HYD,Premium,8351
BLR-HYD,Business,15803
DEL-BOM,Economy,4109
DEL-BOM,Premium,8522
DEL-BOM,Business,18708
DEL-BLR,Economy,4888
DEL-BLR,Premium,9505
DEL-BLR,Business,19735
BOM-BLR,Economy,5708
BOM-BLR,Premium,7497
BOM-BLR,Business,11546
DEL-HYD,Economy,4793
DEL-HYD,Premium,7385
BLR-HYD,Economy,4620
BLR-HYD,Premium,6170
BLR-HYD,Business,14122
DEL-BOM,Economy,5837
DEL-BOM,Premium,6679
DEL-BOM,Business,10236
DEL-BLR,Economy,5425
DEL-BLR,Premium,9147
DEL-BLR,Business,15409
BOM-BLR,Economy,5984
BOM-BLR,Premium,9634
BOM-BLR,Business,19584
DEL-HYD,Economy,5391
DEL-HYD,Premium,6848
DEL-HYD,Business,11817
BLR-HYD,Economy,3791
BLR-HYD,Premium,7138
BLR-HYD,Business,13759
DEL-BOM,Economy,5426
DEL-BOM,Premium,9172
DEL-BOM,Business,19814
DEL-BLR,Economy,5500
DEL-BLR,Premium,8225
DEL-BLR,Business,16439
BOM-BLR,Premium,7911
BOM-BLR,Business,14316
DEL-HYD,Economy,5838
DEL-HYD,Premium,6279
DEL-HYD,Business,17161
BLR-HYD,Economy,4541
BLR-HYD,Premium,6496
BLR-HYD,Business,18096
DEL-BOM,Economy,5652
DEL-BOM,Premium,6506
DEL-BOM,Business,17854
DEL-BLR,Economy,5461
DEL-BLR,Premium,9678
DEL-BLR,Business,19083
BOM-BLR,Economy,4026
BOM-BLR,Premium,7625
BOM-BLR,Business,11420
DEL-HYD,Economy,5772
DEL-HYD,Premium,6746
DEL-HYD,Business,15510
BLR-HYD,Economy,3627
BLR-HYD,Premium,9157
BLR-HYD,Business,14668
DEL-BOM,Economy,4621
DEL-BOM,Premium,6908
DEL-BOM,Business,14402
DEL-BLR,Economy,5374
DEL-BLR,Premium,9597
DEL-BLR,Business,18135
BOM-BLR,Economy,4732
BOM-BLR,Premium,7848
BOM-BLR,Business,11803
DEL-HYD,Economy,5050
DEL-HYD,Premium,7553
DEL-HYD,Business,15506
BLR-HYD,Economy,3766
BLR-HYD,Premium,6831
BLR-HYD,Business,14427
DEL-BOM,Economy,4265
DEL-BOM,Business,13343
DEL-BLR,Economy,5808
DEL-BLR,Premium,6392
DEL-BLR,Business,16474
BOM-BLR,Economy,5527
BOM-BLR,Premium,8631
BOM-BLR,Business,10628
DEL-HYD,Economy,4170
DEL-HYD,Premium,7126
DEL-HYD,Business,16571
BLR-HYD,Economy,3825
BLR-HYD,Premium,6049
BLR-HYD,Business,17111
DEL-BOM,Economy,4792
DEL-BOM,Premium,9551
DEL-BOM,Business,16459
DEL-BLR,Economy,4019
DEL-BLR,Premium,9747
DEL-BLR,Business,18408
BOM-BLR,Economy,4014
BOM-BLR,Premium,7521
BOM-BLR,Business,10721
DEL-HYD,Economy,4759
DEL-HYD,Premium,6214
DEL-HYD,Business,11251
BLR-HYD,Economy,3607
BLR-HYD,Premium,6271
BLR-HYD,Business,17041
DEL-BOM,Economy,4614
DEL-BOM,Premium,7301
DEL-BOM,Business,11856
DEL-BLR,Economy,4526
DEL-BLR,Premium,6335
DEL-BLR,Business,10500
BOM-BLR,Economy,5123
BOM-BLR,Premium,7663
BOM-BLR,Business,14747
DEL-HYD,Economy,3045
DEL-HYD,Premium,8957
DEL-HYD,Business,10965
BLR-HYD,Economy,4528
BLR-HYD,Premium,8521
BLR-HYD,Business,15773
DEL-BOM,Economy,4543
DEL-BOM,Premium,6106
DEL-BOM,Business,16139
DEL-BLR,Economy,5779
DEL-BLR,Premium,8151
DEL-BLR,Business,12372
BOM-BLR,Economy,5738
BOM-BLR,Premium,6062
BOM-BLR,Business,10333
DEL-HYD,Economy,3410
DEL-HYD,Premium,7100
DEL-HYD,Business,11384
BLR-HYD,Economy,5556
BLR-HYD,Business,10997
DEL-BOM,Economy,5357
DEL-BOM,Premium,9039
DEL-BOM,Business,13527
DEL-BLR,Economy,5745
DEL-BLR,Premium,9375
DEL-BLR,Business,13324
BOM-BLR,Economy,3226
BOM-BLR,Premium,7576
BOM-BLR,Business,10870
DEL-HYD,Economy,4745
DEL-HYD,Premium,8604
DEL-HYD,Business,10589
BLR-HYD,Economy,4884
BLR-HYD,Premium,7939
BLR-HYD,Business,11841
DEL-BOM,Economy,3248
DEL-BOM,Premium,9118
DEL-BOM,Business,11913
DEL-BLR,Economy,5344
DEL-BLR,Premium,8970
DEL-BLR,Business,13611
BOM-BLR,Economy,4516
BOM-BLR,Premium,9908
BOM-BLR,Business,12062
DEL-HYD,Economy,5246
DEL-HYD,Premium,6894
DEL-HYD,Business,19638
BLR-HYD,Economy,3693
BLR-HYD,Premium,6674
BLR-HYD,Business,15375
DEL-BOM,Economy,4126
DEL-BOM,Premium,9438
DEL-BOM,Business,16157
DEL-BLR,Economy,3817
DEL-BLR,Premium,9254
BOM-BLR,Economy,4182
BOM-BLR,Premium,9154
BOM-BLR,Business,17189
DEL-HYD,Economy,3464
DEL-HYD,Premium,9191
DEL-HYD,Business,18585
BLR-HYD,Economy,3986
BLR-HYD,Premium,6289
BLR-HYD,Business,11622
DEL-BOM,Premium,7793
DEL-BOM,Business,18772
DEL-BLR,Economy,4747
DEL-BLR,Premium,7344
DEL-BLR,Business,16471
BOM-BLR,Economy,3301
BOM-BLR,Premium,9803
BOM-BLR,Business,17244
DEL-HYD,Economy,5692
DEL-HYD,Premium,9235
DEL-HYD,Business,15025
BLR-HYD,Economy,4880
BLR-HYD,Premium,9290
BLR-HYD,Business,17635
DEL-BOM,Economy,4043
DEL-BOM,Premium,8194
DEL-BOM,Business,14227
DEL-BLR,Economy,5802
DEL-BLR,Premium,8310
DEL-BLR,Business,13407
BOM-BLR,Premium,6141
BOM-BLR,Business,10464
DEL-HYD,Economy,3287
DEL-HYD,Premium,8227
DEL-HYD,Business,16627
BLR-HYD,Economy,3721
BLR-HYD,Premium,9384
BLR-HYD,Business,10022
DEL-BOM,Economy,4698
DEL-BOM,Premium,9730
DEL-BOM,Business,14173
DEL-BLR,Economy,3806
DEL-BLR,Premium,7447
DEL-BLR,Business,12511
BOM-BLR,Economy,5871
BOM-BLR,Premium,7485
BOM-BLR,Business,16079
DEL-HYD,Economy,4398
DEL-HYD,Premium,6925
DEL-HYD,Business,13927
BLR-HYD,Economy,3985
BLR-HYD,Premium,8908
BLR-HYD,Business,11331
DEL-BOM,Economy,4553
DEL-BOM,Premium,7455
DEL-BOM,Business,13983
DEL-BLR,Economy,5959
DEL-BLR,Premium,7489
DEL-BLR,Business,13831
BOM-BLR,Economy,4075
BOM-BLR,Premium,9285
BOM-BLR,Business,11550
DEL-HYD,Economy,4990
DEL-HYD,Premium,9751
DEL-HYD,Business,16601
BLR-HYD,Economy,5182
BLR-HYD,Premium,8094
BLR-HYD,Business,18559
DEL-BOM,Economy,3753
DEL-BOM,Premium,7578
DEL-BOM,Business,13889
DEL-BLR,Economy,4834
DEL-BLR,Premium,6452
DEL-BLR,Business,16374
BOM-BLR,Premium,8269
BOM-BLR,Business,16268
DEL-HYD,Economy,5208
DEL-HYD,Premium,7154
BLR-HYD,Economy,5049
BLR-HYD,Premium,9796
BLR-HYD,Business,16266
DEL-BOM,Economy,5491
DEL-BOM,Premium,8112
DEL-BOM,Business,16110
DEL-BLR,Economy,3106
DEL-BLR,Premium,8312
DEL-BLR,Business,10895
BOM-BLR,Economy,4521
BOM-BLR,Premium,7323
BOM-BLR,Business,11301
DEL-HYD,Economy,4548
DEL-HYD,Business,18894
BLR-HYD,Economy,3104
BLR-HYD,Premium,9291
BLR-HYD,Business,14537
DEL-BOM,Premium,6627
DEL-BOM,Business,11263
DEL-BLR,Economy,5742
DEL-BLR,Premium,9094
DEL-BLR,Business,12646
BOM-BLR,Economy,4438
BOM-BLR,Premium,9851
BOM-BLR,Business,11424
DEL-HYD,Economy,3219
DEL-HYD,Premium,7759
DEL-HYD,Business,17621
BLR-HYD,Economy,3316
BLR-HYD,Premium,6510
BLR-HYD,Business,11520
DEL-BOM,Premium,7761
DEL-BOM,Business,13892
DEL-BLR,Economy,3461
DEL-BLR,Premium,7145
DEL-BLR,Business,13534
BOM-BLR,Economy,5525
BOM-BLR,Premium,8333
BOM-BLR,Business,18984
DEL-HYD,Economy,4157
DEL-HYD,Premium,7957
DEL-HYD,Business,10568
BLR-HYD,Economy,3831
BLR-HYD,Premium,6071
BLR-HYD,Business,19408
DEL-BOM,Economy,4402
DEL-BOM,Premium,9608
DEL-BOM,Business,16565
DEL-BLR,Economy,5525
DEL-BLR,Premium,9232
DEL-BLR,Business,10461
BOM-BLR,Economy,4317
BOM-BLR,Premium,6005
BOM-BLR,Business,13970
DEL-HYD,Economy,5606
DEL-HYD,Premium,7138
DEL-HYD,Business,15641
BLR-HYD,Economy,5792
BLR-HYD,Premium,8685
BLR-HYD,Business,16004
DEL-BOM,Economy,4607
DEL-BOM,Premium,8808
DEL-BOM,Business,17904
DEL-BLR,Economy,5091
DEL-BLR,Premium,6350
DEL-BLR,Business,15162
BOM-BLR,Economy,5350
BOM-BLR,Premium,8668
BOM-BLR,Business,14993
DEL-HYD,Economy,4046
DEL-HYD,Premium,9430
DEL-HYD,Business,14595
BLR-HYD,Premium,6335
BLR-HYD,Business,13447
DEL-BOM,Economy,4466
DEL-BOM,Premium,6633
DEL-BOM,Business,18545
DEL-BLR,Economy,4159
DEL-BLR,Premium,9703
DEL-BLR,Business,14204
BOM-BLR,Economy,4368
BOM-BLR,Premium,7517
BOM-BLR,Business,18382
DEL-HYD,Economy,3141
DEL-HYD,Premium,6565
DEL-HYD,Business,18722
BLR-HYD,Economy,3561
BLR-HYD,Premium,9410
BLR-HYD,Business,17248
DEL-BOM,Economy,5203
DEL-BOM,Premium,6760
DEL-BOM,Business,18260
DEL-BLR,Economy,4904
DEL-BLR,Premium,8251
DEL-BLR,Business,16194
BOM-BLR,Economy,5771
BOM-BLR,Premium,8303
BOM-BLR,Business,11082
DEL-HYD,Economy,3835
DEL-HYD,Business,17230
BLR-HYD,Economy,4561
BLR-HYD,Premium,9238
BLR-HYD,Business,10709
DEL-BOM,Economy,5732
DEL-BOM,Premium,7669
DEL-BOM,Business,15951
DEL-BLR,Economy,5513
DEL-BLR,Premium,9101
DEL-BLR,Business,15413
BOM-BLR,Economy,4678
BOM-BLR,Premium,9092
BOM-BLR,Business,15285
DEL-HYD,Economy,4519
DEL-HYD,Premium,6770
DEL-HYD,Business,11781
BLR-HYD,Economy,4516
BLR-HYD,Premium,9670
BLR-HYD,Business,17670
DEL-BOM,Economy,5989
DEL-BOM,Premium,6863
DEL-BOM,Business,13257
DEL-BLR,Economy,3981
DEL-BLR,Premium,9464
DEL-BLR,Business,19665
BOM-BLR,Economy,5341
BOM-BLR,Premium,7755
BOM-BLR,Business,14638
DEL-HYD,Economy,4451
DEL-HYD,Premium,9123
DEL-HYD,Business,19680
BLR-HYD,Premium,9250
BLR-HYD,Business,14381
DEL-BOM,Economy,3569
DEL-BOM,Premium,6704
DEL-BOM,Business,13681
DEL-BLR,Economy,4916
DEL-BLR,Premium,8317
DEL-BLR,Business,13090
BOM-BLR,Economy,4928
BOM-BLR,Premium,7843
BOM-BLR,Business,10831
DEL-HYD,Economy,3344
DEL-HYD,Premium,9161
DEL-HYD,Business,16655
BLR-HYD,Premium,6767
BLR-HYD,Business,12291
DEL-BOM,Premium,7066
DEL-BOM,Business,13783
DEL-BLR,Economy,3889
DEL-BLR,Premium,6552
DEL-BLR,Business,11953
BOM-BLR,Economy,3750
BOM-BLR,Premium,9771
BOM-BLR,Business,15101
DEL-HYD,Economy,4401
DEL-HYD,Premium,7562
DEL-HYD,Business,15367
BLR-HYD,Economy,3008
BLR-HYD,Premium,9031
BLR-HYD,Business,10850
DEL-BOM,Economy,3299
DEL-BOM,Premium,7082
DEL-BOM,Business,13951
DEL-BLR,Economy,5109
DEL-BLR,Premium,7751
DEL-BLR,Business,15825
BOM-BLR,Economy,4327
BOM-BLR,Premium,9807
BOM-BLR,Business,19432
DEL-HYD,Economy,3473
DEL-HYD,Premium,6829
DEL-HYD,Business,15281
BLR-HYD,Economy,4511
BLR-HYD,Premium,8417
BLR-HYD,Business,11613
DEL-BOM,Economy,5840
DEL-BOM,Premium,6845
DEL-BOM,Business,18636
DEL-BLR,Economy,5599
DEL-BLR,Premium,9720
DEL-BLR,Business,17000
BOM-BLR,Economy,5828
BOM-BLR,Premium,7552
BOM-BLR,Business,18031
DEL-HYD,Economy,3311
DEL-HYD,Premium,9515
DEL-HYD,Business,14297
BLR-HYD,Economy,3463
BLR-HYD,Premium,6436
BLR-HYD,Business,14308
DEL-BOM,Economy,4127
DEL-BOM,Premium,6548
DEL-BOM,Business,10804
DEL-BLR,Economy,3610
DEL-BLR,Premium,6142
DEL-BLR,Business,13371
BOM-BLR,Economy,5093
BOM-BLR,Premium,9714
BOM-BLR,Business,18697
DEL-HYD,Economy,4096
DEL-HYD,Premium,9902
DEL-HYD,Business,10679
BLR-HYD,Economy,4129
BLR-HYD,Premium,9696
BLR-HYD,Business,15366
DEL-BOM,Economy,4547
DEL-BOM,Premium,6834
DEL-BOM,Business,17970
DEL-BLR,Premium,8835
DEL-BLR,Business,12696
BOM-BLR,Economy,5917
BOM-BLR,Premium,8348
BOM-BLR,Business,12562
DEL-HYD,Economy,5545
DEL-HYD,Premium,9334
DEL-HYD,Business,10839
BLR-HYD,Economy,3359
BLR-HYD,Premium,7732
BLR-HYD,Business,16278
DEL-BOM,Economy,5801
DEL-BOM,Premium,7212
DEL-BOM,Business,10703
DEL-BLR,Economy,4738
DEL-BLR,Premium,6078
DEL-BLR,Business,17696
BOM-BLR,Economy,3475
BOM-BLR,Premium,9149
BOM-BLR,Business,13206
DEL-HYD,Economy,5569
DEL-HYD,Premium,9013
BLR-HYD,Economy,5018
BLR-HYD,Premium,7859
BLR-HYD,Business,13577
DEL-BOM,Economy,5717
DEL-BOM,Premium,8795
DEL-BOM,Business,19041
DEL-BLR,Economy,4094
DEL-BLR,Business,15605
BOM-BLR,Economy,5344
BOM-BLR,Premium,9004
BOM-BLR,Business,14039
DEL-HYD,Premium,8569
DEL-HYD,Business,13599
BLR-HYD,Economy,5717
BLR-HYD,Premium,8224
BLR-HYD,Business,16373
DEL-BOM,Economy,4123
DEL-BOM,Premium,8362
DEL-BOM,Business,11281
DEL-BLR,Economy,4925
DEL-BLR,Premium,8604
DEL-BLR,Business,14784
BOM-BLR,Economy,5058
BOM-BLR,Premium,6910
BOM-BLR,Business,14507
DEL-HYD,Economy,4235
DEL-HYD,Premium,6954
BLR-HYD,Premium,7597
BLR-HYD,Business,16141
DEL-BOM,Economy,5742
DEL-BOM,Premium,7962
DEL-BOM,Business,19082
DEL-BLR,Economy,4955
DEL-BLR,Premium,8836
DEL-BLR,Business,19511
BOM-BLR,Economy,5846
BOM-BLR,Premium,7796
BOM-BLR,Business,10782
DEL-HYD,Economy,3774
DEL-HYD,Premium,9154
DEL-HYD,Business,12686
BLR-HYD,Economy,3842
BLR-HYD,Premium,6578
BLR-HYD,Business,11683
DEL-BOM,Economy,4877
DEL-BOM,Premium,9849
DEL-BOM,Business,17726
DEL-BLR,Economy,4073
BOM-BLR,Economy,4080
BOM-BLR,Premium,9755
BOM-BLR,Business,18875
DEL-HYD,Economy,3332
DEL-HYD,Premium,8559
DEL-HYD,Business,18998
BLR-HYD,Economy,3888
BLR-HYD,Premium,9231
BLR-HYD,Business,11568
DEL-BOM,Economy,4519
DEL-BOM,Premium,8723
DEL-BOM,Business,17959
DEL-BLR,Economy,5398
DEL-BLR,Premium,6124
DEL-BLR,Business,14593
BOM-BLR,Economy,3052
BOM-BLR,Premium,9696
BOM-BLR,Business,14833
DEL-HYD,Economy,5574
DEL-HYD,Premium,8824
DEL-HYD,Business,18171
BLR-HYD,Economy,4230
BLR-HYD,Business,18722
DEL-BOM,Economy,3022
DEL-BOM,Premium,9787
DEL-BOM,Business,17618
DEL-BLR,Economy,5354
DEL-BLR,Business,15637
BOM-BLR,Economy,3578
BOM-BLR,Premium,7967
BOM-BLR,Business,16283
DEL-HYD,Premium,8447
DEL-HYD,Business,16450
BLR-HYD,Economy,4083
BLR-HYD,Premium,8292
BLR-HYD,Business,18581
DEL-BOM,Economy,5615
DEL-BOM,Premium,7029
DEL-BOM,Business,13550
DEL-BLR,Economy,3823
DEL-BLR,Premium,9222
DEL-BLR,Business,19270
BOM-BLR,Economy,3545
BOM-BLR,Premium,6616
BOM-BLR,Business,10171
DEL-HYD,Economy,3625
DEL-HYD,Business,16827
BLR-HYD,Economy,4225
BLR-HYD,Premium,7982
BLR-HYD,Business,18462
DEL-BOM,Economy,3343
DEL-BOM,Business,18430
DEL-BLR,Economy,3914
DEL-BLR,Premium,7415
DEL-BLR,Business,10085
BOM-BLR,Economy,4736
BOM-BLR,Premium,6131
BOM-BLR,Business,16190
DEL-HYD,Economy,3689
DEL-HYD,Premium,6411
DEL-HYD,Business,19301
BLR-HYD,Economy,3429
BLR-HYD,Premium,6984
BLR-HYD,Business,12996
DEL-BOM,Economy,4811
DEL-BOM,Premium,6922
DEL-BOM,Business,15297
DEL-BLR,Economy,3381
DEL-BLR,Premium,6305
DEL-BLR,Business,17222
BOM-BLR,Economy,3402
BOM-BLR,Premium,9999
BOM-BLR,Business,18934
DEL-HYD,Economy,4978
DEL-HYD,Premium,6868
DEL-HYD,Business,12530
BLR-HYD,Economy,4597
BLR-HYD,Premium,8258
BLR-HYD,Business,19178
DEL-BOM,Premium,9454
DEL-BOM,Business,12975
DEL-BLR,Economy,5628
DEL-BLR,Premium,6491
DEL-BLR,Business,17478
BOM-BLR,Economy,4178
BOM-BLR,Premium,8286
BOM-BLR,Business,16598
DEL-HYD,Economy,3758
DEL-HYD,Premium,8422
DEL-HYD,Business,14029
BLR-HYD,Economy,5866
BLR-HYD,Premium,6700
BLR-HYD,Business,14145
DEL-BOM,Economy,5901
DEL-BOM,Premium,8858
DEL-BOM,Business,19280
DEL-BLR,Economy,4155
DEL-BLR,Premium,9943
DEL-BLR,Business,12025
BOM-BLR,Economy,3987
BOM-BLR,Premium,7439
BOM-BLR,Business,14378
DEL-HYD,Economy,3360
DEL-HYD,Premium,7934
DEL-HYD,Business,19584
BLR-HYD,Economy,3703
BLR-HYD,Premium,7266
BLR-HYD,Business,18493
DEL-BOM,Economy,5850
DEL-BOM,Premium,6316
DEL-BOM,Business,17518
DEL-BLR,Economy,4529
DEL-BLR,Premium,8059
DEL-BLR,Business,13266
BOM-BLR,Economy,4053
BOM-BLR,Premium,8752
BOM-BLR,Business,14091
DEL-HYD,Economy,4498
DEL-HYD,Premium,9037
DEL-HYD,Business,17402
BLR-HYD,Economy,3386
BLR-HYD,Premium,7184
BLR-HYD,Business,18432
DEL-BOM,Economy,4671
DEL-BLR,Economy,5827
DEL-BLR,Premium,8441
DEL-BLR,Business,16359
BOM-BLR,Economy,4496
BOM-BLR,Premium,7601
BOM-BLR,Business,10094
DEL-HYD,Premium,8178
DEL-HYD,Business,18486
BLR-HYD,Economy,3455
BLR-HYD,Premium,9214
BLR-HYD,Business,18070
DEL-BOM,Economy,5057
DEL-BOM,Premium,6400
DEL-BOM,Business,13851
DEL-BLR,Economy,5306
DEL-BLR,Premium,9885
DEL-BLR,Business,18822
BOM-BLR,Economy,3864
BOM-BLR,Premium,9300
BOM-BLR,Business,17121
DEL-HYD,Economy,3216
DEL-HYD,Premium,9041
DEL-HYD,Business,15153
BLR-HYD,Economy,4602
BLR-HYD,Premium,9436
BLR-HYD,Business,11102
DEL-BOM,Economy,4820
DEL-BOM,Premium,9684
DEL-BOM,Business,17707
DEL-BLR,Economy,5785
DEL-BLR,Premium,9775
DEL-BLR,Business,10016
BOM-BLR,Economy,3982
BOM-BLR,Premium,9503
BOM-BLR,Business,19468
DEL-HYD,Economy,3846
DEL-HYD,Premium,8807
DEL-HYD,Business,17180
BLR-HYD,Economy,3803
BLR-HYD,Premium,8103
BLR-HYD,Business,14403
DEL-BOM,Economy,3221
DEL-BOM,Premium,9892
DEL-BOM,Business,10111
DEL-BLR,Economy,4161
DEL-BLR,Premium,7330
DEL-BLR,Business,19748
BOM-BLR,Economy,3496
BOM-BLR,Premium,8773
BOM-BLR,Business,11000
DEL-HYD,Business,18612
BLR-HYD,Economy,5275
BLR-HYD,Premium,7841
BLR-HYD,Business,14522
DEL-BOM,Economy,4967
DEL-BOM,Premium,9603
DEL-BOM,Business,16834
DEL-BLR,Economy,4643
DEL-BLR,Premium,8851
DEL-BLR,Business,15458
BOM-BLR,Economy,4305
BOM-BLR,Premium,8470
BOM-BLR,Business,14622
DEL-HYD,Economy,3177
DEL-HYD,Premium,8670
DEL-HYD,Business,19054
BLR-HYD,Economy,5565
BLR-HYD,Premium,6770
BLR-HYD,Business,17225
DEL-BOM,Economy,4275
DEL-BOM,Premium,7436
DEL-BOM,Business,14251
DEL-BLR,Economy,4113
DEL-BLR,Premium,9566
DEL-BLR,Business,18700
BOM-BLR,Economy,4687
BOM-BLR,Premium,8928
BOM-BLR,Business,15360
DEL-HYD,Economy,3325
DEL-HYD,Premium,8760
DEL-HYD,Business,14364
BLR-HYD,Economy,4220
BLR-HYD,Premium,8845
BLR-HYD,Business,10425
DEL-BOM,Economy,5914
DEL-BOM,Premium,9997
DEL-BOM,Business,11184
DEL-BLR,Economy,5467
DEL-BLR,Business,10135
BOM-BLR,Economy,5757
BOM-BLR,Premium,9531
BOM-BLR,Business,15049
DEL-HYD,Economy,3896
DEL-HYD,Business,10113
BLR-HYD,Economy,4336
BLR-HYD,Premium,6463
DEL-BOM,Economy,4289
DEL-BOM,Premium,8283
DEL-BOM,Business,12427
DEL-BLR,Economy,3613
DEL-BLR,Premium,8866
DEL-BLR,Business,17144
BOM-BLR,Economy,3184
BOM-BLR,Premium,8234
BOM-BLR,Business,10600
DEL-HYD,Economy,3961
DEL-HYD,Premium,8397
DEL-HYD,Business,14488
BLR-HYD,Economy,3701
BLR-HYD,Premium,8379
BLR-HYD,Business,19234
DEL-BOM,Economy,5538
DEL-BOM,Premium,7698
DEL-BOM,Business,12657
DEL-BLR,Economy,3507
DEL-BLR,Premium,6289
DEL-BLR,Business,15962
BOM-BLR,Economy,4400
BOM-BLR,Premium,9787
BOM-BLR,Business,13251
DEL-HYD,Economy,4204
DEL-HYD,Premium,6474
DEL-HYD,Business,14257
BLR-HYD,Economy,3020
BLR-HYD,Premium,6951
BLR-HYD,Business,15952
DEL-BOM,Economy,3850
DEL-BOM,Premium,9669
DEL-BOM,Business,16339
DEL-BLR,Economy,3812
DEL-BLR,Premium,6712
DEL-BLR,Business,18366
BOM-BLR,Economy,4089
BOM-BLR,Premium,7351
BOM-BLR,Business,17322
DEL-HYD,Economy,5555
DEL-HYD,Premium,8702
DEL-HYD,Business,19732
BLR-HYD,Economy,5457
BLR-HYD,Business,13300
DEL-BOM,Economy,5848
DEL-BOM,Premium,8376
DEL-BOM,Business,18262
DEL-BLR,Premium,8009
DEL-BLR,Business,16614
BOM-BLR,Premium,7564
BOM-BLR,Business,16050
DEL-HYD,Economy,3069
DEL-HYD,Premium,7707
DEL-HYD,Business,19025
BLR-HYD,Economy,5260
BLR-HYD,Premium,7852
BLR-HYD,Business,18303
DEL-BOM,Economy,3182
DEL-BOM,Premium,8023
DEL-BOM,Business,10541
DEL-BLR,Economy,4021
DEL-BLR,Business,16189
BOM-BLR,Economy,4420
BOM-BLR,Premium,9487
BOM-BLR,Business,14670
DEL-HYD,Economy,4107
DEL-HYD,Premium,8680
DEL-HYD,Business,10366
BLR-HYD,Economy,4836
BLR-HYD,Premium,6535
BLR-HYD,Business,19916
DEL-BOM,Economy,5264
DEL-BOM,Premium,8079
DEL-BOM,Business,17446
DEL-BLR,Economy,3609
DEL-BLR,Premium,9940
DEL-BLR,Business,10442
BOM-BLR,Economy,3398
BOM-BLR,Premium,9331
BOM-BLR,Business,17638
DEL-HYD,Economy,3339
DEL-HYD,Business,14880
BLR-HYD,Economy,3130
BLR-HYD,Premium,9849
BLR-HYD,Business,19510
DEL-BOM,Economy,4458
DEL-BOM,Premium,8990
DEL-BOM,Business,18852
DEL-BLR,Economy,4403
DEL-BLR,Premium,6785
DEL-BLR,Business,12774
BOM-BLR,Economy,3253
BOM-BLR,Premium,7048
BOM-BLR,Business,10937
DEL-HYD,Economy,5893
DEL-HYD,Premium,8007
DEL-HYD,Business,13743
BLR-HYD,Economy,3518
BLR-HYD,Premium,7065
BLR-HYD,Business,18011
DEL-BOM,Economy,3480
DEL-BOM,Premium,9987
DEL-BOM,Business,13276
DEL-BLR,Economy,4963
DEL-BLR,Premium,7679
DEL-BLR,Business,13317
BOM-BLR,Economy,4673
BOM-BLR,Premium,8394
BOM-BLR,Business,15152
DEL-HYD,Economy,5234
DEL-HYD,Premium,7374
DEL-HYD,Business,16704
BLR-HYD,Premium,6394
BLR-HYD,Business,10968
DEL-BOM,Economy,3668
DEL-BOM,Premium,6222
DEL-BOM,Business,16716
DEL-BLR,Economy,3470
DEL-BLR,Premium,8572
DEL-BLR,Business,11343
BOM-BLR,Economy,3920
BOM-BLR,Premium,7986
BOM-BLR,Business,16311
DEL-HYD,Economy,4774
DEL-HYD,Premium,7010
DEL-HYD,Business,13857
BLR-HYD,Economy,4672
BLR-HYD,Premium,8553
BLR-HYD,Business,19231
DEL-BOM,Economy,3884
DEL-BOM,Premium,9597
DEL-BOM,Business,10458
DEL-BLR,Economy,3625
DEL-BLR,Premium,9598
DEL-BLR,Business,15146
BOM-BLR,Economy,5114
BOM-BLR,Premium,9615
BOM-BLR,Business,14301
DEL-HYD,Economy,3941
DEL-HYD,Business,12926
BLR-HYD,Economy,3834
BLR-HYD,Premium,8504
BLR-HYD,Business,15091
DEL-BOM,Economy,5458
DEL-BOM,Premium,8466
DEL-BOM,Business,18081
DEL-BLR,Economy,4538
DEL-BLR,Business,19650
BOM-BLR,Economy,4250
BOM-BLR,Premium,7853
BOM-BLR,Business,10181
DEL-HYD,Economy,4142
DEL-HYD,Premium,7506
DEL-HYD,Business,14244
BLR-HYD,Economy,5505
BLR-HYD,Premium,8036
BLR-HYD,Business,16168
DEL-BOM,Economy,3713
DEL-BOM,Premium,7211
DEL-BOM,Business,18129
DEL-BLR,Economy,5638
DEL-BLR,Premium,7010
DEL-BLR,Business,18291
BOM-BLR,Economy,5310
BOM-BLR,Premium,7143
BOM-BLR,Business,14682
DEL-HYD,Economy,5237
DEL-HYD,Business,19917
BLR-HYD,Economy,4045
BLR-HYD,Premium,8311
DEL-BOM,Economy,5348
DEL-BOM,Premium,9641
DEL-BOM,Business,17512
DEL-BLR,Economy,5224
DEL-BLR,Premium,6581
DEL-BLR,Business,19190
BOM-BLR,Economy,4742
BOM-BLR,Premium,7393
BOM-BLR,Business,16059
DEL-HYD,Economy,3060
DEL-HYD,Premium,8180
DEL-HYD,Business,15990
BLR-HYD,Economy,4342
BLR-HYD,Premium,7963
BLR-HYD,Business,19603
DEL-BOM,Economy,4533
DEL-BOM,Premium,9120
DEL-BOM,Business,13190
DEL-BLR,Economy,4960
DEL-BLR,Premium,8581
DEL-BLR,Business,17103
BOM-BLR,Economy,5974
BOM-BLR,Premium,8727
BOM-BLR,Business,11104
DEL-HYD,Economy,5540
DEL-HYD,Business,19145
BLR-HYD,Premium,7596
BLR-HYD,Business,13037
DEL-BOM,Economy,5749
DEL-BOM,Premium,8114
DEL-BOM,Business,15616
DEL-BLR,Economy,5768
DEL-BLR,Premium,9036
DEL-BLR,Business,18330
BOM-BLR,Economy,5371
BOM-BLR,Premium,6073
BOM-BLR,Business,11896
DEL-HYD,Economy,5972
DEL-HYD,Premium,6510
DEL-HYD,Business,19150
BLR-HYD,Economy,3064
BLR-HYD,Premium,9741
BLR-HYD,Business,19909
DEL-BOM,Economy,5563
DEL-BOM,Premium,8443
DEL-BOM,Business,18284
DEL-BLR,Economy,5368
DEL-BLR,Premium,7621
DEL-BLR,Business,15054
BOM-BLR,Economy,4413
BOM-BLR,Business,16194
DEL-HYD,Economy,4166
DEL-HYD,Business,16301
BLR-HYD,Economy,3098
BLR-HYD,Premium,6489
BLR-HYD,Business,15338
DEL-BOM,Economy,3452
DEL-BOM,Premium,6430
DEL-BOM,Business,11946
DEL-BLR,Economy,3191
DEL-BLR,Premium,7813
DEL-BLR,Business,17524
BOM-BLR,Economy,5126
BOM-BLR,Premium,7942
DEL-HYD,Economy,3605
DEL-HYD,Premium,7756
DEL-HYD,Business,18107
BLR-HYD,Economy,3347
BLR-HYD,Premium,8078
BLR-HYD,Business,11234
DEL-BOM,Economy,4278
DEL-BOM,Business,10968
DEL-BLR,Economy,3138
DEL-BLR,Premium,8913
DEL-BLR,Business,15257
BOM-BLR,Economy,5951
BOM-BLR,Premium,6403
BOM-BLR,Business,11735
DEL-HYD,Economy,5273
DEL-HYD,Premium,8540
DEL-HYD,Business,18098
BLR-HYD,Economy,5499
BLR-HYD,Premium,9781
BLR-HYD,Business,12025
DEL-BOM,Economy,5446
DEL-BOM,Business,15959
DEL-BLR,Economy,5610
DEL-BLR,Premium,7895
DEL-BLR,Business,10047
BOM-BLR,Economy,5256
BOM-BLR,Premium,8802
BOM-BLR,Business,16155
DEL-HYD,Economy,5990
DEL-HYD,Business,10751
BLR-HYD,Economy,3048
BLR-HYD,Premium,7540
BLR-HYD,Business,18506
DEL-BOM,Premium,9863
DEL-BOM,Business,13800
DEL-BLR,Economy,4775
DEL-BLR,Premium,9815
DEL-BLR,Business,17115
BOM-BLR,Economy,5435
BOM-BLR,Premium,9368
BOM-BLR,Business,19444
DEL-HYD,Economy,5487
DEL-HYD,Premium,6421
DEL-HYD,Business,10019
BLR-HYD,Economy,3381
BLR-HYD,Premium,8285
BLR-HYD,Business,15242
DEL-BOM,Economy,5389
DEL-BOM,Premium,7024
DEL-BOM,Business,16940
DEL-BLR,Economy,3785
DEL-BLR,Business,10129
BOM-BLR,Economy,3275
BOM-BLR,Premium,6054
BOM-BLR,Business,18833
DEL-HYD,Economy,3723
DEL-HYD,Premium,7299
DEL-HYD,Business,19613
BLR-HYD,Economy,3426
BLR-HYD,Premium,9329
BLR-HYD,Business,17082
DEL-BOM,Economy,5941
DEL-BOM,Premium,9741
DEL-BOM,Business,17142
DEL-BLR,Economy,5125
DEL-BLR,Premium,8132
DEL-BLR,Business,15970
BOM-BLR,Premium,8166
BOM-BLR,Business,12755
DEL-HYD,Economy,5732
DEL-HYD,Premium,9811
DEL-HYD,Business,14691
BLR-HYD,Economy,4156
BLR-HYD,Premium,7797
BLR-HYD,Business,19752
DEL-BOM,Economy,3983
DEL-BOM,Premium,7736
DEL-BOM,Business,10394
DEL-BLR,Economy,3522
DEL-BLR,Business,17108
BOM-BLR,Premium,7466
BOM-BLR,Business,14426
DEL-HYD,Economy,4804
DEL-HYD,Business,15855
BLR-HYD,Economy,5290
BLR-HYD,Premium,6631
BLR-HYD,Business,13655
DEL-BOM,Economy,5217
DEL-BOM,Premium,7017
DEL-BOM,Business,19019
DEL-BLR,Economy,5551
DEL-BLR,Premium,9843
DEL-BLR,Business,13680
BOM-BLR,Economy,3789
BOM-BLR,Premium,7543
BOM-BLR,Business,15031
DEL-HYD,Economy,3998
DEL-HYD,Premium,9731
DEL-HYD,Business,13221
BLR-HYD,Economy,3968
BLR-HYD,Premium,8922
BLR-HYD,Business,13819
DEL-BOM,Economy,4757
DEL-BOM,Premium,9287
DEL-BOM,Business,10425
DEL-BLR,Premium,8573
DEL-BLR,Business,18657
BOM-BLR,Premium,8039
BOM-BLR,Business,18172
DEL-HYD,Economy,5798
DEL-HYD,Premium,9708
DEL-HYD,Business,11897
BLR-HYD,Economy,4872
BLR-HYD,Premium,9365
BLR-HYD,Business,19925
DEL-BOM,Economy,4351
DEL-BOM,Premium,8210
DEL-BOM,Business,17660
DEL-BLR,Economy,3238
DEL-BLR,Premium,7557
DEL-BLR,Business,10248
BOM-BLR,Economy,3033
BOM-BLR,Business,16671
DEL-HYD,Economy,4641
DEL-HYD,Premium,9089
DEL-HYD,Business,14671
BLR-HYD,Economy,4165
BLR-HYD,Premium,7104
BLR-HYD,Business,15465
DEL-BOM,Economy,4576
DEL-BOM,Premium,7054
DEL-BLR,Economy,3343
DEL-BLR,Premium,6982
DEL-BLR,Business,10526
BOM-BLR,Economy,3930
BOM-BLR,Premium,9077
BOM-BLR,Business,15469
DEL-HYD,Economy,3965
DEL-HYD,Premium,6622
DEL-HYD,Business,13299
BLR-HYD,Economy,5355
BLR-HYD,Premium,6796
BLR-HYD,Business,18772
DEL-BOM,Economy,4247
DEL-BOM,Premium,7158
DEL-BOM,Business,11210
DEL-BLR,Economy,4308
DEL-BLR,Premium,6497
DEL-BLR,Business,17413
BOM-BLR,Economy,5452
BOM-BLR,Premium,6256
BOM-BLR,Business,10594
DEL-HYD,Economy,3635
DEL-HYD,Premium,7141
DEL-HYD,Business,19856
BLR-HYD,Economy,5730
BLR-HYD,Premium,6528
BLR-HYD,Business,18117
DEL-BOM,Economy,3101
DEL-BOM,Premium,6615
DEL-BOM,Business,19508
DEL-BLR,Economy,3260
DEL-BLR,Premium,6378
DEL-BLR,Business,11007
BOM-BLR,Economy,3109
BOM-BLR,Premium,9243
BOM-BLR,Business,10958
DEL-HYD,Economy,5668
DEL-HYD,Premium,8603
DEL-HYD,Business,19906
BLR-HYD,Economy,5045
BLR-HYD,Premium,8632
BLR-HYD,Business,10112
DEL-BOM,Economy,4926
DEL-BOM,Business,12154
DEL-BLR,Economy,4381
DEL-BLR,Premium,6858
DEL-BLR,Business,13191
BOM-BLR,Economy,4561
BOM-BLR,Premium,8675
BOM-BLR,Business,18066
DEL-HYD,Economy,3246
DEL-HYD,Premium,8523
DEL-HYD,Business,13520
BLR-HYD,Economy,3400
BLR-HYD,Premium,6097
BLR-HYD,Business,18464
DEL-BOM,Economy,4150
DEL-BOM,Premium,7616
DEL-BOM,Business,12671
DEL-BLR,Premium,6514
DEL-BLR,Business,11828
BOM-BLR,Economy,5765
BOM-BLR,Premium,9883
BOM-BLR,Business,19848
DEL-HYD,Economy,4343
DEL-HYD,Business,16626
BLR-HYD,Economy,5666
BLR-HYD,Premium,9886
BLR-HYD,Business,14545
DEL-BOM,Economy,3043
DEL-BOM,Premium,9930
DEL-BOM,Business,11691
DEL-BLR,Economy,4855
DEL-BLR,Premium,6437
DEL-BLR,Business,18677
BOM-BLR,Economy,5507
BOM-BLR,Premium,9086
BOM-BLR,Business,19851
DEL-HYD,Economy,4927
DEL-HYD,Premium,8155
DEL-HYD,Business,18598
BLR-HYD,Economy,3101
BLR-HYD,Premium,6813
BLR-HYD,Business,13262
DEL-BOM,Premium,7280
DEL-BOM,Business,15615
DEL-BLR,Economy,5783
DEL-BLR,Premium,9184
DEL-BLR,Business,13091
BOM-BLR,Economy,4274
BOM-BLR,Premium,9478
DEL-HYD,Economy,4737
DEL-HYD,Premium,6032
DEL-HYD,Business,14073
BLR-HYD,Economy,5636
BLR-HYD,Premium,9791
BLR-HYD,Business,12297
DEL-BOM,Economy,3111
DEL-BOM,Premium,6968
DEL-BOM,Business,13307
DEL-BLR,Economy,5600
DEL-BLR,Premium,9887
DEL-BLR,Business,11054
BOM-BLR,Economy,5154
BOM-BLR,Premium,7621
BOM-BLR,Business,18000
DEL-HYD,Economy,3585
DEL-HYD,Premium,9568
DEL-HYD,Business,13556
BLR-HYD,Economy,5193
BLR-HYD,Premium,6842
BLR-HYD,Business,19092
DEL-BOM,Economy,5494
DEL-BOM,Premium,8981
DEL-BLR,Economy,5626
DEL-BLR,Premium,7390
DEL-BLR,Business,16932
BOM-BLR,Economy,5863
BOM-BLR,Premium,7919
BOM-BLR,Business,19349
DEL-HYD,Premium,9024
BLR-HYD,Economy,4326
BLR-HYD,Premium,6605
BLR-HYD,Business,14443
DEL-BOM,Economy,4357
DEL-BOM,Business,15965
DEL-BLR,Economy,4043
DEL-BLR,Premium,7212
DEL-BLR,Business,10535
BOM-BLR,Economy,5627
BOM-BLR,Premium,9900
BOM-BLR,Business,12246
DEL-HYD,Economy,3076
DEL-HYD,Premium,6505
DEL-HYD,Business,12185
BLR-HYD,Economy,5659
BLR-HYD,Premium,7854
BLR-HYD,Business,17496
DEL-BOM,Economy,5896
DEL-BOM,Premium,9790
DEL-BOM,Business,13325
DEL-BLR,Economy,4241
DEL-BLR,Premium,8628
DEL-BLR,Business,17148
BOM-BLR,Economy,3106
BOM-BLR,Premium,8624
BOM-BLR,Business,17649
DEL-HYD,Economy,4023
DEL-HYD,Premium,8883
BLR-HYD,Economy,4845
BLR-HYD,Premium,7925
BLR-HYD,Business,18198
DEL-BOM,Economy,3825
DEL-BOM,Premium,7627
DEL-BOM,Business,18906
DEL-BLR,Economy,5162
DEL-BLR,Premium,7180
DEL-BLR,Business,19910
BOM-BLR,Economy,4860
BOM-BLR,Premium,6533
BOM-BLR,Business,11244
DEL-HYD,Economy,4200
DEL-HYD,Premium,7933
BLR-HYD,Economy,4088
BLR-HYD,Premium,8512
BLR-HYD,Business,11648
DEL-BOM,Economy,5816
DEL-BOM,Premium,9434
DEL-BOM,Business,19754
DEL-BLR,Economy,5952
DEL-BLR,Premium,6241
DEL-BLR,Business,15129
BOM-BLR,Economy,3753
BOM-BLR,Premium,8834
BOM-BLR,Business,15253
DEL-HYD,Economy,4889
DEL-HYD,Premium,8337
DEL-HYD,Business,16878
BLR-HYD,Economy,3456
BLR-HYD,Premium,9965
BLR-HYD,Business,11146
DEL-BOM,Premium,8439
DEL-BOM,Business,13598
DEL-BLR,Economy,3951
DEL-BLR,Business,10098
BOM-BLR,Premium,7821
BOM-BLR,Business,15578
DEL-HYD,Economy,5865
DEL-HYD,Premium,9066
DEL-HYD,Business,13731
BLR-HYD,Economy,4388
BLR-HYD,Premium,6791
BLR-HYD,Business,18935
DEL-BOM,Economy,5431
DEL-BOM,Premium,9452
DEL-BOM,Business,16775
DEL-BLR,Economy,4065
DEL-BLR,Premium,7335
DEL-BLR,Business,15294
BOM-BLR,Economy,4325
BOM-BLR,Premium,6995
BOM-BLR,Business,13156
DEL-HYD,Economy,4655
DEL-HYD,Premium,6440
DEL-HYD,Business,15112
BLR-HYD,Economy,3808
BLR-HYD,Premium,9493
BLR-HYD,Business,19671
DEL-BOM,Economy,3300
DEL-BOM,Premium,9776
DEL-BOM,Business,11705
DEL-BLR,Economy,4220
DEL-BLR,Premium,7191
DEL-BLR,Business,15168
BOM-BLR,Economy,5897
BOM-BLR,Premium,8906
BOM-BLR,Business,13742
DEL-HYD,Economy,3120
DEL-HYD,Premium,9185
DEL-HYD,Business,12049
BLR-HYD,Economy,4663
BLR-HYD,Premium,6505
BLR-HYD,Business,13513
DEL-BOM,Economy,3513
DEL-BOM,Premium,9335
DEL-BOM,Business,11372
DEL-BLR,Economy,4444
DEL-BLR,Premium,9945
DEL-BLR,Business,13088
BOM-BLR,Economy,4331
BOM-BLR,Premium,6449
DEL-HYD,Economy,3392
DEL-HYD,Premium,7318
DEL-HYD,Business,19182
BLR-HYD,Economy,3027
BLR-HYD,Premium,7360
BLR-HYD,Business,11305
DEL-BOM,Business,17848
DEL-BLR,Economy,5548
DEL-BLR,Premium,6058
DEL-BLR,Business,14313
BOM-BLR,Economy,4837
BOM-BLR,Premium,7671
BOM-BLR,Business,11836
DEL-HYD,Economy,4905
DEL-HYD,Premium,9618
DEL-HYD,Business,17101
BLR-HYD,Economy,3647
BLR-HYD,Premium,8190
BLR-HYD,Business,18219
DEL-BOM,Premium,9653
DEL-BOM,Business,14999
DEL-BLR,Economy,3836
DEL-BLR,Premium,7431
DEL-BLR,Business,18396
BOM-BLR,Economy,4176
BOM-BLR,Premium,9736
BOM-BLR,Business,19282
DEL-HYD,Economy,4839
DEL-HYD,Premium,6066
DEL-HYD,Business,19005
BLR-HYD,Economy,5239
BLR-HYD,Premium,8993
BLR-HYD,Business,10771
DEL-BOM,Economy,4669
DEL-BOM,Premium,7151
DEL-BOM,Business,16303
DEL-BLR,Economy,5972
DEL-BLR,Premium,6422
DEL-BLR,Business,13805
BOM-BLR,Economy,3097
BOM-BLR,Premium,7051
DEL-HYD,Economy,5223
DEL-HYD,Premium,8034
DEL-HYD,Business,17485
BLR-HYD,Economy,3739
BLR-HYD,Premium,9460
BLR-HYD,Business,17444
DEL-BOM,Economy,3505
DEL-BOM,Premium,7720
DEL-BOM,Business,12066
DEL-BLR,Economy,3450
DEL-BLR,Premium,6736
DEL-BLR,Business,15435
BOM-BLR,Economy,5002
BOM-BLR,Business,10116
DEL-HYD,Economy,5411
DEL-HYD,Premium,7798
DEL-HYD,Business,11586
BLR-HYD,Economy,5703
BLR-HYD,Premium,9879
BLR-HYD,Business,15527
DEL-BOM,Economy,4518
DEL-BOM,Business,14930
DEL-BLR,Economy,3907
DEL-BLR,Premium,9189
DEL-BLR,Business,19308
BOM-BLR,Economy,3860
BOM-BLR,Premium,9685
BOM-BLR,Business,17310
DEL-HYD,Economy,5324
DEL-HYD,Premium,8703
DEL-HYD,Business,18148
BLR-HYD,Economy,3475
BLR-HYD,Premium,6999
BLR-HYD,Business,15557
DEL-BOM,Economy,4256
DEL-BOM,Business,16895
DEL-BLR,Economy,5990
DEL-BLR,Premium,9795
DEL-BLR,Business,11162
BOM-BLR,Economy,3846
BOM-BLR,Premium,9283
BOM-BLR,Business,18210
DEL-HYD,Economy,3471
DEL-HYD,Premium,6944
DEL-HYD,Business,16172
BLR-HYD,Premium,7542
BLR-HYD,Business,17354
DEL-BOM,Economy,5529
DEL-BOM,Premium,7892
DEL-BOM,Business,15617
DEL-BLR,Business,15921
BOM-BLR,Economy,3294
BOM-BLR,Premium,9449
BOM-BLR,Business,19678
DEL-HYD,Economy,3768
DEL-HYD,Premium,8381
DEL-HYD,Business,14356
BLR-HYD,Economy,4316
BLR-HYD,Premium,9525
BLR-HYD,Business,18654
DEL-BOM,Economy,3584
DEL-BOM,Premium,9309
DEL-BOM,Business,12106
DEL-BLR,Economy,3703
DEL-BLR,Premium,8906
DEL-BLR,Business,12348
BOM-BLR,Economy,5147
BOM-BLR,Premium,7935
BOM-BLR,Business,18764
DEL-HYD,Economy,3178
DEL-HYD,Premium,9241
DEL-HYD,Business,14142
BLR-HYD,Economy,3407
BLR-HYD,Premium,7502
BLR-HYD,Business,14358
DEL-BOM,Economy,5213
DEL-BOM,Premium,6795
DEL-BOM,Business,13570
DEL-BLR,Economy,3042
DEL-BLR,Premium,7789
DEL-BLR,Business,12134
BOM-BLR,Economy,5536
BOM-BLR,Premium,6517
BOM-BLR,Business,16278
DEL-HYD,Economy,3003
DEL-HYD,Premium,9136
DEL-HYD,Business,15392
BLR-HYD,Economy,3802
BLR-HYD,Premium,7169
BLR-HYD,Business,19174
DEL-BOM,Economy,4434
DEL-BOM,Business,17279
DEL-BLR,Economy,3411
DEL-BLR,Premium,9697
DEL-BLR,Business,19549
BOM-BLR,Economy,4391
BOM-BLR,Premium,9759
BOM-BLR,Business,10399
DEL-HYD,Economy,5233
DEL-HYD,Premium,6236
DEL-HYD,Business,16051
BLR-HYD,Premium,9950
DEL-BOM,Economy,5459
DEL-BOM,Business,15999
DEL-BLR,Economy,5520
DEL-BLR,Premium,8507
DEL-BLR,Business,11094
BOM-BLR,Economy,4220
BOM-BLR,Premium,7458
BOM-BLR,Business,11354
DEL-HYD,Economy,4144
DEL-HYD,Premium,8848
DEL-HYD,Business,16930
BLR-HYD,Economy,4732
BLR-HYD,Premium,9706
BLR-HYD,Business,14868
DEL-BOM,Economy,4151
DEL-BOM,Premium,8190
DEL-BOM,Business,19524
DEL-BLR,Economy,5048
DEL-BLR,Premium,8018
DEL-BLR,Business,11438
BOM-BLR,Premium,8312
DEL-HYD,Premium,6416
BLR-HYD,Economy,5024
BLR-HYD,Premium,6412
BLR-HYD,Business,14353
DEL-BOM,Economy,4279
DEL-BOM,Premium,8237
DEL-BOM,Business,12675
DEL-BLR,Economy,4250
DEL-BLR,Premium,6637
DEL-BLR,Business,14757
BOM-BLR,Economy,5465
BOM-BLR,Premium,8697
BOM-BLR,Business,19835
DEL-HYD,Economy,5718
DEL-HYD,Premium,6271
DEL-HYD,Business,15985
BLR-HYD,Economy,5282
BLR-HYD,Premium,7105
BLR-HYD,Business,15985
DEL-BOM,Economy,4804
DEL-BOM,Premium,8700
DEL-BOM,Business,11258
DEL-BLR,Economy,5866
DEL-BLR,Premium,6126
DEL-BLR,Business,14392
BOM-BLR,Economy,3041
BOM-BLR,Business,19923
DEL-HYD,Economy,4842
DEL-HYD,Premium,9490
DEL-HYD,Business,14328
BLR-HYD,Business,10724
DEL-BOM,Economy,3711
DEL-BOM,Business,18116
DEL-BLR,Premium,8754
DEL-BLR,Business,16773
BOM-BLR,Business,19931
DEL-HYD,Economy,3660
DEL-HYD,Premium,8725
DEL-HYD,Business,15642
BLR-HYD,Economy,3670
BLR-HYD,Premium,6429
BLR-HYD,Business,11746
DEL-BOM,Economy,5620
DEL-BOM,Premium,9906
DEL-BOM,Business,12500
DEL-BLR,Economy,3850
DEL-BLR,Business,13873
BOM-BLR,Economy,4120
BOM-BLR,Business,16030
DEL-HYD,Economy,5796
DEL-HYD,Premium,9576
DEL-HYD,Business,14373
BLR-HYD,Economy,3749
BLR-HYD,Premium,8609
BLR-HYD,Business,16203
DEL-BOM,Premium,7210
DEL-BOM,Business,11846
DEL-BLR,Economy,5496
DEL-BLR,Premium,8177
DEL-BLR,Business,11744
BOM-BLR,Economy,5995
BOM-BLR,Premium,9282
BOM-BLR,Business,14779
DEL-HYD,Economy,5627
DEL-HYD,Premium,7627
DEL-HYD,Business,19127
BLR-HYD,Economy,4714
BLR-HYD,Premium,9547
BLR-HYD,Business,12305
DEL-BOM,Economy,3389
DEL-BOM,Premium,6682
DEL-BOM,Business,10027
DEL-BLR,Economy,5327
DEL-BLR,Premium,7068
DEL-BLR,Business,19514
BOM-BLR,Economy,4647
BOM-BLR,Premium,9801
BOM-BLR,Business,10899
DEL-HYD,Economy,4744
DEL-HYD,Premium,8375
DEL-HYD,Business,18149
BLR-HYD,Economy,3605
BLR-HYD,Premium,9205
BLR-HYD,Business,14901
DEL-BOM,Economy,3948
DEL-BOM,Premium,9250
DEL-BLR,Economy,5401
DEL-BLR,Premium,9348
DEL-BLR,Business,12369
BOM-BLR,Economy,4066
BOM-BLR,Premium,6887
BOM-BLR,Business,10419
DEL-HYD,Economy,5614
DEL-HYD,Premium,8124
DEL-HYD,Business,11208
BLR-HYD,Economy,4331
BLR-HYD,Premium,9448
BLR-HYD,Business,13543
DEL-BOM,Economy,3419
DEL-BOM,Premium,7766
DEL-BOM,Business,11194
DEL-BLR,Economy,3810
DEL-BLR,Premium,9680
DEL-BLR,Business,14624
BOM-BLR,Economy,3277
BOM-BLR,Premium,6579
BOM-BLR,Business,16141
DEL-HYD,Economy,4873
DEL-HYD,Premium,6941
DEL-HYD,Business,12451
BLR-HYD,Economy,4866
BLR-HYD,Premium,7520
BLR-HYD,Business,14089
DEL-BOM,Economy,5472
DEL-BOM,Premium,6154
DEL-BOM,Business,18703
DEL-BLR,Economy,5313
DEL-BLR,Premium,7283
DEL-BLR,Business,13400
BOM-BLR,Economy,4223
BOM-BLR,Premium,7350
BOM-BLR,Business,15177
DEL-HYD,Economy,3476
DEL-HYD,Premium,9915
DEL-HYD,Business,11432
BLR-HYD,Economy,3239
BLR-HYD,Premium,8162
BLR-HYD,Business,11168
DEL-BOM,Economy,5713
DEL-BOM,Premium,8428
DEL-BOM,Business,19613
DEL-BLR,Economy,5807
DEL-BLR,Business,10599
BOM-BLR,Economy,5512
BOM-BLR,Premium,6686
BOM-BLR,Business,17023
DEL-HYD,Economy,5112
DEL-HYD,Premium,9380
DEL-HYD,Business,19745
BLR-HYD,Economy,5689
BLR-HYD,Premium,8249
BLR-HYD,Business,11608
DEL-BOM,Economy,4041
DEL-BOM,Premium,6339
DEL-BOM,Business,14169
DEL-BLR,Economy,5163
DEL-BLR,Premium,7245
DEL-BLR,Business,12711
BOM-BLR,Economy,3990
BOM-BLR,Premium,7406
BOM-BLR,Business,15024
DEL-HYD,Premium,8451
DEL-HYD,Business,16577
BLR-HYD,Economy,3163
BLR-HYD,Premium,8065
BLR-HYD,Business,18103
DEL-BOM,Economy,4348
DEL-BOM,Premium,9922
DEL-BLR,Economy,4070
DEL-BLR,Premium,6994
DEL-BLR,Business,14767
BOM-BLR,Economy,3095
BOM-BLR,Premium,7949
BOM-BLR,Business,14874
DEL-HYD,Economy,3548
DEL-HYD,Business,18535
BLR-HYD,Economy,5058
BLR-HYD,Premium,9285
BLR-HYD,Business,19979
DEL-BOM,Economy,5156
DEL-BOM,Business,17356
DEL-BLR,Economy,5112
DEL-BLR,Premium,7524
DEL-BLR,Business,16171
BOM-BLR,Economy,5110
BOM-BLR,Business,17257
DEL-HYD,Economy,4778
DEL-HYD,Premium,9433
DEL-HYD,Business,13947
BLR-HYD,Economy,3818
BLR-HYD,Premium,6577
BLR-HYD,Business,13176
DEL-BOM,Economy,3722
DEL-BOM,Premium,9569
DEL-BOM,Business,11533
DEL-BLR,Economy,4020
DEL-BLR,Premium,9303
DEL-BLR,Business,17877
BOM-BLR,Economy,4502
BOM-BLR,Premium,6915
BOM-BLR,Business,15447
DEL-HYD,Economy,3584
DEL-HYD,Premium,9855
DEL-HYD,Business,11892
BLR-HYD,Economy,5429
BLR-HYD,Premium,8519
BLR-HYD,Business,15689
DEL-BOM,Premium,9214
DEL-BOM,Business,17903
DEL-BLR,Economy,5739
DEL-BLR,Premium,9368
DEL-BLR,Business,12599
BOM-BLR,Business,15380
DEL-HYD,Premium,6655
DEL-HYD,Business,12846
BLR-HYD,Economy,5526
BLR-HYD,Premium,7341
BLR-HYD,Business,17056
DEL-BOM,Economy,5736
DEL-BOM,Premium,9185
DEL-BOM,Business,15442
DEL-BLR,Premium,9236
DEL-BLR,Business,14723
BOM-BLR,Economy,4548
BOM-BLR,Premium,7876
BOM-BLR,Business,13375
DEL-HYD,Economy,5750
DEL-HYD,Premium,6895
DEL-HYD,Business,12182
BLR-HYD,Economy,4583
BLR-HYD,Premium,7522
BLR-HYD,Business,14887
DEL-BOM,Economy,5048
DEL-BOM,Premium,8313
DEL-BOM,Business,15078
DEL-BLR,Economy,5775
DEL-BLR,Business,18401
BOM-BLR,Premium,6877
BOM-BLR,Business,12523
DEL-HYD,Premium,8449
DEL-HYD,Business,15333
BLR-HYD,Economy,3223
BLR-HYD,Business,16518
DEL-BOM,Economy,3610
DEL-BOM,Premium,6916
DEL-BOM,Business,12146
DEL-BLR,Economy,3440
DEL-BLR,Premium,6767
DEL-BLR,Business,13894
BOM-BLR,Economy,4271
BOM-BLR,Premium,7083
BOM-BLR,Business,19355
DEL-HYD,Economy,4351
DEL-HYD,Premium,8210
DEL-HYD,Business,10189
BLR-HYD,Economy,3295
BLR-HYD,Premium,8907
DEL-BOM,Economy,3127
DEL-BOM,Premium,8395
DEL-BOM,Business,13513
DEL-BLR,Economy,4714
DEL-BLR,Premium,8247
DEL-BLR,Business,11548
BOM-BLR,Economy,5333
BOM-BLR,Premium,7006
BOM-BLR,Business,17210
DEL-HYD,Economy,3526
DEL-HYD,Premium,8786
DEL-HYD,Business,19059
BLR-HYD,Economy,5130
BLR-HYD,Premium,8299
BLR-HYD,Business,17873
DEL-BOM,Economy,4955
DEL-BOM,Business,16549
DEL-BLR,Economy,3227
DEL-BLR,Premium,6877
DEL-BLR,Business,11986
BOM-BLR,Economy,4607
BOM-BLR,Premium,6305
BOM-BLR,Business,12121
DEL-HYD,Economy,4608
DEL-HYD,Premium,9000
DEL-HYD,Business,18645
BLR-HYD,Economy,3618
BLR-HYD,Premium,9036
BLR-HYD,Business,17265
DEL-BOM,Economy,4071
DEL-BOM,Premium,9556
DEL-BOM,Business,13094
DEL-BLR,Economy,3962
DEL-BLR,Premium,6372
DEL-BLR,Business,19796
BOM-BLR,Premium,8897
DEL-HYD,Economy,3131
DEL-HYD,Premium,8420
DEL-HYD,Business,10807
BLR-HYD,Economy,4181
BLR-HYD,Premium,7934
BLR-HYD,Business,10079
DEL-BOM,Economy,5966
DEL-BOM,Premium,6218
DEL-BOM,Business,10140
DEL-BLR,Economy,4630
DEL-BLR,Premium,9725
DEL-BLR,Business,12552
BOM-BLR,Economy,4537
BOM-BLR,Premium,9025
BOM-BLR,Business,14807
DEL-HYD,Economy,4537
DEL-HYD,Premium,9920
DEL-HYD,Business,17738
BLR-HYD,Economy,3332
BLR-HYD,Premium,7565
BLR-HYD,Business,11158
DEL-BOM,Economy,3534
DEL-BOM,Premium,9008
DEL-BOM,Business,19644
DEL-BLR,Economy,4039
DEL-BLR,Premium,9466
DEL-BLR,Business,17271
BOM-BLR,Economy,3166
BOM-BLR,Premium,8930
BOM-BLR,Business,19743
DEL-HYD,Economy,3560
DEL-HYD,Premium,6311
DEL-HYD,Business,16728
BLR-HYD,Premium,6118
BLR-HYD,Business,10586
DEL-BOM,Economy,4529
DEL-BOM,Premium,7870
DEL-BOM,Business,16276
DEL-BLR,Premium,7770
DEL-BLR,Business,11479
BOM-BLR,Economy,3370
BOM-BLR,Premium,6230
BOM-BLR,Business,16421
DEL-HYD,Economy,5100
DEL-HYD,Premium,8205
DEL-HYD,Business,17188
BLR-HYD,Economy,5808
BLR-HYD,Premium,9913
